instruction,input,reasoning,answer,dataset,task_type
Read the question and supporting facts carefully. Reason about the information and answer with Yes or No.,Is Mixed martial arts totally original from Roman Colosseum games?,"Mixed Martial arts in the UFC takes place in an enclosed structure called The Octagon. The Roman Colosseum games were fought in enclosed arenas where combatants would fight until the last man was standing. Mixed martial arts contests are stopped when one of the combatants is incapacitated. The Roman Colosseum was performed in front of crowds that numbered in the tens of thousands. Over 56,000 people attended UFC 193.",No,StrategyQA,commonsense_reasoning
Read the question and supporting facts carefully. Reason about the information and answer with Yes or No.,Is the cuisine of Hawaii suitable for a vegan?," Per capita, Hawaiians are the second largest consumers of Spam in the world, right behind Guam. Kalua pig is another famous cuisine of Hawaii. Fish and seafood are also very common in Hawaii.",No,StrategyQA,commonsense_reasoning
Read the question and supporting facts carefully. Reason about the information and answer with Yes or No.,Is capturing giant squid in natural habitat impossible with no gear?,"Giant squids live between 1,000 and 3,800 feet in the ocean. With a dry dive suit, a scuba tank, gloves, and so on, divers can reach depths of around 1000 feet. Without scuba gear people can safely dive a maximum of 60 feet without feeling the negative risks associated with diving beyond the limit.",Yes,StrategyQA,commonsense_reasoning
Read the question and supporting facts carefully. Reason about the information and answer with Yes or No.,Did the Royal Air Force fight in the Boxer Rebellion?,The Boxer Rebellion took place from 1899–1901 The Royal Air Force was formed on 1 April 1918,No,StrategyQA,commonsense_reasoning
Read the question and supporting facts carefully. Reason about the information and answer with Yes or No.,Would someone in Mumbai refer to Solanum melongena as an eggplant?,Mumbia is a city in India. India is a country located in South Asia. In South Asia the Solanum melongena plant is referred to as a brinjal.,No,StrategyQA,commonsense_reasoning
Read the question and supporting facts carefully. Reason about the information and answer with Yes or No.,Do flying fish have good eyesight?,"Flying fish  are commonly found in the epipelagic zone, the top layer of the ocean to a depth of about 200 m (656 ft).  The epipelagic zone is the illuminated zone at the surface of the sea where enough light is available for photosynthesis.  Good eyesight is a necessary survival trait for animals living in well-lit areas.",Yes,StrategyQA,commonsense_reasoning
Read the question and supporting facts carefully. Reason about the information and answer with Yes or No.,"If someone is a vegan, would they eat honey?","Veganism is a type of diet that excludes all animal products, including those that are byproducts.  Honey is considered an animal byproduct. ",No,StrategyQA,commonsense_reasoning
Read the question and supporting facts carefully. Reason about the information and answer with Yes or No.,Can the Great Depression be treated with Prozac?,Prozac is a pharmaceutical antidepressant for treatment of psychological disorders The Great Depression was an economic phenomenon occurring in the early 20th century,No,StrategyQA,commonsense_reasoning
Read the question and supporting facts carefully. Reason about the information and answer with Yes or No.,Does Santa Claus work during summer?,Christmas is in winter. Santa works on Christmas.,No,StrategyQA,commonsense_reasoning
Read the question and supporting facts carefully. Reason about the information and answer with Yes or No.,Has categories of Nobel prizes remained same since Alfred Nobel established them?,"Alfred Nobel established the Nobel prize in his will in 1895. Alfred Nobel established 5 Nobel prize categories: Chemistry, Literature, Peace, Physics, and Physiology or Medicine. The Nobel prize evolved to include a sixth category of Economic Sciences in 1968.",No,StrategyQA,commonsense_reasoning
Read the question and supporting facts carefully. Reason about the information and answer with Yes or No.,Does a Starbucks passion tea have ginger in it?,"Starbucks Passion tea features cinnamon, apple, licorice root, and lemongrass flavors. Ginger is a spicy flavored plant. Starbucks Passion tea is a sweet drink.",No,StrategyQA,commonsense_reasoning
Read the question and supporting facts carefully. Reason about the information and answer with Yes or No.,Would Kurt Cobain have benefited from Project Semicolon?,"Project Semicolon is an American nonprofit organization known for its advocacy of mental health wellness and its focus as an anti-suicide initiative. During the last years of his life, Cobain struggled with heroin addiction and chronic health problems such as depression. Cobain died at the age of 27 from apparent suicide by gunshot.",Yes,StrategyQA,commonsense_reasoning
Read the question and supporting facts carefully. Reason about the information and answer with Yes or No.,Could you buy Hershey's Kisses in red foil with farthings after 1960?,"The British farthing was made obsolete at the end of 1960 In 1962, Hershey's Kisses began to be sold in colored wrappers (such as red foil)",No,StrategyQA,commonsense_reasoning
Read the question and supporting facts carefully. Reason about the information and answer with Yes or No.,Is electricity necessary to balance an account in Microsoft Excel?,Microsoft Excel is a computer program Computers require a power source,Yes,StrategyQA,commonsense_reasoning
Read the question and supporting facts carefully. Reason about the information and answer with Yes or No.,Is a pound sterling valuable?,A pound sterling is fiat money. Fiat money is backed by government decree and has no intrinsic value. One pound sterling is worth about 1.24 US dollars by May of 2020.,No,StrategyQA,commonsense_reasoning
Read the question and supporting facts carefully. Reason about the information and answer with Yes or No.,Can an African Elephant get pregnant twice in a year?,There are 365 days in one year. It takes around 645 days for an African Elephant to give birth to one baby elephant.,No,StrategyQA,commonsense_reasoning
Read the question and supporting facts carefully. Reason about the information and answer with Yes or No.,Would the host of The Colbert Report be likely to vote for Trump?,The host of the Colbert report is Stephen Colbert. Stephen Colbert has spoken against Donald Trump multiple times on various platforms.,No,StrategyQA,commonsense_reasoning
Read the question and supporting facts carefully. Reason about the information and answer with Yes or No.,Does Coast to Coast AM have more longevity than the Rush Limbaugh show?,"As of 2020, The Rush Limbaugh Show has been on the airwaves since 1988. As of 2020, Coast to Coast AM has been on the airwaves since 1984.",Yes,StrategyQA,commonsense_reasoning
Read the question and supporting facts carefully. Reason about the information and answer with Yes or No.,Is the foot part of the metric system?,The metric system measures distance based on the meter unit. The foot is part of the American standard system of measurement.,No,StrategyQA,commonsense_reasoning
Read the question and supporting facts carefully. Reason about the information and answer with Yes or No.,"In baseball, is a ""Homer"" named after the poet Homer who wrote the Odyssey?","Homer is a famous poet who wrote the epic poem the Odyssey. The Odyssey is about a character Odysseus on an epic journey home after the fall of Troy. In baseball a trip around all the bases is called a Home Run. ""Homer"" is a shortened name for Home Run.",No,StrategyQA,commonsense_reasoning
Read the question and supporting facts carefully. Reason about the information and answer with Yes or No.,Could Casio's first invention be worn around the ankle?,Casio's first invention was the yubiwa pipe. The yubiwa pipe was a ring worn that held a cigarette in place worn on the finger. Ankles are several inches thicker than fingers.,No,StrategyQA,commonsense_reasoning
Read the question and supporting facts carefully. Reason about the information and answer with Yes or No.,Did Richard III know his grandson?,"Richard III died in battle at age 32. He had only one son, who died during childhood, and therefore had no grandchildren. Even if he did have grandchildren, he would have been dead long before they were born based on his age at death.",No,StrategyQA,commonsense_reasoning
Read the question and supporting facts carefully. Reason about the information and answer with Yes or No.,Would a Fakir be surprised if they saw a comma in their religious book?,A Fakir is a Muslim Sufi holy man or woman that lives a simple life. The holy book for Muslims is the Quran. The comma is a punctuation mark in modern language. The Quran does not use any forms of modern punctuation.,Yes,StrategyQA,commonsense_reasoning
Read the question and supporting facts carefully. Reason about the information and answer with Yes or No.,Is the name of a mythical creature also the name of a Small Solar System body?,A centaur is a kind of Small Solar System body with characteristics of both asteroids and comets. A centaur is also a mythical creature that has the body of a horse and the head of a man.,Yes,StrategyQA,commonsense_reasoning
Read the question and supporting facts carefully. Reason about the information and answer with Yes or No.,Can Kit & Kaboodle hypothetically help someone past the Underworld gates?,The Underworld is guarded by a beast known as Cerberus. Cerberus is a three-headed dog. Cerberus eats the raw flesh of anyone that tries to escape the Underworld. Kit & Kaboodle is a brand of cat food. ,No,StrategyQA,commonsense_reasoning
Read the question and supporting facts carefully. Reason about the information and answer with Yes or No.,Was Walt Disney able to email his illustrations to people living far away?,Walt Disney died in 1966 Modern email came into existence in 1971,No,StrategyQA,commonsense_reasoning
Read the question and supporting facts carefully. Reason about the information and answer with Yes or No.,Is a felony jury enough people for a Bunco game?,Felonies and other serious crimes have a jury of 12 people. Bunco is a parlour game requiring 12 or more players.,Yes,StrategyQA,commonsense_reasoning
Read the question and supporting facts carefully. Reason about the information and answer with Yes or No.,Could Godzilla have been killed by the Tohoku earthquake?,The Tohoku earthquake led to the Fukushima Daiichi nuclear power plant meltdown Nuclear meltdowns lead to a release of deadly levels of radiation Godzilla draws power from radiation and is not hurt by it,No,StrategyQA,commonsense_reasoning
Read the question and supporting facts carefully. Reason about the information and answer with Yes or No.,Is Alan Alda old enough to have fought in the Vietnam War?,"Alan Alda was born in 1936. The Vietnam War was from 1955 to 1975, with American involvement from 1965 to 1973. American soldiers must be at least 18 years old. Alan Alda was 29 in 1965.",Yes,StrategyQA,commonsense_reasoning
Read the question and supporting facts carefully. Reason about the information and answer with Yes or No.,Does acupuncture cause pain in many people?,Acupuncture doesn't usually feel painful for most people. The needles used in acupuncture are very thin and do not go very deep into the skin.,No,StrategyQA,commonsense_reasoning
Read the question and supporting facts carefully. Reason about the information and answer with Yes or No.,Is Newt Gingrich's nickname a type of Reptile?,"Newt Gingrich was born Newton Leroy Gingrich and goes by the nickname Newt. A newt is a type of Amphibian with smooth, sticky skin.. Reptiles have dry and hard skin.",No,StrategyQA,commonsense_reasoning
Read the question and supporting facts carefully. Reason about the information and answer with Yes or No.,Can people die from brake failure?,"Brake failure is the inability of brakes to function. When vehicles experience brake failure, they cannot be stopped safely, which results in a crash. People die in vehicular crashes.",Yes,StrategyQA,commonsense_reasoning
Read the question and supporting facts carefully. Reason about the information and answer with Yes or No.,Is Europa linked to Viennese waltzes?,Europa is a moon of Jupiter Europa played an important role in Stanley Kubrick's film 2001: A Space Odyssey The soundtrack to 2001: A Space Odyssey prominently featured The Blue Danube The Blue Danube is a famous Viennese waltz composed by Johan Strauss II,Yes,StrategyQA,commonsense_reasoning
Read the question and supporting facts carefully. Reason about the information and answer with Yes or No.,Would a Dolce & Gabbana suit wearer be shunned by their Amish cousins?,"Dolce & Gabbana is an Italian luxury fashion design company. The Amish, who value plain clothes, frown upon buttons and have banned velcro and zippers The Two Tone Dolce & Gabbana suit has several buttons. The Amish cease interactions with sinners by avoiding, or shunning them.",Yes,StrategyQA,commonsense_reasoning
Read the question and supporting facts carefully. Reason about the information and answer with Yes or No.,Could the members of The Police perform lawful arrests?,"The members of The Police were musicians, not law enforcement officers. Only law enforcement officers can perform lawful arrests.",No,StrategyQA,commonsense_reasoning
Read the question and supporting facts carefully. Reason about the information and answer with Yes or No.,Will twenty pea pods contents cover entire chess board?,Pea pods on average have 5 to 6 peas inside. A standard chess board has 64 squares.,Yes,StrategyQA,commonsense_reasoning
Read the question and supporting facts carefully. Reason about the information and answer with Yes or No.,Would it be hard to get toilet paper if there were no loggers?,Logging produces products such as pulp. Pulp is used to make paper products such as toilet paper.,Yes,StrategyQA,commonsense_reasoning
Read the question and supporting facts carefully. Reason about the information and answer with Yes or No.,Did Linnaeus edit Darwin's draft of Origin of Species?,Linnaeus died in 1778 Origin of Species was published in 1859,No,StrategyQA,commonsense_reasoning
Read the question and supporting facts carefully. Reason about the information and answer with Yes or No.,Did Disney's second film rip off a prophet story?,"Disney's second film, Pinocchio, was released in 1940. The biblical prophet Jonah was swallowed by a whale. In Pinocchio, Gepetto is swallowed by a giant whale while searching for Pinocchio.",Yes,StrategyQA,commonsense_reasoning
Read the question and supporting facts carefully. Reason about the information and answer with Yes or No.,Is Rurouni Kenshin from same country as lead character in Nobunaga's Ambition?,Rurouni Kenshin is a manga series that comes from Japan. Nobunaga's Ambition is a video game series based on the experiences of Oda Nobunaga. Oda Nobunaga was a Japanese feudal lord.,Yes,StrategyQA,commonsense_reasoning
Read the question and supporting facts carefully. Reason about the information and answer with Yes or No.,Is the Gujarati script the same category of script as Kanji?,Gujarati script is an abugida script Kanji is an adopted logographic script ,No,StrategyQA,commonsense_reasoning
Read the question and supporting facts carefully. Reason about the information and answer with Yes or No.,Would a broadcast from Spirit make the news in 2020?,"In 2010, the Spirit rover sent what is recorded as its final transmission. In 2019, another rover made the news with its viral ""final words""",Yes,StrategyQA,commonsense_reasoning
Read the question and supporting facts carefully. Reason about the information and answer with Yes or No.,Was Saudi Aramco started due to an assassination?,Saudi Aramco was formed in response to oil shortages during World War I The origins of World War I can be traced to the assassination of Archduke Franz Ferdinand in Sarajevo,Yes,StrategyQA,commonsense_reasoning
Read the question and supporting facts carefully. Reason about the information and answer with Yes or No.,Is the span in C-SPAN named after Alan Greenspan?,Alan Greenspan was chairman of the Federal Reserve from 1987 to 2006. CSPAN is a cable news network that was created in 1979. Alan Greenspan was relatively unknown to the world at large in 1979.,No,StrategyQA,commonsense_reasoning
Read the question and supporting facts carefully. Reason about the information and answer with Yes or No.,"Is ""A Tale of Two Cities"" a parody of the Bible?","""A Tale of Two Cities"" is an original work by Charles Dickens. The Bible is a religious text written down in the early centuries AD. A parody is a deriative work intended to make fun of another piece of media. ",No,StrategyQA,commonsense_reasoning
Read the question and supporting facts carefully. Reason about the information and answer with Yes or No.,Was disc jockey Jay Thomas enemies with Clayton Moore?,Jay Thomas was a radio disc jockey and Emmy winning actor.  Clayton Moore played the Lone Ranger. Jay Thomas was a yearly recurring guest on the Dave Letterman Show every Christmas. Jay Thomas told his Lone Ranger Story every year about a funny encounter he had with Clayton Moore.,No,StrategyQA,commonsense_reasoning
Read the question and supporting facts carefully. Reason about the information and answer with Yes or No.,Is the Flying Spaghetti Monster part of an ancient pantheon?,Ancient polytheistic religions are generally no longer popular in Western culture. The Church of the Flying Spaghetti Monster was established in 2006 after the creation of the FSM itself in 2005.,No,StrategyQA,commonsense_reasoning
Read the question and supporting facts carefully. Reason about the information and answer with Yes or No.,Are lengths measured in metres in the UK?,Metres are part of the metric system. The UK uses the metric system for measurements.,Yes,StrategyQA,commonsense_reasoning
Read the question and supporting facts carefully. Reason about the information and answer with Yes or No.,Would a Germaphobia be able to participate in Judo?,"Germaphobia is a term used by psychologists to describe a pathological fear of germs, bacteria, microbes, contamination and infection. If you’re training Judo, you will also find yourself getting into close proximity to the people you are training with, and rolling around on matted floors too.  Additionally, you will sweat and roll around on a shared mat when practicing judo.",No,StrategyQA,commonsense_reasoning
Read the question and supporting facts carefully. Reason about the information and answer with Yes or No.,Could Eddie Hall hypothetically deadlift the world's largest cheeseburger?,"The largest cheeseburger ever made weighed 2,014 pounds. Eddie Hall is the former world record deadlift holder, lifting 1,102 pounds under strongman rules.",No,StrategyQA,commonsense_reasoning
Read the question and supporting facts carefully. Reason about the information and answer with Yes or No.,Can preventive healthcare reduce STI transmission?,Preventive healthcare includes screenings for STI/STD's.  Increases in testing for STI's allow for citizens to protect themselves from infection and contain outbreaks.,Yes,StrategyQA,commonsense_reasoning
Read the question and supporting facts carefully. Reason about the information and answer with Yes or No.,Do German Shepherds worry about the Abitur?,"The Abitur is a qualification granted by university-preparatory schools in Germany, Lithuania, and Estonia. The Abitur is conferred on students who pass their final exams at the end of their secondary education. Students that attend university-preparatory schools are humans. German Shepherds are not humans.",No,StrategyQA,commonsense_reasoning
Read the question and supporting facts carefully. Reason about the information and answer with Yes or No.,Could the Port of Baltimore handle the entire world's cargo production of ginger each year?,"In 2018, the world production of ginger was 2.8 million tons. The Port of Baltimore handles about 2.8 million tons of cargo per fiscal quarter.  A fiscal quarter is shorter than a year.",Yes,StrategyQA,commonsense_reasoning
Read the question and supporting facts carefully. Reason about the information and answer with Yes or No.,Was story of Jesus inspired by Egyptian myth?,"Jesus was a biblical character that walked on water, was born of a virgin, and was killed beside two thieves. Horus was a character in ancient Egyptian myth that walked on water, had a virgin mother, and was executed beside two thieves.",Yes,StrategyQA,commonsense_reasoning
Read the question and supporting facts carefully. Reason about the information and answer with Yes or No.,Do people who smoke Djarum's like cloves?,Djarum is a brand of cigarette popular around the world. Djarum cigarettes are made with a blend of cloves and tobacco.,Yes,StrategyQA,commonsense_reasoning
Read the question and supporting facts carefully. Reason about the information and answer with Yes or No.,Can you swim to Miami from New York?,"The longest distance swam by a person is 139.8 miles. It is over 1,000 miles from New York to Miami.",No,StrategyQA,commonsense_reasoning
Read the question and supporting facts carefully. Reason about the information and answer with Yes or No.,Would a honey badger fit inside an oven?," Adult honey badgers measure 23 to 28 cm (9.1 to 11.0 in) in shoulder height and 55–77 cm (22–30 in) in body length, with the tail adding another 12–30 cm (4.7–11.8 in). Thirty-inch ovens are the standard for most homes and most kitchens. The inside dimensions of the oven are approximately 25 inches wide and 16 inches high. The oven will be approximately 16 inches deep. ",Yes,StrategyQA,commonsense_reasoning
Read the question and supporting facts carefully. Reason about the information and answer with Yes or No.,Is The Joy of Painting TV show still producing new episodes?,The Joy of Painting is hosted by painter Bob Ross. Bob Ross died in 1995. The episodes currently airing are reruns.,No,StrategyQA,commonsense_reasoning
Read the question and supporting facts carefully. Reason about the information and answer with Yes or No.,Would it be typical for a Rede Globo anchor to say Konnichiwa to the viewers?,Konnichiwa is a greeting in the Japanese language. The national language of Brazil is Portuguese.,No,StrategyQA,commonsense_reasoning
Read the question and supporting facts carefully. Reason about the information and answer with Yes or No.,Would Topa Inca Yupanqui have encountered the western honey bee?,Topa Inca Yupanqui was an Inca ruler in the 15th century Western honey bees were first introduced to the Americas in the 16th century,No,StrategyQA,commonsense_reasoning
Read the question and supporting facts carefully. Reason about the information and answer with Yes or No.,Was Hillary Clinton's deputy chief of staff in 2009 baptised?,Huma Abedin was Hillary Clinton's deputy chief of staff in 2009 Huma Abedin is an American Muslim Baptism is a Christian tradition,No,StrategyQA,commonsense_reasoning
Read the question and supporting facts carefully. Reason about the information and answer with Yes or No.,Would the tunnels at CERN fit onto the High Speed 1 rails?,"High Speed 1 (HS1), legally the Channel Tunnel Rail Link (CTRL), is a 67-mile (108 km) high-speed railway. The CERN collider is contained in a circular tunnel, with a circumference of 26.7 kilometres (16.6 mi). The circumference of a circle is the length of the enclosing boundary.",Yes,StrategyQA,commonsense_reasoning
Read the question and supporting facts carefully. Reason about the information and answer with Yes or No.,Does Capricorn astrology symbol have all of the parts of a chimera?,"The Capricorn astrology symbol is a sea goat which consists of: a goat, and a fish. A chimera is a legendary beast that is made up of: a lion, a goat, and a snake.",No,StrategyQA,commonsense_reasoning
Read the question and supporting facts carefully. Reason about the information and answer with Yes or No.,Are Big Ben's bells currently rung on their normal schedule at the Palace of Westminster?,"Big Ben is currently under a four year renovation project. The bells have been silenced for the duration of the work due to safety. They are only rung on certain holidays, until the construction finishes in 2021.",No,StrategyQA,commonsense_reasoning
Read the question and supporting facts carefully. Reason about the information and answer with Yes or No.,Will a Euro sink in water?,The smallest Euro paper bill is Five Euro. One Euro is only available as a coin. Coins sink in water.  A metal coin is more dense than water,Yes,StrategyQA,commonsense_reasoning
Read the question and supporting facts carefully. Reason about the information and answer with Yes or No.,Is a paraplegic suitable for conducting an orchestra?,"Musical conductors use their hands to wave a baton and guide the orchestra. Paraplegics are people that are paralyzed from the waist down. Paraplegics are able to play sports that involve their upper body, such as basketball.",Yes,StrategyQA,commonsense_reasoning
Read the question and supporting facts carefully. Reason about the information and answer with Yes or No.,Are cucumbers often found in desert?,"Cucumbers are a kind of vegetable. With the exception of carrot cake, deserts are not typically made with vegetables. Cucumbers are not the vegetable used in carrot cake.",No,StrategyQA,commonsense_reasoning
Read the question and supporting facts carefully. Reason about the information and answer with Yes or No.,Is a Halloween cruise in the Gulf of Mexico likely to be safe from storms?,Hurricanes often strike the Gulf of Mexico Hurricane season in the gulf lasts until the end of November Halloween is October 31,No,StrategyQA,commonsense_reasoning
Read the question and supporting facts carefully. Reason about the information and answer with Yes or No.,Were veterans of the War in Vietnam (1945–46) given free education by the Soviet Union?,The Soviet Union provided free education to children of those who died in the Vietnam War with America. The War in Vietnam (1945–46) was twenty years before the Vietnam War with America.,No,StrategyQA,commonsense_reasoning
Read the question and supporting facts carefully. Reason about the information and answer with Yes or No.,Would Dave Chappelle pray over a Quran?,Dave Chappelle converted to Islam in 1998. Dave Chappelle has not deviated from his religious beliefs since 1998 and is a practicing Muslim. Practicing Muslims pray often.,Yes,StrategyQA,commonsense_reasoning
Read the question and supporting facts carefully. Reason about the information and answer with Yes or No.,Can a lifeboat rescue people in the Hooke Sea?,Lifeboats are used on bodies of liquid water The Hooke Sea is a geographical feature on the surface of Mars There are no bodies of liquid water on Mars,No,StrategyQA,commonsense_reasoning
Read the question and supporting facts carefully. Reason about the information and answer with Yes or No.,Do carpenters understand geometry?,"Carpenters work in building and maintaining structures such as homes, buildings, and gazebos. In order to build a home, one must be able to follow the geometry in the blueprints. ",Yes,StrategyQA,commonsense_reasoning
Read the question and supporting facts carefully. Reason about the information and answer with Yes or No.,Is the Liberty Bell still in its original location?,The Liberty Bell originally was located in Independence Hall in Philadelphia. It was moved to a nearby pavilion to accommodate viewers in 1976.,No,StrategyQA,commonsense_reasoning
Read the question and supporting facts carefully. Reason about the information and answer with Yes or No.,Are pirate lieutenants like navy lieutenants?,"Lieutenant Richards was a pirate that sailed alongside Blackbeard. Lieutenant RIchards had many duties and was placed in charge of the ship, Bonnet's Revenge. In the Royal Navy and Commonwealth navies, the second-in-command of a vessel is known as the first lieutenant. Royal Navy lieutenants are in charge of other crew members and have many duties.",Yes,StrategyQA,commonsense_reasoning
Read the question and supporting facts carefully. Reason about the information and answer with Yes or No.,Is a krabby patty similar to a cheeseburger?,"A krabby patty is a fictional sandwich featuring a patty on a split bun with toppings like lettuce, onion, and tomato. A hamburger is typically served on a bun and offers toppings like lettuce, onion, and tomato.",Yes,StrategyQA,commonsense_reasoning
Read the question and supporting facts carefully. Reason about the information and answer with Yes or No.,Would a greyhound be able to outrun a greyhound bus?,A greyhound bus can travel speeds upward of 60 mph. A greyhound dog can run at speeds up to 45 mph.,No,StrategyQA,commonsense_reasoning
Read the question and supporting facts carefully. Reason about the information and answer with Yes or No.,"If you were on a diet, would you have to skip lunch at McDonald's?",McDonald's offers low calorie brunch options like parfaits and egg white sandwiches.  McDonald's offers low calorie lunch options including basic hamburgers and salads.,No,StrategyQA,commonsense_reasoning
Read the question and supporting facts carefully. Reason about the information and answer with Yes or No.,Would Republic of Korea Navy dominate Eritrea navy?,"The Republic of Korea Navy has 150 ships, 70 aircraft, 70,000 personnel including 29,000 marines . The Eritrean Navy has 4 ships and an army of 45,000.",Yes,StrategyQA,commonsense_reasoning
Read the question and supporting facts carefully. Reason about the information and answer with Yes or No.,Did the 40th president of the United States forward lolcats to his friends?,The 40th president of the United States was Ronald Reagan Ronald Reagan died in 2004 The first recorded use of the term lolcat occurred in 2006,No,StrategyQA,commonsense_reasoning
Read the question and supporting facts carefully. Reason about the information and answer with Yes or No.,Could the Austrian casualties from Seven Years' War fit in Indianapolis Motor Speedway?,"There were 373,588 Austrian casualties during the Seven Years' War. The infield seating at the Indianapolis Motor Speedway raises capacity to an approximate 400,000 people.",Yes,StrategyQA,commonsense_reasoning
Read the question and supporting facts carefully. Reason about the information and answer with Yes or No.,Did Harry Houdini's wife make psychics look foolish?,"Psychics are people that claim to have special powers to talk to the dead. Harry Houdini gave his wife a code word to ask psychics to repeat after his death. The wife of Harry Houdini, Wilhelmina Beatrice ""Bess"" Rahner, asked several psychics for the code word and none knew it.",Yes,StrategyQA,commonsense_reasoning
Read the question and supporting facts carefully. Reason about the information and answer with Yes or No.,Do more Cauliflower grow in Arizona than California?,Cauliflower grows best in cool temperatures with lots of sun. California is the largest producer of Cauliflower in the U.S. Arizona has a hot arid climate.,No,StrategyQA,commonsense_reasoning
Read the question and supporting facts carefully. Reason about the information and answer with Yes or No.,Did William Shaespeare read the Daily Mirror?,The Daily Mirror is a British tabloid founded in 1903. William Shakespeare died in 1616.,No,StrategyQA,commonsense_reasoning
Read the question and supporting facts carefully. Reason about the information and answer with Yes or No.,Does the cuisine of Hawaii embrace foods considered gross in the continental US?,SPAM has a reputation for being an unpleasant dish in the continental US. SPAM is so popular in Hawaii that it has made it onto McDonalds menus. ,Yes,StrategyQA,commonsense_reasoning
Read the question and supporting facts carefully. Reason about the information and answer with Yes or No.,Is the voice of the Genie from Disney's Aladdin still alive?,The Genie was voiced by comedian Robin Williams. Robin Williams died in 2014.,No,StrategyQA,commonsense_reasoning
Read the question and supporting facts carefully. Reason about the information and answer with Yes or No.,Was Lord Voldemort taught by Professor Dumbledore?,Lord Voldemort grew up as the orphan boy Tom Riddle. Tom Riddle was brought to Hogwarts by Professor Dumbledore. Dumbledore was one of Riddle's teachers during his time as a student.,Yes,StrategyQA,commonsense_reasoning
Read the question and supporting facts carefully. Reason about the information and answer with Yes or No.,Do black-tailed jackrabbits fear the European wildcat?,"The European wildcat is native to continental Europe, Scotland, Turkey and the Caucasus. The black-tailed jackrabbit is native to Mexico and the western United States.",No,StrategyQA,commonsense_reasoning
Read the question and supporting facts carefully. Reason about the information and answer with Yes or No.,Would keelhauling be a fair punishment under the Eighth Amendment?,"Keelhauling was a severe punishment whereby the condemned man was dragged beneath the ship’s keel on a rope. Keelhauling is considered a form of torture. Torture is considered cruel. The Eighth Amendment forbids the use of ""cruel and unusual punishment"".",No,StrategyQA,commonsense_reasoning
Read the question and supporting facts carefully. Reason about the information and answer with Yes or No.,Could Christopher Walken enlist in the United States Marine Corps?,Christopher Walken is 77 years old. The maximum age for first-time enlistment in the United States Marine Corps is 28.,No,StrategyQA,commonsense_reasoning
Read the question and supporting facts carefully. Reason about the information and answer with Yes or No.,Was Christina Aguilera born in the forgotten borough?,"Christina Maria Aguilera was born on December 18, 1980, in Staten Island, New York. Staten Island has sometimes been called ""the forgotten borough"" by inhabitants who feel neglected by the city government.",Yes,StrategyQA,commonsense_reasoning
Read the question and supporting facts carefully. Reason about the information and answer with Yes or No.,Did Zorro carve his name into items regularly?,Zorro was known for using his weapon to leave a mark wherever he went. The mark Zorro left was the first initial of his name and nothing more.,No,StrategyQA,commonsense_reasoning
Read the question and supporting facts carefully. Reason about the information and answer with Yes or No.,Has Nikola Tesla's name inspired multiple brands?,Nikola Tesla was a famous inventor born in 1856. The electric car company Tesla was named after Nikola Tesla. The hard rock band Tesla is named after Nikola Tesla.,Yes,StrategyQA,commonsense_reasoning
Read the question and supporting facts carefully. Reason about the information and answer with Yes or No.,Does meat from cows fed only grass taste more like wild game?,"The food an animal eats throughout its lifetime affect the way the meat from it will taste.  Grass-fed cows produce meat that tends to taste more mineral-dense. Wild game is known for a grassy, mineral taste.",Yes,StrategyQA,commonsense_reasoning
Read the question and supporting facts carefully. Reason about the information and answer with Yes or No.,Would 2020 Toyota Supra lag behind at a Nascar rally?,The 2020 Toyota Supra has a top speed of 155 MPH. Nascar stock cars routinely exceed 200 MPH.,Yes,StrategyQA,commonsense_reasoning
Read the question and supporting facts carefully. Reason about the information and answer with Yes or No.,Would Dale Earnhardt Jr. be considered a newbie?,Dale Earnhardt Jr. is a Nascar racer with 19 years of experience. The average Nascar career length is 3.7 years.,No,StrategyQA,commonsense_reasoning
Read the question and supporting facts carefully. Reason about the information and answer with Yes or No.,Is MF Doom a Fantastic Four villain?,MF Doom is a British rapper raised on Long Island. Doctor Victor Von Doom is a fictional supervillain that made his debut in the Fantastic Four. The MF in MF Doom stands for Metal Face.,No,StrategyQA,commonsense_reasoning
Read the question and supporting facts carefully. Reason about the information and answer with Yes or No.,Is Brooklyn known for its bread products?,Brooklyn and NYC bagels are known around the world for being high quality. Brooklyn pizza is regarded as the best in the country. ,Yes,StrategyQA,commonsense_reasoning
Read the question and supporting facts carefully. Reason about the information and answer with Yes or No.,Is Glenn Beck known for his mild temper?,Glenn Beck has gone viral for screaming at callers on his program. Glenn Beck has walked off of professional interviews when he doesn't like the questions.,No,StrategyQA,commonsense_reasoning
Read the question and supporting facts carefully. Reason about the information and answer with Yes or No.,Can eating your weight in celery prevent diabetes?,Diabetes is a disease in which the body cannot process sugar. Celery is known as a healthy snack and has 1 gram of sugar per serving. The recommended daily intake of sugar to prevent diabetes is less than 36 grams per day for an adult male. The average weight of an adult male is 197 pounds.,No,StrategyQA,commonsense_reasoning
Read the question and supporting facts carefully. Reason about the information and answer with Yes or No.,Was only woman to serve as U.S. Speaker of the House alive during the attack on Pearl Harbor?,"Nancy Pelosi is the only woman to ever serve as Speaker of the United States House of Representatives. Nancy Pelosi was born on Mar 26, 1940 The attach on Pearl Harbor occurred on December 7, 1941",Yes,StrategyQA,commonsense_reasoning
Read the question and supporting facts carefully. Reason about the information and answer with Yes or No.,Could a white cockatoo have lived through the entire Thirty Years' War?,The Thirty Years' War lasted 30 years White cockatoos have been reported to live between 40-60 years in captivity,Yes,StrategyQA,commonsense_reasoning
Read the question and supporting facts carefully. Reason about the information and answer with Yes or No.,Do Shinto practitioners keep to a kosher diet?,Shinto is a religion originating from Japan. Shinto does not have any dietary restrictions. Seafood including shellfish is a staple of the Japanese diet. Jewish kosher laws prohibit the consumption of shellfish.,No,StrategyQA,commonsense_reasoning
Read the question and supporting facts carefully. Reason about the information and answer with Yes or No.,Is Linus Torvalds' wife unable to physically defend herself?,"Linus Torvalds is married to Tove Torvalds. Tove Torvalds is a six-time Finnish national karate champion. Karate is now predominantly a striking art using punching, kicking, knee strikes, elbow strikes and open-hand techniques such as knife-hands, spear-hands and palm-heel strikes.",No,StrategyQA,commonsense_reasoning
Read the question and supporting facts carefully. Reason about the information and answer with Yes or No.,Would it be difficult to host Stanley Cup Finals at Rock in Rio?,The Stanley Cup Finals is the last series in hockey each year. Hockey rinks are indoors and require ice for players to skate on. Rock in Rio is a massive outdoor music festival in Brazil. Rock in Rio takes place in June each year. The temperature in Brazil during June averages around 80F.,Yes,StrategyQA,commonsense_reasoning
Read the question and supporting facts carefully. Reason about the information and answer with Yes or No.,Do you find glutamic acid in a severed finger?,"Glutamic acid is an amino acid and neurotransmitter As a neurotransmitter, glutamic acid is the most abundant in the vertebrate nervous system A severed finger contains parts of a vertebrate's nervous system",Yes,StrategyQA,commonsense_reasoning
Read the question and supporting facts carefully. Reason about the information and answer with Yes or No.,Did Christina Aguilera turn her chair around for Kelly Clarkson on The Voice?,Christina Aguilera is a judge on the voice. Kelly Clarkson is a judge on the voice. Judges only turn their chairs around for competitors.  Kelly Clarkson has not competed on the voice.,No,StrategyQA,commonsense_reasoning
Read the question and supporting facts carefully. Reason about the information and answer with Yes or No.,Can professional boxers expect to have low dental bills?,"Professional boxers often receive punches to their face. Even with a mouth guard, dental injuries occur often in boxing. The average cost for one dental crown is between $500-$3000",No,StrategyQA,commonsense_reasoning
Read the question and supporting facts carefully. Reason about the information and answer with Yes or No.,Did George Washington drive a Lexus?,Lexus was established in 1989 George Washington died in 1799,No,StrategyQA,commonsense_reasoning
Read the question and supporting facts carefully. Reason about the information and answer with Yes or No.,Does the Dalai Lama believe in the divine barzakh?,The Dalai Lama is the spiritual leader of Tibetan Buddhism The divine barzakh is a concept from Islam,No,StrategyQA,commonsense_reasoning
Read the question and supporting facts carefully. Reason about the information and answer with Yes or No.,Can members of the Green Party of England and Wales vote in the USA?,Green Party of England Wales isn't registered in the USA. People who live in England can't vote in the USA.,No,StrategyQA,commonsense_reasoning
Read the question and supporting facts carefully. Reason about the information and answer with Yes or No.,Is accountant a difficult profession for a person suffering from Dyscalculia?,Accounting is a math intensive profession in which a person keeps or inspects financial accounts. Dyscalculia is a math learning disability that impairs an individual's ability to represent and process numerical magnitude in a typical way.  Common symptoms of Dyscalculia include: difficulty with number sense. difficulty with fact and calculation Dyscalculia is sometimes called “number dyslexia” or “math dyslexia.”,Yes,StrategyQA,commonsense_reasoning
Read the question and supporting facts carefully. Reason about the information and answer with Yes or No.,Could Bart Simpson have owned comics with The Joker?,"The first appearance of the Joker was in 1940. Bart Simpson first appeared as a child in ""The Simpsons"" in 1987.",Yes,StrategyQA,commonsense_reasoning
Read the question and supporting facts carefully. Reason about the information and answer with Yes or No.,Do Republicans reject all forms of welfare?,Welfare is all of the social programs that provide benefits to citizens for little or no money. Republicans have traditionally voted against welfare benefits in the form of food stamps and medicaid expansion. Public roads are a form of welfare since people are not required to build their own road each time they need to get to work.,No,StrategyQA,commonsense_reasoning
Read the question and supporting facts carefully. Reason about the information and answer with Yes or No.,Is the QWERTY keyboard layout meant to be slow?,"The QWERTY keyboard layout was made for use on typewriters. Typewriters could not be used too quickly, or they would jam. ",Yes,StrategyQA,commonsense_reasoning
Read the question and supporting facts carefully. Reason about the information and answer with Yes or No.,Could Sainsbury's buy Tesco?,Sainsbury is a business worth £29.007 billion in 2019. Tesco is a business worth £63.911 billion in 2019. 63 billion is more than 29 billion. A business needs to have enough revenue to buy another business.,No,StrategyQA,commonsense_reasoning
Read the question and supporting facts carefully. Reason about the information and answer with Yes or No.,Were deaths from Apollo 13 mission eclipsed by other space missions?,"Apollo 13 was a failed Moon landing in which the crew had faulty oxygen resources. All of the Apollo 13 crew returned safely to earth. The Challenger was a space shuttle that malfunctioned, killing all seven passengers. The Space Shuttle Columbia disaster had seven casualties.",Yes,StrategyQA,commonsense_reasoning
Read the question and supporting facts carefully. Reason about the information and answer with Yes or No.,Are goats found on abyssal plains?,"An abyssal plain is typically located between 10,000 and 20,000 feet below the surface of the ocean A goat is a mammal that lives on land and cannot intake oxygen from underwater environments",No,StrategyQA,commonsense_reasoning
Read the question and supporting facts carefully. Reason about the information and answer with Yes or No.,Is honey associated with queens?,Honey is made by bees. Each bee hive is led by a queen bee.,Yes,StrategyQA,commonsense_reasoning
Read the question and supporting facts carefully. Reason about the information and answer with Yes or No.,Was Amy Winehouse a fan of Star Wars: Rogue One?,Amy Winehouse died in 2011. Star Wars: Rogue One was released in 2016.,No,StrategyQA,commonsense_reasoning
Read the question and supporting facts carefully. Reason about the information and answer with Yes or No.,Can Roman numerals fill the normal number of Sudoku box options?,"Sudoku boxes can be filled with one of 9 numbers. There are only seven Roman numerals: I, V, X, L, C, D and M",No,StrategyQA,commonsense_reasoning
Read the question and supporting facts carefully. Reason about the information and answer with Yes or No.,Is the average bulk carrier ideal for transporting bromine at room temperature?,"Bulk carriers are defined as a ship that carries nonliquid cargoes such as grain or ore in bulk. Bromine is a liquid at room temperature. The average bulk carrier is used for unpackaged bulk cargo, such as grains, coal, ore, steel coils and cement.",No,StrategyQA,commonsense_reasoning
Read the question and supporting facts carefully. Reason about the information and answer with Yes or No.,Is Nine Inch Nails a good guest for students in earliest grade to take Iowa tests?,The Iowa test is administered to students in kindergarten through eighth grade. Nine Inch Nails is a heavy industrial rock band formed in 1988. Nine Inch Nails albums are stamped with the explicit warning label.,No,StrategyQA,commonsense_reasoning
Read the question and supporting facts carefully. Reason about the information and answer with Yes or No.,Would a dog easily notice ammonia?,"Ammonia has a characteristic pungent smell. Dogs have an extremely strong sense of smell, almost 40 times as sensitive as humans.",Yes,StrategyQA,commonsense_reasoning
Read the question and supporting facts carefully. Reason about the information and answer with Yes or No.,Can children be soldiers in the US Army?,A soldier is a member of the armed forces. The US Army is the land warfare branch of the United States. The minimum age for enlistment in the US Army is 18 years old.  A child is considered is considered to be anyone under the age of 18 years old.,No,StrategyQA,commonsense_reasoning
Read the question and supporting facts carefully. Reason about the information and answer with Yes or No.,Can Aerosmith fit in a 2020 Mitsubishi Outlander?,Aerosmith is an American rock band that has five active members. The 2020 Mitsubishi Outlander has flexible seating that allows for seven seat capacity.,Yes,StrategyQA,commonsense_reasoning
Read the question and supporting facts carefully. Reason about the information and answer with Yes or No.,Does a Disney princess on Broadway have red hair?,"Ariel, the princess from Disney's the Little Mermaid, has red hair. The Little Mermaid is one of several Disney animated classics that was adapted for the stage and performed on Broadway.",Yes,StrategyQA,commonsense_reasoning
Read the question and supporting facts carefully. Reason about the information and answer with Yes or No.,Do Do It Yourself channels online always show realistic projects?,"The Youtube channel '5 Minute Crafts' specializes in DIY projects for all ages. ""5 Minute Crafts"" has come under fire for posting videos that were fraudulent or dangerous in nature. ",No,StrategyQA,commonsense_reasoning
Read the question and supporting facts carefully. Reason about the information and answer with Yes or No.,4 Krispy Kreme glazed doughnuts exceed AHA  daily sugar allowance?,Glucose is a form of sugar that humans need in order to live. The AHA (American Heart Association) recommends no more than 38g of sugar a day. One Krispy Kreme glazed doughnut has 10g of sugar.,Yes,StrategyQA,commonsense_reasoning
Read the question and supporting facts carefully. Reason about the information and answer with Yes or No.,Do Flat Earthers doubt the existence of Earth's magnetic field?,"Theories about the Earth's magnetic field depend on the globe model of the Earth. Flat Earthers are skeptical of most science related to the Earth and space, believing it to be part of a conspiracy coverup.",Yes,StrategyQA,commonsense_reasoning
Read the question and supporting facts carefully. Reason about the information and answer with Yes or No.,Would the average Hawaiian male experience more days on Earth compared to a wild cane toad?,Cane toads have a life expectancy of 10 to 15 years in the wild. The average life expectancy of a male born in Hawaii is 79.3 years as of 2018.,Yes,StrategyQA,commonsense_reasoning
Read the question and supporting facts carefully. Reason about the information and answer with Yes or No.,Are any of J.K. Rowling's books in the genre of And Then There Were None?,"And Then There Were None was a mystery novel written by Agatha Christie. J.K. Rowling is best known for her wizard fantasy series Harry Potter. Robert Galbraith is the author of the Cuckoo's Calling, a mystery crime fiction novel. Robert Galbraith is the pseudonym that J.K. Rowling writes under.",Yes,StrategyQA,commonsense_reasoning
Read the question and supporting facts carefully. Reason about the information and answer with Yes or No.,Would a Deacon be likely to be a fan of the podcast 'God Awful Movies'?,God Awful Movies is a podcast in which people review and mock religious films.  The hosts of God Awful Movies take a disrespectful approach to their film critique.,No,StrategyQA,commonsense_reasoning
Read the question and supporting facts carefully. Reason about the information and answer with Yes or No.,"If you have black hair and want red hair, do you need bleach?","You cannot dye hair to be lighter than the starting color. To make hair a color lighter than the starting color, you need to bleach the hair.",Yes,StrategyQA,commonsense_reasoning
Read the question and supporting facts carefully. Reason about the information and answer with Yes or No.,Is Eighth Amendment to the United States Constitution popular in court?,The Eighth Amendment prohibits cruel and unusual punishment. The Fifth Amendment prevents a person from incriminating themselves. The Fifth Amendment is often invoked in criminal cases. The Fourteenth Amendment regards equal protection under the law and has been in numerous landmark cases.,No,StrategyQA,commonsense_reasoning
Read the question and supporting facts carefully. Reason about the information and answer with Yes or No.,Is a pottery kiln inappropriate for use with glass blowing?,Pottery kilns heat from the sides. Glass kilns heat from the top. Glass can be fused in a ceramic pottery kiln without trouble.,No,StrategyQA,commonsense_reasoning
Read the question and supporting facts carefully. Reason about the information and answer with Yes or No.,Could Little Women have been a book read by veterans of the civil war?,Little Women was published in 1868. The civil war ended in 1865.,Yes,StrategyQA,commonsense_reasoning
Read the question and supporting facts carefully. Reason about the information and answer with Yes or No.,Is it legal for a licensed child driving Mercedes-Benz to be employed in US?,The minimum age for driving in the US is 16. Child labor laws in the US require a child to be 14 years of age or older to work.,Yes,StrategyQA,commonsense_reasoning
Read the question and supporting facts carefully. Reason about the information and answer with Yes or No.,Does Metallica use Soulseek?,Soulseek is a computer program used to illegally share music files Metallica has been outspoken in their opposition of digital piracy,No,StrategyQA,commonsense_reasoning
Read the question and supporting facts carefully. Reason about the information and answer with Yes or No.,Was The Great Gatsby inspired by the novel 1984?,The Great Gatsby was published in 1925. The novel 1984 was published in 1949.,No,StrategyQA,commonsense_reasoning
Read the question and supporting facts carefully. Reason about the information and answer with Yes or No.,Is sound barrier too much for Audi R8 V-10 Plus to break?,"Audi R8 V-10 Plus is the fastest car produced by Audi. The Audi R8 V-10 Plus has a top speed of 205 MPH. To break the sound barrier, a jet must reach a speed of 770 MPH.",Yes,StrategyQA,commonsense_reasoning
Read the question and supporting facts carefully. Reason about the information and answer with Yes or No.,Would most school children in New York be wearing jackets on groundhog day?,Groundhog day takes place on February second. New York is typically very cold in February.,Yes,StrategyQA,commonsense_reasoning
Read the question and supporting facts carefully. Reason about the information and answer with Yes or No.,Is it normal to see a red panda in Shanghai outside of a zoo?,"The red panda is endemic to the temperate forests of the Himalayas, and ranges from the foothills of western Nepal to China in the east. The red panda lives between 2,200 and 4,800 m (7,200 and 15,700 ft) altitude, inhabiting areas of moderate temperature between 10 and 25 °C (50 and 77 °F) with little annual change. Shanghai is located on an alluvial plain, as such the vast majority of its land area is flat, with an average elevation of 4 m (13 ft).",No,StrategyQA,commonsense_reasoning
Read the question and supporting facts carefully. Reason about the information and answer with Yes or No.,Does Mario use mushrooms to run faster?,"Mushrooms in the Mario universe are used to provide extra lives and to make Mario grow, providing him an extra hit point.  Mario is made to run faster when he wears bunny ears or uses a starman.",No,StrategyQA,commonsense_reasoning
Read the question and supporting facts carefully. Reason about the information and answer with Yes or No.,Would the Titanic be well preserved at the bottom of the Gulf of Finland?,"The bottom of the gulf is one of the world's largest ship cemeteries. Because of the low salinity and cold waters, and no shipworms, the ships are relatively well preserved. RMS Titanic was a British passenger ship.",Yes,StrategyQA,commonsense_reasoning
Read the question and supporting facts carefully. Reason about the information and answer with Yes or No.,Would only warm weather attire be a good idea on Mercury?,Warm weather attire would not protect your body in cold temperatures. Mercury can reach temperatures of −280 °F at night.,No,StrategyQA,commonsense_reasoning
Read the question and supporting facts carefully. Reason about the information and answer with Yes or No.,Was Noah associated with a dove?,"Noah sailed his Ark when the world was flooded. After the flood, he sent his dove to find land.",Yes,StrategyQA,commonsense_reasoning
Read the question and supporting facts carefully. Reason about the information and answer with Yes or No.,Did Paul the Apostle's cause of death violate the tenets of Ahimsa?,"Ahimsa is is an ancient Indian principle of nonviolence which applies to all living beings.  Ahimsa is a key virtue in Hinduism, Buddhism and Jainism. Paul the Apostle was violently beheaded.",Yes,StrategyQA,commonsense_reasoning
Read the question and supporting facts carefully. Reason about the information and answer with Yes or No.,Would Adam Sandler get a reference to Cole Spouse and a scuba man doll?,"Adam Sandler and Cole Sprouse starred together in ""Big Daddy"". A prop used throughout ""Big Daddy"" was a scuba diving action figure that Cole's character called 'Scuba Steve'.",Yes,StrategyQA,commonsense_reasoning
Read the question and supporting facts carefully. Reason about the information and answer with Yes or No.,Was Dioskourides a lapidary?,"A lapidary is a person or machine who cuts gemstones; classically, it refers to a person who engraves gemstones. Dioskourides put his signature on a Roman amethyst ringstone with a portrait of Demosthenes circa late 1st century BC. Artists sign their work.",Yes,StrategyQA,commonsense_reasoning
Read the question and supporting facts carefully. Reason about the information and answer with Yes or No.,Do children's bicycles often have extra wheels?,Training wheels are a set of two wheels to attach to bicycles of new bike riders for additional support. Training wheels are marketed primarily at children.,Yes,StrategyQA,commonsense_reasoning
Read the question and supporting facts carefully. Reason about the information and answer with Yes or No.,Will the small intenstine break down a cotton ball?,The small intestine does not digest cellulose  Cotton fiber is 90% cellulose,No,StrategyQA,commonsense_reasoning
Read the question and supporting facts carefully. Reason about the information and answer with Yes or No.,Could someone in a coma experience fear?,Fear is induced when an individual feels threatened by something or someone. A person in a coma is unconscious and therefore cannot perceive their surroundings.,No,StrategyQA,commonsense_reasoning
Read the question and supporting facts carefully. Reason about the information and answer with Yes or No.,Can any person with a driver's license work in transport of aviation fuel?,A vehicle operator must possess a Commercial Driver's License to work in the delivery of fuel. The process for getting a CDL is much lengthier than that of getting a Driver's License. ,No,StrategyQA,commonsense_reasoning
Read the question and supporting facts carefully. Reason about the information and answer with Yes or No.,Did Isaac's father almost commit similar crime as Marvin Gay Sr.?,"Filicide is the act of killing a son or a daughter. Marvin Gay Sr. committed filicide in 1984 when he shot his son, singer Marvin Gaye. Isaac's father Abraham, was commanded by God to sacrifice his son Isaac, but was spared by an angel.",Yes,StrategyQA,commonsense_reasoning
Read the question and supporting facts carefully. Reason about the information and answer with Yes or No.,Was the original Metroid groundbreaking for its polygons?,Metroid was a 1986 video game released on the Nintendo Entertainent System. Polygons were a graphics style that became prominent in the 1990s on the Sony Playstation. Nintendo Entertainment System games had a 2-D pixel-art style. Metroid is hailed as being the first mainstream game with a playable female protagonist.,No,StrategyQA,commonsense_reasoning
Read the question and supporting facts carefully. Reason about the information and answer with Yes or No.,Did Rand Paul frequently swim in Lake Michigan during his undergraduate years?,"Rand Paul joined the swim team when he attended Baylor University. Baylor University is located in Waco, Texas. Lake Michigan is nearly 1,000 miles from Waco, Texas.",No,StrategyQA,commonsense_reasoning
Read the question and supporting facts carefully. Reason about the information and answer with Yes or No.,Are Doctors of Homeopathy more likely than Doctors of Internal Medicine to recommend Quartz as a treatment?,"Doctors of Homeopathy are practitioners of ""alternative medicine""  In alternative medicine practices, Quartz is believed to have powers. Doctors of Internal Medicine have completed a medical residency and do not recommend alternative medicine.",Yes,StrategyQA,commonsense_reasoning
Read the question and supporting facts carefully. Reason about the information and answer with Yes or No.,Did Clark Gable marry more women once than Richard Burton?,"Richard Burton was married to Elizabeth Taylor twice.  Richard Burton married Sally Burton, Suzy Hunt, and Sybil Williams once. Clark Gable was married to five different women, one time each.",Yes,StrategyQA,commonsense_reasoning
Read the question and supporting facts carefully. Reason about the information and answer with Yes or No.,Was Anthony Quinn more prolific at making children than J.D. Salinger?,Author J.D. Salinger had two children. Actor Anthony Quinn had twelve children.,Yes,StrategyQA,commonsense_reasoning
Read the question and supporting facts carefully. Reason about the information and answer with Yes or No.,Does Carmen Electra own a junk?,A junk is a boat. Boats are sailed on open water. Carmen Electra has a fear of open water.,No,StrategyQA,commonsense_reasoning
Read the question and supporting facts carefully. Reason about the information and answer with Yes or No.,Is week old chlorine water safe to drink?,Chlorine is a chemical that is the second lightest halogen element. Chlorine is toxic and can attack the respiratory system of humans. Chlorine is highly soluble in water and will dissolve in around 4 and a half days. The Water Quality and Health Council states that chlorination of drinking water protects consumers from diseases caused by waterborne microorganisms.,Yes,StrategyQA,commonsense_reasoning
Read the question and supporting facts carefully. Reason about the information and answer with Yes or No.,Does the name C-SPAN refer to a form of telecommunications that utilizes outer space?,The S in C-SPAN refers to Satellite. Satellite communications require communicating with satellites that orbit the Earth in outer space.,Yes,StrategyQA,commonsense_reasoning
Read the question and supporting facts carefully. Reason about the information and answer with Yes or No.,Is Cape Town south of the Equator?,Cape Town is an important city in South Africa. South Africa is located entirely south of the Equator.,Yes,StrategyQA,commonsense_reasoning
Read the question and supporting facts carefully. Reason about the information and answer with Yes or No.,Is it hard for Rahul Dravid to order food at a restaurant in Aurangabad?,"Aurangabad is located in Maharashtra. Marathi is an Indo-Aryan language spoken predominantly by around 100 million Marathi people of Maharashtra, India. Rahul Dravid is fluent in Marathi.",No,StrategyQA,commonsense_reasoning
Read the question and supporting facts carefully. Reason about the information and answer with Yes or No.,Was Great Recession the period of severest unemployment?,The Great Recession had an unemployment peak of 10%. The Great Depression saw global GDP decline by almost 30% and unemployment approach 25%. US unemployment numbers approached 15% in May 2020 due to the Coronavirus.,No,StrategyQA,commonsense_reasoning
Read the question and supporting facts carefully. Reason about the information and answer with Yes or No.,Do people watching Coen brothers films in Guinea Bissau need subtitles?,"The Coen brothers direct films primarily using English The primary languages used in Guinea Bissau are Creole, native African languages, and Portuguese",Yes,StrategyQA,commonsense_reasoning
Read the question and supporting facts carefully. Reason about the information and answer with Yes or No.,Is Disney associated with Los Angeles County?,Disney Concert Hall and Disney Studio are located in Los Angeles. The city of Los Angeles is located in Los Angeles County.,Yes,StrategyQA,commonsense_reasoning
Read the question and supporting facts carefully. Reason about the information and answer with Yes or No.,Can someone with dermatitis be a hand model?,"Dermatitis causes rashes, redness, blisters, cracking of the skin, and scarring.  Hand models tend to have flawless skin and hands.",No,StrategyQA,commonsense_reasoning
Read the question and supporting facts carefully. Reason about the information and answer with Yes or No.,Would a student in eleventh grade be unable to run for president of the United States?,"Students in the eleventh grade are typically 16–17 years of age. To serve as president, one must be at least 35 years old.",Yes,StrategyQA,commonsense_reasoning
Read the question and supporting facts carefully. Reason about the information and answer with Yes or No.,Is a paleo dieter unlikely to color beverages green for St. Patrick's Day?,There is no natural source for green food coloring approved by the FDA A paleo diet avoids artificial colors and flavors,Yes,StrategyQA,commonsense_reasoning
Read the question and supporting facts carefully. Reason about the information and answer with Yes or No.,Did brother of Goofy creator's employer commit an excommunicable offense?,"Goofy was created by Art Babbitt who worked for Walt Disney. Walt Disney's brother, Roy Disney, was a member of the Freemasons. The Catholic Church has a litany of offenses that can get someone excommunicated. Being initiated to Freemasonry, is listed as an excommunicable offense.",Yes,StrategyQA,commonsense_reasoning
Read the question and supporting facts carefully. Reason about the information and answer with Yes or No.,Does Pikachu like Charles Darwin?,Charles Darwin developed the theory of evolution Pikachu is a Pokemon Pokemon rely on evolution in order to transform into stronger forms,Yes,StrategyQA,commonsense_reasoning
Read the question and supporting facts carefully. Reason about the information and answer with Yes or No.,Do mollymawks live where albatrosses cannot?,A mollymawk is a type of albatross Any place inaccessible to albatrosses in general is inaccessible to specific types of albatross,No,StrategyQA,commonsense_reasoning
Read the question and supporting facts carefully. Reason about the information and answer with Yes or No.,Would a crocodile survive longer in Great Salt Lake than alligator?,The Great Salt Lake is a Utah lake composed of salt water. Crocodiles natural habitat is salt water and they can breathe underwater for hours. Alligators have a natural habitat of fresh water.,Yes,StrategyQA,commonsense_reasoning
Read the question and supporting facts carefully. Reason about the information and answer with Yes or No.,Is a railroad engineer needed during NASCAR events?,Railroad engineers work on trains and railway systems NASCAR events feature automobile races,No,StrategyQA,commonsense_reasoning
Read the question and supporting facts carefully. Reason about the information and answer with Yes or No.,Would it be possible to fit a football field in Alcatraz Island?,Alcatraz is 511 meters by 180 meters A football field is 91 meters by 48 meters,Yes,StrategyQA,commonsense_reasoning
Read the question and supporting facts carefully. Reason about the information and answer with Yes or No.,Are banana trees used by judges for maintaining order?,"A banana tree has seeds that only have one embryonic leaf and is called a monocot. Judges use gavels to maintain order in court. Gavels are made of hardwood. Hardwood comes from dicot trees. Oak, maple, and sycamore are dicot trees.",No,StrategyQA,commonsense_reasoning
Read the question and supporting facts carefully. Reason about the information and answer with Yes or No.,Would a student of the class of 2017 have amnesia about 9/11?,"Childhood amnesia is common, with most adults not remembering their lives before 2 or 3 years of age 9/11 occurred in 2001 Students graduating high-school in 2017 would have been born in 1999",Yes,StrategyQA,commonsense_reasoning
Read the question and supporting facts carefully. Reason about the information and answer with Yes or No.,Is it comfortable to wear sandals outside Esperanza Base?,Sandals are a type of footwear that leave parts of the foot exposed Esperanza Base is located in Antarctica Average temperatures in Antarctica range from -10.5C to 1.4C,No,StrategyQA,commonsense_reasoning
Read the question and supporting facts carefully. Reason about the information and answer with Yes or No.,Could the Pope be on an episode of Pimp My Ride?,Pimp My Ride is a show where people's cars are upgraded and improved The Pope has a personal vehicle called the Popemobile,Yes,StrategyQA,commonsense_reasoning
Read the question and supporting facts carefully. Reason about the information and answer with Yes or No.,Would a baby gray whale fit in a tractor-trailer?,Gray whales measure 4.9 m (16 ft) in length for newborns. A semi-trailer is 48 feet long.,Yes,StrategyQA,commonsense_reasoning
Read the question and supporting facts carefully. Reason about the information and answer with Yes or No.,Is an astronomer interested in drosophila?,Astronomers study celestial bodies like planets and stars Drosophila are a type of fly commonly studied by scientists in fields related to biology,No,StrategyQA,commonsense_reasoning
Read the question and supporting facts carefully. Reason about the information and answer with Yes or No.,Is Christianity better for global warming than Satanism?,"Global warming happens because CO2 is released into the atmosphere and warms it up. Humans release two tons of carbon dioxide a year. Reducing the population will lead to a reduction of CO2 in the atmosphere. The Christian Crusades caused the deaths of nearly three million people. In 1980s and 1990s there were allegations of Satanic ritual deaths, though only a few cases were substantiated.",Yes,StrategyQA,commonsense_reasoning
Read the question and supporting facts carefully. Reason about the information and answer with Yes or No.,Would food made with black salt smell of sulfur?,"Black Salt has is a kiln-fired rock salt that contains sulfur. When black salt is cooked with, it smells similar to rotten eggs.  Rotten eggs smell like sulfur.",Yes,StrategyQA,commonsense_reasoning
Read the question and supporting facts carefully. Reason about the information and answer with Yes or No.,Did Subway have a sex offender as a spokesperson?,Jared Fogle was a national spokesman for the company in the US starting in January 2000. Jared Scott Fogle is a convicted sex offender. ,Yes,StrategyQA,commonsense_reasoning
Read the question and supporting facts carefully. Reason about the information and answer with Yes or No.,Can Poland Spring make money in the Sahara?,The Sahara is the largest hot desert Deserts are dry regions that receive little precipitation Poland Spring sells bottled water,Yes,StrategyQA,commonsense_reasoning
Read the question and supporting facts carefully. Reason about the information and answer with Yes or No.,Should cactus soil always be damp?,"The amount of water a cactus needs depends on the weather and season. When the weather isn't hot, a cactus needs very little water.",No,StrategyQA,commonsense_reasoning
Read the question and supporting facts carefully. Reason about the information and answer with Yes or No.,Does the actress who played Elizabeth II speak fluent Arabic?,Elizabeth II was portrayed by Helen Mirren.  Helen Mirren doesn't speak fluent Arabic. ,No,StrategyQA,commonsense_reasoning
Read the question and supporting facts carefully. Reason about the information and answer with Yes or No.,Are any letters directly before and after H missing from Roman numerals?,"The Roman numerals are: I, V, X, L, C, D, and M. The letter H in the alphabet is preceded by G and followed by I.",Yes,StrategyQA,commonsense_reasoning
Read the question and supporting facts carefully. Reason about the information and answer with Yes or No.,Did the Social Democratic Party of Germany help Frederick II become King of Prussia?,The Social Democratic Party of Germany was founded in 1863. Frederick II was King of Prussia from 1740-1786.,No,StrategyQA,commonsense_reasoning
Read the question and supporting facts carefully. Reason about the information and answer with Yes or No.,Do the Ubuntu people speak Ubuntu?,Ubuntu is a of free and open-source software used on computers. The Ubuntu people are a tribe that lives in Africa. The Ubuntu people derive their language from Nguni Bantu. As of 2019 only 10% of households in Africa have a computer.,No,StrategyQA,commonsense_reasoning
Read the question and supporting facts carefully. Reason about the information and answer with Yes or No.,Can you substitute the pins in a bowling alley lane with Dustin Hoffman's Oscars?,There are ten pins in a bowling alley lane Dustin Hoffman has won two Oscars,No,StrategyQA,commonsense_reasoning
Read the question and supporting facts carefully. Reason about the information and answer with Yes or No.,Is there a Yeti associated with Disney theme parks?,"In the 1960s, an attraction called Matterhorn featuring a cartoon version of the Yeti opened in Disneyland. Later in 2005, Expedition Everest opened at Animal Kingdom in Disney World, featuring a much scarier version of the Yeti.",Yes,StrategyQA,commonsense_reasoning
Read the question and supporting facts carefully. Reason about the information and answer with Yes or No.,Did Christopher Columbus go to Antarctica? ,"Between 1492 and 1503, Columbus completed four round-trip voyages between Spain and the Americas.  His expeditions, sponsored by the Catholic Monarchs of Spain, were the first European contact with the Caribbean, Central America, and South America. Antarctica is Earth's southernmost continent.",No,StrategyQA,commonsense_reasoning
Read the question and supporting facts carefully. Reason about the information and answer with Yes or No.,Would a Durian be dangerous if it fell on your head?,"Durian weight 2-7 lbs. Durian have a hard, spiky external shell. There are several reports of injury and death related to falling Durian fruit.",Yes,StrategyQA,commonsense_reasoning
Read the question and supporting facts carefully. Reason about the information and answer with Yes or No.,Do Jehovah's Witnesses celebrate day before New Year's Day?,"The Day before New Year's Day is New Year's Eve. Jehovah's Witnesses do not celebrate holidays, citing in many cases that they have pagan origins. New Year's has origins in pagan Babylonia.",No,StrategyQA,commonsense_reasoning
Read the question and supporting facts carefully. Reason about the information and answer with Yes or No.,Would the yearly precipitation on Snowdon submerge an upright bowling pin?,"Snowdown gets about 200 inches of precipitation a year  A standard bowling pin is one foot, three inches tall",Yes,StrategyQA,commonsense_reasoning
Read the question and supporting facts carefully. Reason about the information and answer with Yes or No.,"Could the main character of ""Alice's Adventures in Wonderland"" join a Masonic Lodge?","The main character of ""Alice's Adventures in Wonderland"" is Alice, a young girl. Masonic Lodge membership is restricted to men over the age of either 18 or 21, depending on jurisdiction.",No,StrategyQA,commonsense_reasoning
Read the question and supporting facts carefully. Reason about the information and answer with Yes or No.,Can a carrot receive an organ transplant?,Organs are groups of tissues that perform a similar function. The whole of a carrot is a root. A root is a plant organ. You cannot transplant the entire carrot into another carrot.,No,StrategyQA,commonsense_reasoning
Read the question and supporting facts carefully. Reason about the information and answer with Yes or No.,Did Disney get most of Rudyard Kipling's The Jungle Book profits?,Rudyard Kipling's 1894 book The Jungle Book has was adapted into several Disney films. The 2016 film The Jungle Book grossed over 966 million dollars. Disney's 1967 film version of The Jungle Book grossed over 378 million dollars. The Jungle Book was not a worldwide phenomenon in Kipling's time.,Yes,StrategyQA,commonsense_reasoning
Read the question and supporting facts carefully. Reason about the information and answer with Yes or No.,Is Snow White an example of good consent?,Snow White is unknowingly poisoned by a witch. Snow White is unconscious when a man kisses her without her knowledge. Consent involves knowingly allowing something to happen to oneself. ,No,StrategyQA,commonsense_reasoning
Read the question and supporting facts carefully. Reason about the information and answer with Yes or No.,Did Irish mythology inspire Washington Irving?,"Washington Irving's most famous novel was The Legend of Sleepy Hollow. The antagonist of the Legend of Sleepy Hollow, The Headless Horseman, was a man on horseback that was missing his head. The Dullahan is a mythological creature in Irish mythology. The Dullahan comes from the Irish word Gan Ceann, meaning ""without a head"". The Dullahan is depicted as a headless rider, usually on a black horse, who carries their own head in their arm.",Yes,StrategyQA,commonsense_reasoning
Read the question and supporting facts carefully. Reason about the information and answer with Yes or No.,Did Osama bin Laden likely abstain from alcohol?,Osama bin Laden belonged to the religion of Islam. Islam prohibits the consumption of alcohol.,Yes,StrategyQA,commonsense_reasoning
Read the question and supporting facts carefully. Reason about the information and answer with Yes or No.,Did Emma Stone pursue a higher education?,"Higher education, also called post-secondary education, third-level or tertiary education, is an optional final stage of formal learning that occurs after completion of secondary education. Stone attended Xavier College Preparatory‍—‌an all-girl Catholic high school‍—‌as a freshman, but dropped out after one semester to become an actress. Xavier College Preparatory is a Catholic, all-female private high school. High school is a secondary education school.",No,StrategyQA,commonsense_reasoning
Read the question and supporting facts carefully. Reason about the information and answer with Yes or No.,Did any cultures associate celery with death?,Ancient Greeks used garlands of celery leafs to bury their dead. Ancient Greece was considered a culture. ,Yes,StrategyQA,commonsense_reasoning
Read the question and supporting facts carefully. Reason about the information and answer with Yes or No.,Can a dolphin keep a diary?,A diary is a written record. Dolphins cannot write.,No,StrategyQA,commonsense_reasoning
Read the question and supporting facts carefully. Reason about the information and answer with Yes or No.,Could a nymph tick pass through a standard hole punch?,A nymph tick is the size of a poppy seed. A poppy seed is around 1mm in size. The ISO 838 standards set a hole punch size at 6 mm.,Yes,StrategyQA,commonsense_reasoning
Read the question and supporting facts carefully. Reason about the information and answer with Yes or No.,Does The Hague border multiple bodies of water?,The Hague is in the Netherlands.  The Hague is in the Western part of the Netherlands.  The Netherlands borders the North Sea to its west. ,No,StrategyQA,commonsense_reasoning
Read the question and supporting facts carefully. Reason about the information and answer with Yes or No.,Was Bruce Lee absent from the 1964 University of Washington graduation ceremony?,Bruce Lee enrolled at the University of Washington in 1961. Bruce Lee dropped out of college in early 1964. Bruce Lee moved to Oakland to live with James Yimm Lee in 1964.,Yes,StrategyQA,commonsense_reasoning
Read the question and supporting facts carefully. Reason about the information and answer with Yes or No.,Should a Celiac sufferer avoid spaghetti?,Celiac is a disease in which the body cannot process gluten. Gluten is a protein found in wheat. Spaghetti is made with milled wheat and water.,Yes,StrategyQA,commonsense_reasoning
Read the question and supporting facts carefully. Reason about the information and answer with Yes or No.,Does American Independence Day occur during autumn?,"Autumn runs from about September 20 to about December 20. American Independence Day is July 4, over two months before autumn begins.",No,StrategyQA,commonsense_reasoning
Read the question and supporting facts carefully. Reason about the information and answer with Yes or No.,Did any Golden Globe winners attend John Kerry's alma mater?,"John Kerry graduated from Yale University. Jennifer Connelly attended Yale University in the late 1980s. Jennifer Connelly won a Golden Globe award for the film A Beautiful Mind,",Yes,StrategyQA,commonsense_reasoning
Read the question and supporting facts carefully. Reason about the information and answer with Yes or No.,Would Janet Jackson avoid a dish with ham?,Janet Jackson follows an Islamic practice.  Islamic culture avoids eating pork. Ham is made from pork.,Yes,StrategyQA,commonsense_reasoning
Read the question and supporting facts carefully. Reason about the information and answer with Yes or No.,Could Cosmic Girls play League of Legends alone?,Cosmic Girls is a 13 member kpop group League of Legends is a video game requiring two teams of five players each,Yes,StrategyQA,commonsense_reasoning
Read the question and supporting facts carefully. Reason about the information and answer with Yes or No.,Do Leafhoppers compete with Log Cabin syrup producers for resources?,Leafhoppers are insects that feed on sap from trees. Log Cabin is a  company that originated in Minnesota and makes several varieties of maple syrup. Sap is an ingredient in maple syrup.,Yes,StrategyQA,commonsense_reasoning
Read the question and supporting facts carefully. Reason about the information and answer with Yes or No.,Would it be unusual to see frost in September in Texas?,"Texas is a Southern state of the United States, known for high heat. On average, Texas is between 68 and 89 degrees during the month of September. Frost forms at 32 degrees or lower.",Yes,StrategyQA,commonsense_reasoning
Read the question and supporting facts carefully. Reason about the information and answer with Yes or No.,Is it expected that Charla Nash would be anxious near a gorilla?,"In 2009, Charla Nash was attacked and nearly killed by a chimpanzee.  While a different species, Gorillas and Chimpanzees have similar physical appearances and are both primates.",Yes,StrategyQA,commonsense_reasoning
Read the question and supporting facts carefully. Reason about the information and answer with Yes or No.,Is nickel a better payout than mercury if given a dollar per atomic number?,Nickel is a metallic substance with the chemical atomic number of 28. Mercury is a silvery liquid substance with a chemical number of 80.,No,StrategyQA,commonsense_reasoning
Read the question and supporting facts carefully. Reason about the information and answer with Yes or No.,Is it safe to eat kidney?,"Traditional British cuisine includes ""Kidney Pie"", or ""Steak and Kidney Pie"". Kidney Pie contains kidney.",Yes,StrategyQA,commonsense_reasoning
Read the question and supporting facts carefully. Reason about the information and answer with Yes or No.,"In star rating systems, is 5 stars considered good?","Most star rating systems are composed of 5 stars. In star rating, most people want to avoid a 1 star review.",Yes,StrategyQA,commonsense_reasoning
Read the question and supporting facts carefully. Reason about the information and answer with Yes or No.,Would Emma Roberts's Nancy Drew be considered a private investigator?,"Emma Roberts starred as Nancy Drew in the 2007 film titled Nancy Drew. A private investigator is hired by an individual to solve a crime. Nancy Drew from the 2007 film was described as an amateur sleuth. Nancy Drew in the 2007 film was interested in a case and decided to pursue it on her own, without being paid for it.",No,StrategyQA,commonsense_reasoning
Read the question and supporting facts carefully. Reason about the information and answer with Yes or No.,Can a chess board be converted to a Shogi board?,Chess is a game that is made up of 64 squares. The Japanese game of Shogi requires a total of 81 squares.,No,StrategyQA,commonsense_reasoning
Read the question and supporting facts carefully. Reason about the information and answer with Yes or No.,Did Donald Trump come up with the idea for the New York Harbor?,The New York Harbor is at the mouth of the Hudson River A harbor is a sheltered body of water where boats and ships can be docked. The New York Harbor has been used since colonial era of the 1500s. Donald Trump is a failed business man and 2016 president elect. Donald Trump makes outrageous deceitful claims ,No,StrategyQA,commonsense_reasoning
Read the question and supporting facts carefully. Reason about the information and answer with Yes or No.,Did Jack Dempsey ever witness Conor McGregor's fights?,Jack Dempsey died in 1983. Conor McGregor's first MMA fight was in 2008.,No,StrategyQA,commonsense_reasoning
Read the question and supporting facts carefully. Reason about the information and answer with Yes or No.,Can a minor replicate the double-slit experiment?,A minor is a human child. The double-slit experiment can theoretically be replicated by any human.,Yes,StrategyQA,commonsense_reasoning
Read the question and supporting facts carefully. Reason about the information and answer with Yes or No.,Would Hodor hypothetically be a good math mathematician?,Mathematicians are expert students of mathematics. Hodor was a dimwitted giant of a man that served House Stark in Game of Thrones. Hodor worked in the stables and could only utter the only word he ever said was his own name. Mathematicians frequently publish articles on theories and need to be able to read and write.,No,StrategyQA,commonsense_reasoning
Read the question and supporting facts carefully. Reason about the information and answer with Yes or No.,Would Methuselah hypothetically hold a record in the Common Era?,"Methuselah was a biblical figure said to have lived until 969. The Common Era is the years after the BC era and is alternatively referred to as A.D. Jeanne Louise Calment 1875–1997 was the oldest human whose age was well-documented, with a lifespan of 122 years and 164 days.",Yes,StrategyQA,commonsense_reasoning
Read the question and supporting facts carefully. Reason about the information and answer with Yes or No.,Did King of Portuguese people in 1515 have familial ties to the Tudors?,Manuel I was King of Portugal from 1495 to 1521. Manuel I of Portugal married Maria of Aragon. Maria of Aragon was the sister of Catherine of Aragon. Catherine of Aragon was the first wife of Henry VIII and was one of a handful that he did not behead.,Yes,StrategyQA,commonsense_reasoning
Read the question and supporting facts carefully. Reason about the information and answer with Yes or No.,Did number of Imams Reza Shah believed in exceed number of Jesus's disciples?,"Reza Shah, the founder of the Imperial state of Iran, was a Twelver Shia Muslim. Twelver Shia Muslims believe that there are 12 Imams. Jesus is typically represented as having 12 disciples.",No,StrategyQA,commonsense_reasoning
Read the question and supporting facts carefully. Reason about the information and answer with Yes or No.,Would a sofer be a bad job for a vegan?,"A sofer is a transcriber of religious texts, and has its origins in Judaism. Sofers transcribe texts on a material known as vellum. Vellum is made of materials derived from calfskin. Vegans do not use any animal products.",Yes,StrategyQA,commonsense_reasoning
Read the question and supporting facts carefully. Reason about the information and answer with Yes or No.,Were French people involved in the American Civil War?,The French General Lafayette allied with the American Revolutionaries. Lafayette's army scored several key victories for the rebels.,Yes,StrategyQA,commonsense_reasoning
Read the question and supporting facts carefully. Reason about the information and answer with Yes or No.,Has spinach been a source of power in a comic movie?,The comic character Popeye uses spinach as a source of power. A movie was made about Popeye. Popeye consumes spinach as a source of power in the movie.,Yes,StrategyQA,commonsense_reasoning
Read the question and supporting facts carefully. Reason about the information and answer with Yes or No.,Do suburbs encourage the use of cars?,Suburbs are generally built outside of walking distance from city centers. City centers contain jobs and stores. Suburb dwellers need to access jobs and stores to survive.,Yes,StrategyQA,commonsense_reasoning
Read the question and supporting facts carefully. Reason about the information and answer with Yes or No.,Would Marvel's Gateway be envious of the Doctor (Doctor Who)'s TARDIS machine?,"The Doctor (Doctor Who) used the TARDIS, a largely unreliable time traveling machine, to travel through time and space. Gateway is a Marvel comic character linked to the X-Men comics. Gateway has the power to create wormholes that allow him to travel through time and space.",No,StrategyQA,commonsense_reasoning
Read the question and supporting facts carefully. Reason about the information and answer with Yes or No.,Can a human heart last from NYC to Raleigh NC by Toyota Hiux?,"Human hearts can last up to six hours outside the body. The distance from NYC to Raleigh, NC is 505 miles. The top speed of a Toyota Hilux is 105 MPH.",Yes,StrategyQA,commonsense_reasoning
Read the question and supporting facts carefully. Reason about the information and answer with Yes or No.,Does a kangaroo incubate its offspring?,Incubation is the process of hatching offspring from eggs Kangaroos are mammals Mammals give birth to live offspring,No,StrategyQA,commonsense_reasoning
Read the question and supporting facts carefully. Reason about the information and answer with Yes or No.,Do gorillas fight with panda bears?,Gorilla distribution is limited to areas of the continent of Africa Panda bears are found in the wild only in China,No,StrategyQA,commonsense_reasoning
Read the question and supporting facts carefully. Reason about the information and answer with Yes or No.,Could Katharine Hepburn have ridden the AirTrain JFK?,"The AirTrain JFK was built in December 17, 2003. Katharine Hepburn died on June 29, 2003.",No,StrategyQA,commonsense_reasoning
Read the question and supporting facts carefully. Reason about the information and answer with Yes or No.,Can Iowa be hidden in the English Channel?,The maximum width of the English Channel is 150 miles The minimum width of Iowa is 200 miles,No,StrategyQA,commonsense_reasoning
Read the question and supporting facts carefully. Reason about the information and answer with Yes or No.,Did Larry King sign the Magna Carta?,The Magna Carta was a charter of rights signed by King John in 1215. Larry King was born in 1933.,No,StrategyQA,commonsense_reasoning
Read the question and supporting facts carefully. Reason about the information and answer with Yes or No.,Would Woodrow Wilson support Plessy v. Ferguson decision?,"Plessy v Ferguson was a landmark case that stated segregation did not violate the constitution. President Woodrow Wilson escalated the discriminatory hiring policies and segregation of government offices. By the end of 1913, under President Wilson, many departments, including the navy, had segregated work spaces, restrooms, and cafeterias.",Yes,StrategyQA,commonsense_reasoning
Read the question and supporting facts carefully. Reason about the information and answer with Yes or No.,Is Jesse W. Moore a potential recipient of a Snoopy-themed award from NASA?,"Snoopy has been a mascot of safety in NASA The Silver Snoopy award is given by NASA astronauts to employees and contractors for outstanding achievements related to flight safety  Jesse W. Moore received warnings about the failure history of the O rings used on the Challenger shuttle, but did not act on them Jesse W. Moore was the associate administrator in charge of NASA's shuttle program at the time of the Challenger explosion The O rings were strongly implicated in the fatal explosion",No,StrategyQA,commonsense_reasoning
Read the question and supporting facts carefully. Reason about the information and answer with Yes or No.,Would a compass attuned to Earth's magnetic field be a bad gift for a Christmas elf??,Christmas elves work in Santa's workshop on the North Pole Magnetic compasses point to the North Pole  If you are on the North Pole a compass will not work,Yes,StrategyQA,commonsense_reasoning
Read the question and supporting facts carefully. Reason about the information and answer with Yes or No.,Does Canada have a relationship with a monarch?,Canada is a constitutional monarchy. The head of the monarchy that rules Canada is Queen Elizabeth.,Yes,StrategyQA,commonsense_reasoning
Read the question and supporting facts carefully. Reason about the information and answer with Yes or No.,Did Thomas Greenhill's parents violate the concept of monogamy?,Thomas Greenhill was a surgeon born to William and Elizabeth Greenhill. William and Elizabeth Greenhill had 39 children. Monogamy is a committed relationship between two people where usually they remain together for life. Thomas Greenhill was the last of his parents 39 children and was born shortly after his father died.,No,StrategyQA,commonsense_reasoning
Read the question and supporting facts carefully. Reason about the information and answer with Yes or No.,Is Garfield known for hating italian cuisine?,Garfield is well known for loving lasagna. Lasagna is a traditional Italian dish.,No,StrategyQA,commonsense_reasoning
Read the question and supporting facts carefully. Reason about the information and answer with Yes or No.,Would Saddam Hussein hypothetically choose Saladin as ally over Idris I?,"Saddam Hussein, President of Iraq, was a Sunni Muslim that brutalized many Shiite Muslims. Saladin was the first Sultan of Egypt and was a Sunni Muslim. Idris I was called the founder of Morocco and was a Shiite Muslim.",Yes,StrategyQA,commonsense_reasoning
Read the question and supporting facts carefully. Reason about the information and answer with Yes or No.,Do you have to pass through circle of lust to find Saladin in Dante's Inferno?,Dante's Inferno was a book written by Dante Alighieri that outlines 9 circles of hell. The circle of lust is the second circle in Dante's Inferno. Saladin is placed in the first circle of hell in Dante's Inferno. The first circle of hell is limbo which is reserved for virtuous unbaptized pagans.,No,StrategyQA,commonsense_reasoning
Read the question and supporting facts carefully. Reason about the information and answer with Yes or No.,Is hanging a viable execution method on a ship at sea?,Hanging is typically set up using rope. Ships have plenty of rope on board because their operation relies heavily on rope.,Yes,StrategyQA,commonsense_reasoning
Read the question and supporting facts carefully. Reason about the information and answer with Yes or No.,Is the Muslim world hostile to Israel?,"Israel, a small Middle Eastern nation which is considered the Jewish holy land, contains the ancient city of Jerusalem and other ancient holy sites. Jerusalem is the third most holy site for Muslims, after Mecca and Medina. Prior to English occupation in the 18th-20th centuries, the Muslim-based Ottoman Empire controlled Jerusalem. The Muslims want to reclaim Jerusalem and the surrounding holy lands.",Yes,StrategyQA,commonsense_reasoning
Read the question and supporting facts carefully. Reason about the information and answer with Yes or No.,Is Canon Inc. a Kabushiki gaisha?,"Canon, Inc. is a large corporation listed on the Tokyo Stock Exchange. Companies are listed on a stock exchange so brokers can buy and sell stock in those companies. Kabushiki gaisha is often translated as ""stock company"", ""joint-stock company"" or ""stock corporation"". ",Yes,StrategyQA,commonsense_reasoning
Read the question and supporting facts carefully. Reason about the information and answer with Yes or No.,Does a dentist treat Bluetooth problems?,"A dentist is a surgeon who specializes in dentistry, the diagnosis, prevention, and treatment of diseases and conditions of the oral cavity. Technological problems are typically handled by IT professionals. Bluetooth is not a physical entity.",No,StrategyQA,commonsense_reasoning
Read the question and supporting facts carefully. Reason about the information and answer with Yes or No.,Is Mozambique Drill an easy shot for United States Army Ranger?,The Mozambique Drill is a close quarters combat technique involving firing two shots to the body and one to the head. United States Army Rangers are equipped with M4A1 guns. M4A1 guns can fire up to 600 meters.,Yes,StrategyQA,commonsense_reasoning
Read the question and supporting facts carefully. Reason about the information and answer with Yes or No.,Are the names of The Powerpuff Girls alliterative? ,"To be alliterative, words must have the same initial consonant sound. The names of The Powerpuff Girls are Blossom, Buttercup, and Bubbles.",Yes,StrategyQA,commonsense_reasoning
Read the question and supporting facts carefully. Reason about the information and answer with Yes or No.,Is Antarctica a good location for Groundhog Day?,Groundhog Day relies on a groundhog seeing their shadow. Antarctica has an irregular sun pattern and some days have no sun rise or 24 hour sunlight. Antarctica has temperatures can range from -10C to -60C. Groundhogs live in forests or woodlands with plenty of sunlight.,No,StrategyQA,commonsense_reasoning
Read the question and supporting facts carefully. Reason about the information and answer with Yes or No.,Are amoebas safe from breast cancer?,Breast cancer is a disease that occurs in the mammary tissues of mammals. Amoebas are single cell organisms that lack mammary tissue.,Yes,StrategyQA,commonsense_reasoning
Read the question and supporting facts carefully. Reason about the information and answer with Yes or No.,Was there fear leading up to the year 2000?,Many computer programs were not designed with the year 2000 in mind. People were worried that computers would crash all over the world when the year 2000 arrived. Financial and electrical systems require computers to function. Without financial and electrical systems there could be global chaos.,Yes,StrategyQA,commonsense_reasoning
Read the question and supporting facts carefully. Reason about the information and answer with Yes or No.,Does the New York Public Library sell Alpo products?,The New York Public Library is a public lending library system in New York City Alpo produces pet food and related products,No,StrategyQA,commonsense_reasoning
Read the question and supporting facts carefully. Reason about the information and answer with Yes or No.,Is November a bad time for a photographer to take pictures of a plum tree in bloom?,A plum tree is a deciduous tree that bears fruit. Deciduous trees shed their leaves in the autumn. Autumn happens from September until the end of Deember.,Yes,StrategyQA,commonsense_reasoning
Read the question and supporting facts carefully. Reason about the information and answer with Yes or No.,Did Saint Augustine use the Julian calendar?,The Julian calendar was in use from 45 BC to the late 16th century AD Saint Augustine lived from 354 AD to 430 AD,Yes,StrategyQA,commonsense_reasoning
Read the question and supporting facts carefully. Reason about the information and answer with Yes or No.,Would the current president of Ohio University hypothetically wear a jockstrap?,"The current president of Ohio University is Duane Nellis. Duane Nellis is a man. A jockstrap is an undergarment for protecting the testes and penis during cycling, contact sports or other vigorous physical activity. The testes and penis are the sexual organs of men.",Yes,StrategyQA,commonsense_reasoning
Read the question and supporting facts carefully. Reason about the information and answer with Yes or No.,Can soup be eaten with the hands?,Soup is mostly liquid. Hands cannot hold liquid.,No,StrategyQA,commonsense_reasoning
Read the question and supporting facts carefully. Reason about the information and answer with Yes or No.,Can DRL Racer X drone get across Brooklyn Bridge in 18 seconds?,The Brooklyn Bridge is 1.1 miles long. The DRL Racer X drone can fly at a top speed of 179.6 MPH. The DRL Racer X drone can cover around 3 miles a minute.,No,StrategyQA,commonsense_reasoning
Read the question and supporting facts carefully. Reason about the information and answer with Yes or No.,Would Ibn Saud tolerate salsa music?,Ibn Saud was the first ruler of Saudi Arabia and adhered to Wahhabism. Wahhabism is an ultra conservative sect of Islam that prohibits dancing. Salsa is a popular Latin American music genre that is heavily connected to dance.,No,StrategyQA,commonsense_reasoning
Read the question and supporting facts carefully. Reason about the information and answer with Yes or No.,Could Javier Sotomayor jump over the head of the average giraffe?,"Fully grown giraffes stand 4.3–5.7 m (14.1–18.7 ft) tall. Javier Sotomayor is the current world record holder in the long jump, with a personal best of 2.45 m (8 ft 1/2 in).",No,StrategyQA,commonsense_reasoning
Read the question and supporting facts carefully. Reason about the information and answer with Yes or No.,Could a hundred thousand lolcats fit on a first generation iPhone?,Lolcat memes are often in jpeg form The average size of a jpeg is 10 to 30 kb One gigabyte is 1000000 kb The first iPhone had 4GB to 16GB of storage ,Yes,StrategyQA,commonsense_reasoning
Read the question and supporting facts carefully. Reason about the information and answer with Yes or No.,Can Clouded leopards chase down many Pronghorn antelopes?,The top speed of a Clouded leopard is 40 MPH. The top speed of a Pronghorn antelope is 61 MPH.,No,StrategyQA,commonsense_reasoning
Read the question and supporting facts carefully. Reason about the information and answer with Yes or No.,Would a honey badger's dentures be different from a wolverine's?,"Dentures are false teeth that resemble the wearer's natural teeth Honey badgers and wolverines are physically very similar, but they can be differentiated by their dentition.",Yes,StrategyQA,commonsense_reasoning
Read the question and supporting facts carefully. Reason about the information and answer with Yes or No.,Is greed the most prevalent of the Seven Deadly Sins?,"Greed is a longing for wealth and power. White collar crime involves businesses stealing money or assets from people.  5-10% of arrests per 100,000 arrests were for  white collar crime according to Department of Justice statistics. Gluttony is the overindulgence in food or similar things. 39.8% of US adults were classified as overweight according to the National Center for Health Statistics.",No,StrategyQA,commonsense_reasoning
Read the question and supporting facts carefully. Reason about the information and answer with Yes or No.,Is Hermione Granger eligible for the Order of the British Empire?,The Order of the British Empire is awarded to people that have made significant contributions to the United Kingdom Hermione Granger is a fictional character from the Harry Potter series of books,No,StrategyQA,commonsense_reasoning
Read the question and supporting facts carefully. Reason about the information and answer with Yes or No.,"In the world of Harry Potter, would a snake and skull tattoo be good luck?","In Harry Potter, a tattoo of a snake and a skull is a symbol of being a ""Death Eater."" Death Eaters are people who follow the word of the dark lord Voldemort, who is considered wicked and cruel. Death Eaters are not embraced in the wizarding communities of Harry Potter.",No,StrategyQA,commonsense_reasoning
Read the question and supporting facts carefully. Reason about the information and answer with Yes or No.,Did the crew of Apollo 15 take pictures of Mount Sharp?,"Mount Sharp is a mountain on Mars. The crew of Apollo 15 landed on the Moon, not Mars. No humans have ever landed on Mars.",No,StrategyQA,commonsense_reasoning
Read the question and supporting facts carefully. Reason about the information and answer with Yes or No.,Can 1980 United States presidential election result be considered a photo finish?,A photo finish refers to a race or finish in which contestants are so close that a photograph of them as they cross the finish line has to be examined. Ronald Reagan had 489 electoral votes while Jimmy Carter had 49 in the 1980 United States presidential election. Ronald Reagan won 44 states while Jimmy Carter won 6 in the 1980 United States presidential election.,No,StrategyQA,commonsense_reasoning
Read the question and supporting facts carefully. Reason about the information and answer with Yes or No.,Were the Spice Girls inspired by Little Mix?,The Spice Girls were formed in 1994 and mainly active during the late 1990s Little Mix was formed in 2011,No,StrategyQA,commonsense_reasoning
Read the question and supporting facts carefully. Reason about the information and answer with Yes or No.,Can Paprika be made without a dehydrator?,Peppers can be dehydrated in the oven in lieu of a dehydrator. Sunlight and heat have been used for centuries to dry peppers and other foods.,Yes,StrategyQA,commonsense_reasoning
Read the question and supporting facts carefully. Reason about the information and answer with Yes or No.,Did occupants of Vellore Fort need to defend themselves from Grizzly Bears?,The Vellore Fort was a 16th century stronghold in India. Grizzly Bears are native to the North American continent.,No,StrategyQA,commonsense_reasoning
Read the question and supporting facts carefully. Reason about the information and answer with Yes or No.,Could Sugar Ray Robinson box if he stole in Iran?,"Sugar Ray Robinson was an American boxer who relied on his fists to achieve 109 KO victories. The penalty for stealing in Iran is having your hand cut off. In August 2015 a prisoner in Iran, who was caught stealing, had his right hand and part of his left leg cut off.",No,StrategyQA,commonsense_reasoning
Read the question and supporting facts carefully. Reason about the information and answer with Yes or No.,Would the chef at Carmine's restaurant panic if there was no basil?,Carmines is an Italian family-style restaurant. Basil is an essential in Italian cooking.,Yes,StrategyQA,commonsense_reasoning
Read the question and supporting facts carefully. Reason about the information and answer with Yes or No.,Was the man who played the male lead in Mrs. Doubtfire known for his humour?,Robin Williams played the male lead in Mrs. Doubtfire. Robin Williams had a prolific standup and film comedy career.,Yes,StrategyQA,commonsense_reasoning
Read the question and supporting facts carefully. Reason about the information and answer with Yes or No.,"If you have a serious injury in Bangladesh, would you probably dial a Fibonacci number?",The number for emergency services in Bangladesh is 999 999 is not a Fibonacci sequence integer ,No,StrategyQA,commonsense_reasoning
Read the question and supporting facts carefully. Reason about the information and answer with Yes or No.,Would Library of Alexandria need less shelf space than Library of Congress?,"The Library of Alexandria was an ancient library that was destroyed. The Library of Alexandria is estimated to have had around 100,000 books. The Library of Congress has over 170 million items.",Yes,StrategyQA,commonsense_reasoning
Read the question and supporting facts carefully. Reason about the information and answer with Yes or No.,Have Jamie Lee Curtis been the subject of fake news?,Fake news is a hoax that is circulated and spreads to get people to believe a falsehood. Jamie Lee Curtis is an American actress known for the Halloween series. Rumors have been spread about Jamie Lee Curtis that she was born a hermaphrodite.,Yes,StrategyQA,commonsense_reasoning
Read the question and supporting facts carefully. Reason about the information and answer with Yes or No.,Are Chipotle Cinnamon Pork Chops appropriate for a Seder?,Chipotle Cinnamon Pork Chops are a popular recipe made by applying a cinnamon rub to pork chops. The Seder is a Jewish feast day that begins the season of Passover. Pork is forbidden by Jewish kosher laws.,No,StrategyQA,commonsense_reasoning
Read the question and supporting facts carefully. Reason about the information and answer with Yes or No.,Could a bee hummingbird balance a scale with a single pea on it?,"The average pea weighs between 0.1 and 0.36 grams. Female bee hummingbirds on average weigh 2.6 grams, while on average male bee hummingbirds weigh 1.95 grams.",No,StrategyQA,commonsense_reasoning
Read the question and supporting facts carefully. Reason about the information and answer with Yes or No.,Does the book Revolutionary Road give a glimpse at life in a suburb?,The setting of the book is in Connecticut. The area of Connecticut where the book takes place is not in a major city. The book takes place in a suburb called Revolutionary Hill Estates.,Yes,StrategyQA,commonsense_reasoning
Read the question and supporting facts carefully. Reason about the information and answer with Yes or No.,Is Rick and Morty considered an anime?,Anime is a genre of animation that is hand drawn and is of Japanese origin. Rick and Morty is an American animated show.,No,StrategyQA,commonsense_reasoning
Read the question and supporting facts carefully. Reason about the information and answer with Yes or No.,Is snoring a sign of good breathing while sleeping?,Snoring can be a sign of sleep apnea. Snoring can cause a variety of symptoms ranging from low energy to high blood pressure.,No,StrategyQA,commonsense_reasoning
Read the question and supporting facts carefully. Reason about the information and answer with Yes or No.,"If you're running focal fossa, are you using linux?",Focal Fossa is the most recent Ubuntu release. Ubuntu is a Linux distribution. ,Yes,StrategyQA,commonsense_reasoning
Read the question and supporting facts carefully. Reason about the information and answer with Yes or No.,Are queen bees unnecessary for growing apples?,Mason bees are solitary (they live alone) Mason bees are efficient pollinators for orchards Apple trees are grown in orchards,Yes,StrategyQA,commonsense_reasoning
Read the question and supporting facts carefully. Reason about the information and answer with Yes or No.,Does conservatism repulse Blaire White?,Blaire White is a Youtuber. Blaire White posts content that leans towards conservative politics.,No,StrategyQA,commonsense_reasoning
Read the question and supporting facts carefully. Reason about the information and answer with Yes or No.,Was the AK-47 used in the Seven Years' War?,The Seven Years' War took place between 1756 and 1763. The AK-47 was developed in the 1940s.,No,StrategyQA,commonsense_reasoning
Read the question and supporting facts carefully. Reason about the information and answer with Yes or No.,Would the owners of the company Peter Griffin works for need barley?,Peter Griffin works for Pawtucket Brewery. Pawtucket Brewery produces beer. Barley is the preferred grain for making beer.,Yes,StrategyQA,commonsense_reasoning
Read the question and supporting facts carefully. Reason about the information and answer with Yes or No.,Could Amazon afford The Mona Lisa?,Amazon is worth over $1 trillion and had a revenue of $232.887 billion in 2018. The Mona Lisa had an insurance valuation equivalent to $650 million as of 2018.,Yes,StrategyQA,commonsense_reasoning
Read the question and supporting facts carefully. Reason about the information and answer with Yes or No.,Can you buy Casio products at Petco?,"Casio is a manufacturer of consumer electronics and watches Petco is a chain store that sells pet supplies like food, bowls, litter, toys, cages and grooming equipment",No,StrategyQA,commonsense_reasoning
Read the question and supporting facts carefully. Reason about the information and answer with Yes or No.,Would four shoes be insufficient for a set of octuplets?,There are eight children in a set of octuplets. The typical child is born with two feet. Normally each foot needs to be covered with a single shoe.,Yes,StrategyQA,commonsense_reasoning
Read the question and supporting facts carefully. Reason about the information and answer with Yes or No.,Was 847 Pope Leo same iteration of his name as Ivan the Terrible?,Pope Leo in 847 AD was the fourth Leo to have that name and was called Leo IV. Ivan the Terrible was the 4th Tsar to have the name Ivan and was known as Ivan IV Vasilyevich.,Yes,StrategyQA,commonsense_reasoning
Read the question and supporting facts carefully. Reason about the information and answer with Yes or No.,Was Moon Jae-in born outside of Khanbaliq?,"Khanbaliq was the winter capital of the Mongol Empire.  Khanbaliq was located at the center of what is now modern day Beijing, China. Moon Jae-In was born in Geoje, South Korea.",Yes,StrategyQA,commonsense_reasoning
Read the question and supporting facts carefully. Reason about the information and answer with Yes or No.,Would Eye surgery on a fly be in vain?,Researchers at BYU have been developing smaller surgical instruments to improve medical procedures. BYU researchers  created robotically-controlled forceps that can pass through a hole about 3 millimeters in size. The eye of a fly is considerably small and estimates range from .5mm to 2mm.,Yes,StrategyQA,commonsense_reasoning
Read the question and supporting facts carefully. Reason about the information and answer with Yes or No.,Would Dante have hypothetically placed Nostradamus in 3rd Circle of Hell?,Nostradamus was a famous seer and court astrologer. Dante's 3rd Circle of Hell is reserved for gluttons. The 8th Circle of Hell is reserved for frauds. Astrology was seen as a valuable skill during Dante's lifetime. Dante places the mystic and prophet Joachim of Flora in the heaven of the sun.,No,StrategyQA,commonsense_reasoning
Read the question and supporting facts carefully. Reason about the information and answer with Yes or No.,Could George Washington's own speeches have been recorded live to a compact disc?,George Washington died in 1799. CDs weren't invented until 1982.,No,StrategyQA,commonsense_reasoning
Read the question and supporting facts carefully. Reason about the information and answer with Yes or No.,Are common carp sensitive to their environments?,Common carp are a type of fish. Common carp are considered a destructive invasive species.  Common carp are tolerant of most conditions.  Common carp are able to survive frozen over ponds and low oxygenated waters. ,No,StrategyQA,commonsense_reasoning
Read the question and supporting facts carefully. Reason about the information and answer with Yes or No.,Did Robert Downey Jr. possess same caliber gun as Resident Evil's Barry Burton?,"Robert Downey Jr. was arrested in 1996 n drug and weapons charges and possessed a .357 Magnum. Barry Burton, a character in the Resident Evil series, used a Colt Python. The Colt Python is a type of .357 Magnum revolver.",Yes,StrategyQA,commonsense_reasoning
Read the question and supporting facts carefully. Reason about the information and answer with Yes or No.,"Can I ski in Steamboat Springs, Colorado in August?","Skiing requires snow.  Snow melts at temperatures higher than 0 degrees Celsius.  Average temperature for Steamboat Springs, Colorado in August is 27.3 degrees Celsius.",No,StrategyQA,commonsense_reasoning
Read the question and supporting facts carefully. Reason about the information and answer with Yes or No.,Can a rabbi save the soul of a Christian?,Rabbis are spiritual leaders of the Jewish community. Baptism is a necessary Christian ritual for salvation. Any non-Christian can perform an emergency baptism if someone's life is in danger.,Yes,StrategyQA,commonsense_reasoning
Read the question and supporting facts carefully. Reason about the information and answer with Yes or No.,Could the first European visitor to Guam been friends with Queen Victoria?,"Portuguese explorer Ferdinand Magellan, while in the service of Spain, was the first European to visit the island. Magellan died in 1521. Queen Victoria was born in 1819.",No,StrategyQA,commonsense_reasoning
Read the question and supporting facts carefully. Reason about the information and answer with Yes or No.,Does an organ donor need to be dead to donate a kidney?,The average human has two kidneys. Only one kidney is required to function as a healthy person. Living organ donors will sometimes donate their spare kidney to someone experiencing failure of both their kidneys.,No,StrategyQA,commonsense_reasoning
Read the question and supporting facts carefully. Reason about the information and answer with Yes or No.,Did the Berlin Wall prevent any athletes from competing in the 1936 Summer Olympics?,The 1936 Olympics were held in 1936. The Berlin Wall was not constructed until 1961.,No,StrategyQA,commonsense_reasoning
Read the question and supporting facts carefully. Reason about the information and answer with Yes or No.,Does Ronda Rousey avoid BBQ restaraunts?,Ronda Rousey is a professional athlete in MMA. Ronda Rousey is a vegan. BBQ is a style of restaurant that predominantly serves cooked meat. Meat consumption is opposed and avoided by vegans. Vegans don't eat meat.,Yes,StrategyQA,commonsense_reasoning
Read the question and supporting facts carefully. Reason about the information and answer with Yes or No.,Does the word swastika have meaning in sanskrit?,"In Sanskrit, the word swastika is a combination of ‘su’ (meaning ‘good’) and ‘asti’ (meaning ‘to exist’) This meaning of swastika  from Sanskrit this gets translated as ‘all is well.’ ",Yes,StrategyQA,commonsense_reasoning
Read the question and supporting facts carefully. Reason about the information and answer with Yes or No.,Could Maroon 5 have hypothetically held a concert at Roman Colosseum?,"The Roman Colosseum had a capacity of 87,000 people.  Maroon 5 has held concerts at Brazil's Allianz Parque, which has a capacity of close to 44,000. Almost 30,000 people attended Maroon 5's 2015 Madison Square Garden concert over two days.",Yes,StrategyQA,commonsense_reasoning
Read the question and supporting facts carefully. Reason about the information and answer with Yes or No.,Did pirates who had scurvy need more Vitamin C?,Pirates were known for having poor teeth and deteriorated gums. Gum deterioration and tooth decay is a symptom of scurvy. Scurvy is caused by a lack of dietary vitamin C.,Yes,StrategyQA,commonsense_reasoning
Read the question and supporting facts carefully. Reason about the information and answer with Yes or No.,Are twins always born during the same year?,"Some twins are born right before the New Year, and right after the New Year. There are some twins, implanted through IVF, who are born decades apart.",No,StrategyQA,commonsense_reasoning
Read the question and supporting facts carefully. Reason about the information and answer with Yes or No.,Can a false pope become a saint?,"A false pope, or antipope, is someone that tries to claim they are the true pope but the church rejects them. Hippolytus (c. 170–235 AD) headed a schismatic group as a rival to the Bishop of Rome, thus becoming an antipope. Hippolytus (c. 170–235 AD) was named a saint in the Roman Catholic Church.",Yes,StrategyQA,commonsense_reasoning
Read the question and supporting facts carefully. Reason about the information and answer with Yes or No.,Is sternum connected to any of the bones mentioned in James Weldon Johnson's Dem Bones?,"Dem Bones is a spiritual song composed by James Weldon Johnson. The lyrics to Dem Bones mention the hip bone, back bone, and knee bone among others. The back bone is the spine, which is connected to the first 7 rib sets. The sternum, or breastbone, is a flat bone at the front center of the chest. The sternum and ribs are connected and make up the ribcage.",Yes,StrategyQA,commonsense_reasoning
Read the question and supporting facts carefully. Reason about the information and answer with Yes or No.,Can a blind person tell time by Big Ben?,Big Ben is a striking clock A blind person can hear the time the bell tolls,Yes,StrategyQA,commonsense_reasoning
Read the question and supporting facts carefully. Reason about the information and answer with Yes or No.,Was Walt Disney ever interviewed by Anderson Cooper?,"Walt Disney died on Dec 15, 1966 Anderson Cooper was born on Jun 03, 1967",No,StrategyQA,commonsense_reasoning
Read the question and supporting facts carefully. Reason about the information and answer with Yes or No.,Are there enough Jonny Cash records in the world to give one to each French citizen?,Johnny Cash has sold about 90 million albums The population of France is around 66 million ,Yes,StrategyQA,commonsense_reasoning
Read the question and supporting facts carefully. Reason about the information and answer with Yes or No.,Can a ten-pin bowling pin be a deadly weapon?,A regulation ten-pin bowling pin weighs around four pounds. The average rolling pin used in cooking weighs slighty over four pounds. A 2015 case covered in the BBC involved a rolling pin as the murder weapon.,Yes,StrategyQA,commonsense_reasoning
Read the question and supporting facts carefully. Reason about the information and answer with Yes or No.,"Was the British car, the Mini, the first car manufactured?",The first car widely manufactured was the Model T. The Model T was manufactured in 1908. The Mini was made beginning in 1959.,No,StrategyQA,commonsense_reasoning
Read the question and supporting facts carefully. Reason about the information and answer with Yes or No.,Would 2019 Natalie Portman avoid a Snickers bar due to her diet?,"Actress Natalie Portman resumed her vegan diet in 2018 after giving birth, and has been vegan ever since. Vegans do not eat animal products. Snickers contains egg whites as an ingredient.",Yes,StrategyQA,commonsense_reasoning
Read the question and supporting facts carefully. Reason about the information and answer with Yes or No.,Does Disney have an ice princess?,"In 2013, Disney released Frozen. Frozen features Elsa, a princess with magical ice powers.",Yes,StrategyQA,commonsense_reasoning
Read the question and supporting facts carefully. Reason about the information and answer with Yes or No.,Would kaffir lime be good in a White Russian?,"A White Russian is a drink containing cream, vodka, and Kahlua. Mixing lime and cream results in curdled milk, which is not good to drink.",No,StrategyQA,commonsense_reasoning
Read the question and supporting facts carefully. Reason about the information and answer with Yes or No.,Did Gauss have a normal brain structure?,"When Gauss died in 1855, his brain was preserved for study. Dr. Rudolf Wagner, who studied the brain, found the mass to be slightly above average, and found highly developed convolutions on the brain.",No,StrategyQA,commonsense_reasoning
Read the question and supporting facts carefully. Reason about the information and answer with Yes or No.,Paleography hypothetically helps to understand Cthulhu?,Palaeography involves the study of ancient writings. Paleography has helped decode Anatolian hieroglyphics from all the way back as the first millenia BC. Author H.P. Lovecraft's Cthulhu is an ancient mystical being from eons ago.,Yes,StrategyQA,commonsense_reasoning
Read the question and supporting facts carefully. Reason about the information and answer with Yes or No.,Could Toyota stadium house people suffering homelessness in Michigan?,"As of 2019 there were an estimated 8,575 people experiencing homelessness in Michigan. Toyota stadium has a capacity of 45,000 people.",Yes,StrategyQA,commonsense_reasoning
Read the question and supporting facts carefully. Reason about the information and answer with Yes or No.,Could the Powerpuff Girls hypothetically attend the Camden Military Academy?,"The Powerpuff Girls are kindergarten aged girls. Camden Military Academy is a private, all-male, military boarding school located in Camden, South Carolina. Camden Military Academy accepts male students in grades 7 through 12.",No,StrategyQA,commonsense_reasoning
Read the question and supporting facts carefully. Reason about the information and answer with Yes or No.,Is latitude required to determine the coordinates of an area?,Longitude is one of the required data points needed for determining coordinates. Latitude is the other angle required to determine coordinates of an area. ,Yes,StrategyQA,commonsense_reasoning
Read the question and supporting facts carefully. Reason about the information and answer with Yes or No.,Do all shooting sports involve bullets?,Paintball is a shooting sport that uses paint pellets in lieu of bullets.  Crossbow is a shooting sport that uses 'bolts' or arrows instead of bullets.,No,StrategyQA,commonsense_reasoning
Read the question and supporting facts carefully. Reason about the information and answer with Yes or No.,Is a Cassowary safer pet than a crane?,"Crane's that are fed by humans can exhibit domestic tendencies and rarely peck at humans. The Cassowary, known as the world's most dangerous bird, becomes very aggressive and has even killed humans and dogs.",No,StrategyQA,commonsense_reasoning
Read the question and supporting facts carefully. Reason about the information and answer with Yes or No.,Does the country that received the most gold medals during the 1976 Olympics still exist?,The Soviet Union received the most gold medals during the 1976 Summer Olympics The Soviet Union existed from 1922 to 1991,No,StrategyQA,commonsense_reasoning
Read the question and supporting facts carefully. Reason about the information and answer with Yes or No.,Does Long John Silver's serve sea otter?,Sea Otters are endangered marine mammals. Long John Silver's is an american fast food chain that serves seafood. Long John Silver's does not serve meat from mammals.,No,StrategyQA,commonsense_reasoning
Read the question and supporting facts carefully. Reason about the information and answer with Yes or No.,Does Carl Linnaeus share the same final resting place as Michael Jackson?,Carl Linnaeus is buried in the Uppsala Cathedral. Michael Jackson is entombed at the Forest Lawn Memorial Park.,No,StrategyQA,commonsense_reasoning
Read the question and supporting facts carefully. Reason about the information and answer with Yes or No.,Would Iris (mythology) and Hermes hypothetically struggle at a UPS job?,UPS is the number one delivery/courier service according to 2019 sales. Iris is the goddess of the rainbow and serves as a messenger of the gods in Greek mythology. Hermes in Greek mythology was a god that functioned as the emissary and messenger of the gods.,No,StrategyQA,commonsense_reasoning
Read the question and supporting facts carefully. Reason about the information and answer with Yes or No.,Would the United States Military Academy reject an applicant with multiple sclerosis?,Multiple Sclerosis is a progressive condition affecting the brain and spinal chord. The US Military Academy does not give waivers for serious progressive conditions.,Yes,StrategyQA,commonsense_reasoning
Read the question and supporting facts carefully. Reason about the information and answer with Yes or No.,If a baby was born on Halloween would they be a Scorpio?,Halloween is a holiday where people dress up and happens on October 31 each year. The zodiac sign of Scorpio encompasses the dates from October 23 to November 22.,Yes,StrategyQA,commonsense_reasoning
Read the question and supporting facts carefully. Reason about the information and answer with Yes or No.,Can the Persian Gulf fit in New Jersey?,"The Persian Gulf has an area of 96,912 square miles. New Jersey has a land area of 7,417 square miles.",No,StrategyQA,commonsense_reasoning
Read the question and supporting facts carefully. Reason about the information and answer with Yes or No.,Would a Drow tower over The Hobbit's hero?,"The hero of the Hobbit is Bilbo Baggins. Bilbo Baggins is a hobbit, which is a race resembling very short humans with furry feet. Halfling is another term for hobbits, and halflings are described as being half the size of a human. The Drow are a race of dark elves described as being around five feet in height.",Yes,StrategyQA,commonsense_reasoning
Read the question and supporting facts carefully. Reason about the information and answer with Yes or No.,"Is surfing popular in Des Moines, Iowa?",Des Moines is a city in the landlocked state Iowa. Surfing involves riding the waves at a beach or ocean. There are no beaches in Iowa.,No,StrategyQA,commonsense_reasoning
Read the question and supporting facts carefully. Reason about the information and answer with Yes or No.,Can you taste Law & Order?,"Law & Order is a television show. Television shows cannot be tasted, only viewed. ",No,StrategyQA,commonsense_reasoning
Read the question and supporting facts carefully. Reason about the information and answer with Yes or No.,Was the death of Heath Ledger caused by his work on The Dark Knight?,Heath Ledger accidentally overdosed on prescription medication. Heath Ledger's overdose led to his death. ,No,StrategyQA,commonsense_reasoning
Read the question and supporting facts carefully. Reason about the information and answer with Yes or No.,Did the original lead guitarist of Metallica fail after parting from the band?,Metallica's original lead guitarist was Dave Mustaine. Dave Mustaine was fired from Metallica in 1983. Dave Mustaine formed the band Megadeth in 1983 and is the lead vocalist. Megadeth has sold over 38 million records worldwide.,No,StrategyQA,commonsense_reasoning
Read the question and supporting facts carefully. Reason about the information and answer with Yes or No.,Does Rahul Dravid belong to the family Gryllidae?,"Crickets (also known as ""true crickets""), of the family Gryllidae, are insects related to bush crickets, and, more distantly, to grasshoppers. Cricket is a bat-and-ball game played between two teams of eleven players on a field at the centre of which is a 20-metre (22-yard) pitch with a wicket at each end, each comprising two bails balanced on three stumps. Human beings belong to the family Hominidae.",No,StrategyQA,commonsense_reasoning
Read the question and supporting facts carefully. Reason about the information and answer with Yes or No.,Is it possible for biologist Rachel Carson to have flown to the moon?,Rachel Carlson died in 1964 The first humans landed on the moon in 1969,No,StrategyQA,commonsense_reasoning
Read the question and supporting facts carefully. Reason about the information and answer with Yes or No.,Would an ancient visitor to Persia probably consume crocus threads?,Ancient Persians would have several desserts after a simple meal Saffron is made from crocus styles or threads Saffron is a common ingredient in Persian desserts,Yes,StrategyQA,commonsense_reasoning
Read the question and supporting facts carefully. Reason about the information and answer with Yes or No.,Can the Dalai Lama fit in a car?,The Dalai Lama is a person. Cars are designed for people to sit in them.,Yes,StrategyQA,commonsense_reasoning
Read the question and supporting facts carefully. Reason about the information and answer with Yes or No.,Does US brand Nice depend on Western honey bee?,"US brand Nice creates a number of products including honey. The Western honey bee can be found on every continent except Antarctica. The Western honey bee is the most common pollinator in US, making it the most important bee to domestic agriculture.",Yes,StrategyQA,commonsense_reasoning
Read the question and supporting facts carefully. Reason about the information and answer with Yes or No.,Can a wheelbarrow full of starch kill hyperglycemics?,Hyperglycemia is a condition in which people have higher than normal blood glucose levels. Starch is a compound made by plants that is made of numerous glucose units. An excess of glucose can lead to diabetic complications and can result ind death. The average wheelbarrow can hold up to 1200 pounds.,Yes,StrategyQA,commonsense_reasoning
Read the question and supporting facts carefully. Reason about the information and answer with Yes or No.,Is a person with St. Vitus's Dance likely to win a ballet competition?,"St. Vitus's Dance, also called Sydenham's chorea, is a disease characterized by sudden jerking movements of the body. Ballet is a performance dance known for elegant and fluid motions.",No,StrategyQA,commonsense_reasoning
Read the question and supporting facts carefully. Reason about the information and answer with Yes or No.,Do Shivambu practitioners believe ammonia is unhealthy?,"Shivambu is another term for 'Urine Therapy', an alternative belief about healing with urine. Human urine contains ammonia. Shivambu practitioners believe that ingesting urine is healthy.",No,StrategyQA,commonsense_reasoning
Read the question and supporting facts carefully. Reason about the information and answer with Yes or No.,Was The Little Prince's titular character allergic to flowers?,The Little Prince tends to and cares for a rose. The Little Prince falls in love with a rose. ,No,StrategyQA,commonsense_reasoning
Read the question and supporting facts carefully. Reason about the information and answer with Yes or No.,Did Beethoven enjoy listening to EDM?,Ludwig van Beethoven died in 1827. EDM originated in the mid-to-late 20th century.,No,StrategyQA,commonsense_reasoning
Read the question and supporting facts carefully. Reason about the information and answer with Yes or No.,Does Home Depot sell item in late September zodiac sign symbol?,The zodiac sign for late September is Libra. The Libra zodiac sign is represented by scales.  Home Depot sells a number of scales including Pelouze and Ozeri brands.,Yes,StrategyQA,commonsense_reasoning
Read the question and supporting facts carefully. Reason about the information and answer with Yes or No.,Is immersion in virtual reality testable on cnidarians before humans?,"Perceptions are interpreted in the brain via the nervous system Hypothetical ways of interfacing with the central nervous system are being explored for immersive virtual reality Cnidarians have a nervous system, but not a central nervous system",No,StrategyQA,commonsense_reasoning
Read the question and supporting facts carefully. Reason about the information and answer with Yes or No.,Are moose used for work near the kingdom of Arendelle?,"The opening scene of Disney's Frozen shows a group of ice breakers. They have moose that carry the heavy ice blocks. One of them, Kristoff, becomes separated with his moose Sven. When Queen Elsa flees Arendelle and Princess Anna gives chase, she quickly encounters Kristoff.",Yes,StrategyQA,commonsense_reasoning
Read the question and supporting facts carefully. Reason about the information and answer with Yes or No.,Is the tree species that the name Leipzig refers to an evergeen tree?,"Leipzig is derived from the Slavic word Lipsk Lipsk means ""settlement where the linden trees stand"" Linden trees are deciduous trees",No,StrategyQA,commonsense_reasoning
Read the question and supporting facts carefully. Reason about the information and answer with Yes or No.,Was the Peak of the Andes hidden from the view of the Colossus of Rhodes?,"The highest point of the Andes is almost 23,000 feet high. The Colossus of Rhodes, a massive ancient statue, was around 108 feet tall. The Andes are located in South America. The Colossus of Rhodes was found in ancient Greece.",Yes,StrategyQA,commonsense_reasoning
Read the question and supporting facts carefully. Reason about the information and answer with Yes or No.,Would Nancy Pelosi have hypothetically been on same side as Gerald Ford?,"Gerald Ford was a Republican and was president from 1974-1977. Nancy Pelosi is the Democratic Speaker of the House. Domestically, Ford was consistently conservative, and led the fight against Johnson's Great Society.  Programs of the Great Society included Medicare, and Medicaid. Nancy Pelosi has consistently voted for Medicare and Medicaid.",No,StrategyQA,commonsense_reasoning
Read the question and supporting facts carefully. Reason about the information and answer with Yes or No.,Did Metallica band members cutting their hair hurt their sales?,"Metallica famously cut their hair in 1996 which caused a huge divide in their fanbase. Metallica's best selling album, The Black Album, was released in 1991 and has sold over 20 million copies. Since 1996, Metallica have released 5 studio albums. Metalica's 5 studio albums since 1996 have sold around a combined 14 million copies",Yes,StrategyQA,commonsense_reasoning
Read the question and supporting facts carefully. Reason about the information and answer with Yes or No.,Would Franz Ferdinand have survived with armadillo armor?,"Franz Ferdinand was the Archduke of Austria that was assassinated in 1914. Franz Ferdinand was assasinated with a FN Model 1910 pistol. Armadillos have a hard outer shell made of bony plates called osteoderms. The armadillos bony plates can withstand some force, but not a bullet.",No,StrategyQA,commonsense_reasoning
Read the question and supporting facts carefully. Reason about the information and answer with Yes or No.,Do frogs feel disgust?,Disgust is a basic emotion. Frogs make sounds that express their emotions.,Yes,StrategyQA,commonsense_reasoning
Read the question and supporting facts carefully. Reason about the information and answer with Yes or No.,Did Bill Nye vote for Franklin Delano Roosevelt?,Bill Nye was born in 1955 Franklin Delano Roosevelt's last election was in 1944,No,StrategyQA,commonsense_reasoning
Read the question and supporting facts carefully. Reason about the information and answer with Yes or No.,Was Florence Nightingale's death more painful than Saint Peter's?,Florence Nightingale was a social reformer that is the founder of modern medicine. Florence Nightingale died in her sleep. Saint Peter was a Christian preacher. Saint Peter was crucified by the Romans.,No,StrategyQA,commonsense_reasoning
Read the question and supporting facts carefully. Reason about the information and answer with Yes or No.,Could Hurricane Harvey catch a Peregrine falcon?,Hurricane Harvey had maximum winds of 130 MPH. The Peregrine falcon is the fastest animal on Earth. A Peregrine falcon can reach a maximum speed of 240 MPH.,No,StrategyQA,commonsense_reasoning
Read the question and supporting facts carefully. Reason about the information and answer with Yes or No.,Was the Donatello crucifix identified in 2020 life size?,The crucifix discovered in the church of Sant’Angelo depicts an adult man. The crucifix discovered in the church of Sant’Angelo is 89 cm high. The crucifix discovered in the church of Sant'Angelo was identified as being a work of Donatello. The average height of an adult man has been at least 150 cm in historical times.,No,StrategyQA,commonsense_reasoning
Read the question and supporting facts carefully. Reason about the information and answer with Yes or No.,Is it possible that June got its name from mythology?,June may have been named after Juno. Juno was a Roman goddess and wife of the Roman king of the gods Jupiter.,Yes,StrategyQA,commonsense_reasoning
Read the question and supporting facts carefully. Reason about the information and answer with Yes or No.,Did the Democratic Party's nominee for President of the U.S. in 1908 watch TV?,"William Jennings Bryan was the Democratic Party's nominee for President of the U.S. in 1908 William Jennings Bryan died Jul 26, 1925 Television was invented in 1927",No,StrategyQA,commonsense_reasoning
Read the question and supporting facts carefully. Reason about the information and answer with Yes or No.,Would Alexander Graham Bell hypothetically support Nazi eugenics?,Eugenics was the idea of selective breeding or sterilization to rid the human populace of certain traits. Nazis used eugenics to justify mass sterilization and mass murder. Alexander Graham Bell Alexander Graham Bell advocated against the use of sign language and hoped to eradicate deafness through selective breeding.,Yes,StrategyQA,commonsense_reasoning
Read the question and supporting facts carefully. Reason about the information and answer with Yes or No.,Does Snoop Dogg advocate a straight edge lifestyle?,A straight edge lifestyle requires abstaining from the usage of recreational drugs or alcohol. Snoop Dogg is famous for his chronic usage of marijuana.,No,StrategyQA,commonsense_reasoning
Read the question and supporting facts carefully. Reason about the information and answer with Yes or No.,Would a kindergarten teacher make a lesson of the New Testament?,"The majority of Kindergarten teachers work in public schools. Public schools abide by a separation of church and state, and do not have any overall religion. Students of all religions are welcome to attend public school.",No,StrategyQA,commonsense_reasoning
Read the question and supporting facts carefully. Reason about the information and answer with Yes or No.,Did Holy Land belong to Adamu's tribe?,"The Holy Land is a place that Jews, Muslims, and Christians revere. Adamu was an early king of Assyria. The Assyrians were in regions of the Holy Land as far back as 2600 BC. The predecessors to the Assyrians were in regions of the Holy Land as far back as 3500 BC.",Yes,StrategyQA,commonsense_reasoning
Read the question and supporting facts carefully. Reason about the information and answer with Yes or No.,Should spaghetti be slick when cooked?,"Spaghetti is typically served with a sauce on it. When noodles have too smooth a texture, no sauce will stick to them.",No,StrategyQA,commonsense_reasoning
Read the question and supporting facts carefully. Reason about the information and answer with Yes or No.,Does Felix Potvin have a position on a dodgeball team?,Felix Potvin was an NHL goaltender There is no goalie position on a dodgeball team,No,StrategyQA,commonsense_reasoning
Read the question and supporting facts carefully. Reason about the information and answer with Yes or No.,Could the Atlantic readers fill 500 battalions?,"A battalion is a military unit of measurement that includes 1000 soldiers. As of 2018 The Atlantic has a circulation of 478,534.",No,StrategyQA,commonsense_reasoning
Read the question and supporting facts carefully. Reason about the information and answer with Yes or No.,Is the Royal Air Force ensign on the moon?,The Royal Air Force ensign is the flag of the Royal Air Force The Royal Air Force is a branch of the British Armed Forces Britain has never landed on the moon,No,StrategyQA,commonsense_reasoning
Read the question and supporting facts carefully. Reason about the information and answer with Yes or No.,Could all of the 2008 Summer Olympics women find a hookup athlete partner?,"The 2008 Summer Olympics had 4,637 women compete. The 2008 Summer Olympics had 6,305 men compete.",Yes,StrategyQA,commonsense_reasoning
Read the question and supporting facts carefully. Reason about the information and answer with Yes or No.,Would New Year's Eve hypothetically be Bacchus's favorite holiday?,Bacchus was the Roman god of wine and revelry. One of the main New Year's Eve traditions is drinking a toast to the new year. New Year’s Eve is the biggest day of the year for liquor stores in terms of sales.,Yes,StrategyQA,commonsense_reasoning
Read the question and supporting facts carefully. Reason about the information and answer with Yes or No.,Are quadrupeds represented on Chinese calendar?,"Quadrupeds are animals that walk on four legs. The Chinese calendar has a number of symbols including monkeys, goats, and tigers. Tigers have four paws and balance themselves by walking on their toes.",Yes,StrategyQA,commonsense_reasoning
Read the question and supporting facts carefully. Reason about the information and answer with Yes or No.,Can Larry King's ex-wives form a water polo team?,Water polo is a sport played by teams of seven competitors Larry King has seven ex-wives,Yes,StrategyQA,commonsense_reasoning
Read the question and supporting facts carefully. Reason about the information and answer with Yes or No.,Does Super Mario protagonist hypothetically not need continuing education classes in Illinois?,"Mario, the protagonist of Super Mario, is a plumber by profession. Continuing education classes are required for certain professions in certain jurisdictions. Plumbers are required in Illinois to take continuing education classes.",No,StrategyQA,commonsense_reasoning
Read the question and supporting facts carefully. Reason about the information and answer with Yes or No.,Could Aretha Franklin vote for a president when her second child was born?,Aretha Franklin was born in 1942. Aretha Franklin had her second child in 1957. You must be at least 18 years old to vote in a presidential election in the United States.,No,StrategyQA,commonsense_reasoning
Read the question and supporting facts carefully. Reason about the information and answer with Yes or No.,Can a minotaur hypothetically injure a tibia playing football?,A minotaur is a mythological creature with the head of a bull and the body of a human. The tibia is the bone between the knee and the ankle in humans. Tibia injuries are common injuries in contact sports such as football.,Yes,StrategyQA,commonsense_reasoning
Read the question and supporting facts carefully. Reason about the information and answer with Yes or No.,Has the Holy Grail been featured in at least five films?,1981's Excalibur film features King Arthur and his knights looking for the Holy Grail. Monty Python and the Holy Grail spoofs Arthurian legend. Indiana Jones and the Last Crusade features a search for the Holy Grail. Prince Killian and the Holy Grail focuses on retrieval of the grail. The Silver Chalice focuses on a man that has to sculpt the Holy Grail.,Yes,StrategyQA,commonsense_reasoning
Read the question and supporting facts carefully. Reason about the information and answer with Yes or No.,Does table tennis use prime numbers?,A table tennis game is won by the player first scoring 11 points. 11 is a prime number.,Yes,StrategyQA,commonsense_reasoning
Read the question and supporting facts carefully. Reason about the information and answer with Yes or No.,Are months based on the solar cycle?,"The solar cycle is measured by the year: the length of one orbit, as well as by day: the length of one of Earth's rotation about its axis. However, months are based on the lunar cycle, how the shadow of the Earth on the moon causes it to appear to grow and shrink and change shape over the course of four weeks.",No,StrategyQA,commonsense_reasoning
Read the question and supporting facts carefully. Reason about the information and answer with Yes or No.,Have jokes killed more people than rats in history?,Greek philosopher Chrysippus was said to have died from laughter after seeing a donkey eating figs. There are only a handful of deaths attributed to jokes throughout history including King Martin of Aragon. There are an average of 30 deaths by rat attacks every century. The plague which is sometimes associated with diseased rats killed millions of people.,No,StrategyQA,commonsense_reasoning
Read the question and supporting facts carefully. Reason about the information and answer with Yes or No.,Has Cesar Millan ever tamed a short-eared dog?,"Cesar Millan is a Mexican-American dog trainer with over 25 years of canine experience. The short-eared dog lives in various parts of the rainforest environment, preferring areas with little human disturbance. The short-eared dog is a solitary animal and prefers moving in trees away from human and other animal interactions. The short-eared dog is a wild animal that is not suitable as a pet.",No,StrategyQA,commonsense_reasoning
Read the question and supporting facts carefully. Reason about the information and answer with Yes or No.,Has Billy Joel sold out Astana Arena?,"Astana Arena is a 30,000 seat football stadium in Kazakhstan. Billy Joel, who has performed concerts all over the world, has never been to Kazakhstan.",No,StrategyQA,commonsense_reasoning
Read the question and supporting facts carefully. Reason about the information and answer with Yes or No.,Would a moose hypothetically be too much for a minotaur to devour whole?,A minotaur was a mythological beast with the head of a bull and body of a human. Human stomachs process about three to four pounds of food a day. A moose can weigh up to 1500 pounds. Bulls can consume around 33 pounds of food a day.,Yes,StrategyQA,commonsense_reasoning
Read the question and supporting facts carefully. Reason about the information and answer with Yes or No.,Is starving Hamas agent eating pig bad?,"Hamas is a Sunni-Islam fundamentalist group that strictly prohibits the eating of a pig. Sunni Islam has a concept called the Law of Necessity. The Law of Necessity states that, ""That which is necessary makes the forbidden permissible.""",No,StrategyQA,commonsense_reasoning
Read the question and supporting facts carefully. Reason about the information and answer with Yes or No.,Could an ocelot outrun a kindergartner? ,An ocelot can run up to 61 kilometers per hour. Kindergartners are human children usually aged five to six years old. Human children under 10 are not likely to exceed 20 kilometers per hour.,Yes,StrategyQA,commonsense_reasoning
Read the question and supporting facts carefully. Reason about the information and answer with Yes or No.,Is the Foreign and Commonwealth Office a European political agency?,The Office is part of the government of the United Kingdom. The United Kingdom is in Europe.,Yes,StrategyQA,commonsense_reasoning
Read the question and supporting facts carefully. Reason about the information and answer with Yes or No.,Would vegans consider chickpeas for a tuna substitute?,"Vegans do not eat any animal products, including milk, eggs, meat, and cheese.  Vegan alternatives for things like mayo exist.  There are vegan recipes for ""tuna"" online that include chickpeas as the main component.",Yes,StrategyQA,commonsense_reasoning
Read the question and supporting facts carefully. Reason about the information and answer with Yes or No.,Did Kim Il-sung network on LinkedIn?,LinkedIn was launched in 2003. Kim Il-sung died in 1994.,No,StrategyQA,commonsense_reasoning
Read the question and supporting facts carefully. Reason about the information and answer with Yes or No.,Did Barack Obama participate in the Reformation?,The Reformation took place in the 16th century.  Barack Obama was born in 1961.,No,StrategyQA,commonsense_reasoning
Read the question and supporting facts carefully. Reason about the information and answer with Yes or No.,Does Neville Longbottom have more courage as a child than as an adult?,"Neville Longbottom is a character from the Harry Potter series. In the first few books of the Harry Potter series, Neville is a child. In the final few books of the Harry Potter series Neville is becoming an adult.  Neville's first appearances in the series show him to be very cowardly. Neville is considered a hero by the end of the series.",No,StrategyQA,commonsense_reasoning
Read the question and supporting facts carefully. Reason about the information and answer with Yes or No.,Is Bern located east of Paris?,Paris is located in France. Bern is located in Switzerland. Switzerland borders France to the east.,Yes,StrategyQA,commonsense_reasoning
Read the question and supporting facts carefully. Reason about the information and answer with Yes or No.,Can Stone Cold Steve Austin apply his finisher to a mule deer?,"Steve Austin's finisher, The Stone Cold Stunner, involves lifting the opponent and then pulling their head down. The largest male mule deer's are around 330 pounds. Steve Austin has applied his finisher to the wrestler The Big Show. The Big Show weighs 383 pounds.",Yes,StrategyQA,commonsense_reasoning
Read the question and supporting facts carefully. Reason about the information and answer with Yes or No.,Are leaves from coca good for gaining weight?,People who want to gain weight seek to increase caloric intake  Coca leaf contains chemicals that suppress hunger and thirst,No,StrategyQA,commonsense_reasoning
Read the question and supporting facts carefully. Reason about the information and answer with Yes or No.,Are fresh garlic cloves as easy to eat as roasted garlic cloves?,"Allicin is the component of garlic that makes it 'spicy' feeling in the mouth. When garlic is cooked, the Allicin in it is removed.",No,StrategyQA,commonsense_reasoning
Read the question and supporting facts carefully. Reason about the information and answer with Yes or No.,Did Holy Saturday 2019 have special significance to pot smokers?,"Holy Saturday 2019 took place on April 20th. April 20th, known as 4/20 day, National Pot Smokers Day, Weed Day or National Weed Day, is a holiday for pot smokers.",Yes,StrategyQA,commonsense_reasoning
Read the question and supporting facts carefully. Reason about the information and answer with Yes or No.,Can French Toast hypothetically kill a Lannister?,The Lannister's are a wealthy family in the Song of Ice and Fire book series. French Toast is made from bread dipped in an egg batter. Salmonella is a deadly bacteria that can be carried by spoiled eggs.,Yes,StrategyQA,commonsense_reasoning
Read the question and supporting facts carefully. Reason about the information and answer with Yes or No.,Can Billie Eilish afford a Porsche?,"Billie Eilish is a famous female singer. Billie Eilish is 18 years old and has a net worth of $25 Million.  A Porsche Boxster is a car that starts at $59,000. $25,000,000 is greater than $59,000.",Yes,StrategyQA,commonsense_reasoning
Read the question and supporting facts carefully. Reason about the information and answer with Yes or No.,Will Queen Elizabeth be buried in the Pantheon?,Queen Elizabeth is the reigning monarch of the United Kingdom The Pantheon is a resting place for notable French citizens,No,StrategyQA,commonsense_reasoning
Read the question and supporting facts carefully. Reason about the information and answer with Yes or No.,Could B be mistaken for an Arabic numeral?,"The letter 'B' resembles a figure-8 with a flattened left side. The Arabic numeral '8' is drawn as one large circle and a smaller circle immediately on top, intersecting each other.  A 'figure-8' is a shape consisting of two intersecting circles, the larger on the bottom.",Yes,StrategyQA,commonsense_reasoning
Read the question and supporting facts carefully. Reason about the information and answer with Yes or No.,"If he were poor, would Christopher Reeve have lived?","Christopher Reeve suffered a serious spinal cord injury that left him a quadriplegic.  Christopher Reeve required a portable ventilator after his injury. At one point, Christopher Reeve's treatment was costing $400,000 yearly.",No,StrategyQA,commonsense_reasoning
Read the question and supporting facts carefully. Reason about the information and answer with Yes or No.,Was the sable depicted in Marvel comics anthropomorphic?,Anthropomorphism is the process of giving human characteristics to an animal or non human object. A sable is a carnivorous mammal of the weasel family. Silver Sable was a female character that first appeared in Marvel Comics in 1985. Silver Sable was a human mercenary that wore a silver suit and used hand to hand combat and weaponry to battle war criminals.,No,StrategyQA,commonsense_reasoning
Read the question and supporting facts carefully. Reason about the information and answer with Yes or No.,Is an ammonia fighting cleaner good for pet owners?,Ammonia is a component in pet urine. Ammonia has a very pungent and unpleasant odor.,Yes,StrategyQA,commonsense_reasoning
Read the question and supporting facts carefully. Reason about the information and answer with Yes or No.,Can Spartina Patens thrive in the Sahara Desert?,Spartina Patens is a type of cordgrass that grows in salt marshes. Spartina Patens requires a marsh-like environment to thrive. The Sahara Desert is known for being dry and very hot.,No,StrategyQA,commonsense_reasoning
Read the question and supporting facts carefully. Reason about the information and answer with Yes or No.,Was Surfing popular when pogs came out?,"Pogs came out in the 1990's. The 90's saw a rise in 'Big Wave Culture', a practice involving finding the largest possible waves to surf on.",Yes,StrategyQA,commonsense_reasoning
Read the question and supporting facts carefully. Reason about the information and answer with Yes or No.,Can an adult male stand on top Donatello's bronze David and touch the Sistine Chapel ceiling?,Donatello's created a bronze David statue that stands over five feet tall. The average height of an adult male is five feet and nine inches. The tallest adult male in history was eight feet and eleven inches. The Sistine Chapel ceiling is sixty eight feet high.,No,StrategyQA,commonsense_reasoning
Read the question and supporting facts carefully. Reason about the information and answer with Yes or No.,Can vitamin C rich fruits be bad for health?,Oranges are fruits that are rich in vitamin C. Oranges are very acidic fruits that can wear down tooth enamel. Too much Vitamin C can cause nausea and diarrhea.,Yes,StrategyQA,commonsense_reasoning
Read the question and supporting facts carefully. Reason about the information and answer with Yes or No.,Could Rhode Island sink into the Bohai Sea?,"The Bohai Sea is 30,000 square miles Rhode Island is 1,214 square miles",Yes,StrategyQA,commonsense_reasoning
Read the question and supporting facts carefully. Reason about the information and answer with Yes or No.,Would Phineas and Ferb enjoy winter?,"Phineas and Ferb is a tv show that takes place in the summer time. Phineas and Ferb are students and they get summer break in the summer. They enjoy summer break because of the freetime they have. If it were winter, they would not have summer break.",No,StrategyQA,commonsense_reasoning
Read the question and supporting facts carefully. Reason about the information and answer with Yes or No.,Is breakdancing safe for people with tendonitis?,Tendonitis is a condition where the joints are inflamed. Strong motions in joints suffering from tendonitis can result in damage to nerves. Breakdancing is a style of dance that involves many vigorous motions. The downrock breakdancing maneuver involves balancing the body weight on the floor using one arm.,No,StrategyQA,commonsense_reasoning
Read the question and supporting facts carefully. Reason about the information and answer with Yes or No.,Does walking across Amazonas put a person's life at risk?,Amazonas is mostly tropical jungle. Tropical jungles contain dangerous creatures. Dangerous creatures put people's lives at risk.,Yes,StrategyQA,commonsense_reasoning
Read the question and supporting facts carefully. Reason about the information and answer with Yes or No.,Could Charlie Bucket be a hotel manager?,"Charlie Bucket is a fictional character from ""Charlie and the Chocolate Factory"", portrayed as a child. Children cannot be hotel managers.",No,StrategyQA,commonsense_reasoning
Read the question and supporting facts carefully. Reason about the information and answer with Yes or No.,Is it safe to wear sandals in snow?,Sandals have open toes and don't completely cover the feet. Snow is very cold and direct exposure to skin can cause hypothermia. The feet need to be completely covered to walk through snow safely.,No,StrategyQA,commonsense_reasoning
Read the question and supporting facts carefully. Reason about the information and answer with Yes or No.,Did either Kublai Khan or his grandfather practice monogamy?,Kublai Khan was married multiple times and was said by some to have thousands of concubines. Kublai Khans grandfather was Genghis Khan. Genghis Khan had six wives and was said to have over 500 concubines.,No,StrategyQA,commonsense_reasoning
Read the question and supporting facts carefully. Reason about the information and answer with Yes or No.,Was song of Roland protagonist friendly with group that had sagas?,The sagas were Nordic mythological stories that were celebrated by the Vikings. The Song of Roland was an epic poem about the nephew of Charlemagne. Charlemagne was King of the Franks. The Franks fought many battles against Vikings including the Siege of Paris in 845 AD.,No,StrategyQA,commonsense_reasoning
Read the question and supporting facts carefully. Reason about the information and answer with Yes or No.,Would Arnold Schwarzenegger be unable to run for President of the US?,Arnold Schwarzenegger was born in Austria. One requirement of running for the US Presidency is to have been born in the USA.,Yes,StrategyQA,commonsense_reasoning
Read the question and supporting facts carefully. Reason about the information and answer with Yes or No.,Can oysters be preserved without refrigeration? ,"In some types of Korean kimchi, oysters are placed between the leaves of nappa cabbage.  Many grocery stores carry canned oysters in the shelf stable section. ",Yes,StrategyQA,commonsense_reasoning
Read the question and supporting facts carefully. Reason about the information and answer with Yes or No.,Do people celebrate Earth Day with a ceremonial tire fire?,Earth Day is a global holiday to show support for environmental protection. Tire fire is a large quantity of tires burning at once. Smoke from burning tires contain heavy metals and other harmful pollutants. Smoke is harmful to the environment. ,No,StrategyQA,commonsense_reasoning
Read the question and supporting facts carefully. Reason about the information and answer with Yes or No.,Is Dustin Hoffman one of the B'nei Yisrael?,"Dustin Hoffman was raised in a Jewish family. In modern Hebrew, b'nei yisrael (""children of Israel"") can denote the Jewish people at any time in history.",Yes,StrategyQA,commonsense_reasoning
Read the question and supporting facts carefully. Reason about the information and answer with Yes or No.,"While viewing ""Scary Movie"" is the viewer likely to experience an increase in adrenaline?","Scary Movie is a film that is a comedy take on horror, intended to make viewers laugh but not afraid. Adrenaline is produced when a human is frightened or excited.",No,StrategyQA,commonsense_reasoning
Read the question and supporting facts carefully. Reason about the information and answer with Yes or No.,Do ants outperform apes on language ability?,Language involves grammar and vocabulary Ants have not shown any understanding of grammar Apes include humans who use language to communicate,No,StrategyQA,commonsense_reasoning
Read the question and supporting facts carefully. Reason about the information and answer with Yes or No.,Can you see Stonehenge from a window in Dusseldorf?,"Dusseldorf is a city in Germany. Stonehenge is a prehistoric monument in Wiltshire, England. Wiltshire England is around seven hours away from Dusseldorf Germany by car.",No,StrategyQA,commonsense_reasoning
Read the question and supporting facts carefully. Reason about the information and answer with Yes or No.,Did anyone in the 1912 election take a majority of the popular vote?,Woodrow Wilson took 41% of the vote. Theodore Roosevelt took 27% of the vote. William Howard Taft took 23% of the vote. Eugene Debs took 6% of the vote. A majority is more than 50%.,No,StrategyQA,commonsense_reasoning
Read the question and supporting facts carefully. Reason about the information and answer with Yes or No.,Is there a popular Broadway character who is a missionary?,The Book of Mormon is a popular Broadway musical. The two main characters are Elder Price and Elder Cunningham. They are Mormon missionaries sent to Africa to share their religion with the villagers.,Yes,StrategyQA,commonsense_reasoning
Read the question and supporting facts carefully. Reason about the information and answer with Yes or No.,Could the Eiffel Tower be completely submerged at the Arctic Ocean's deepest point?,"The deepest point in the Arctic Ocean is 18,210 feet below the surface. The Eiffel Tower is 1,063 feet tall.",Yes,StrategyQA,commonsense_reasoning
Read the question and supporting facts carefully. Reason about the information and answer with Yes or No.,Can Amtrak's Acela Express break the sound barrier?,Amtrak's Acela Express is the fastest train in the Western Hemisphere and can reach 150 mph. A US Navy plane would need to travel 770 mph to break the sound barrier.,No,StrategyQA,commonsense_reasoning
Read the question and supporting facts carefully. Reason about the information and answer with Yes or No.,Did mercenaries fight for England in the Glorious Revolution?,Mercenaries are soldiers for hire There was no military conflict in England in the Glorious Revolution,No,StrategyQA,commonsense_reasoning
Read the question and supporting facts carefully. Reason about the information and answer with Yes or No.,Would Achilles dominate Legolas in a hypothetical fight?,"Achilles was a Greek hero that was killed by an arrow to the heel. Legolas is an elf archer from Lord of the Rings that can shoot arrows incredibly fast. Achilles's companions included human warriors such as Ajax and Odysseus. Legolas's companions include Gandalf who is a high level wizard, capable of casting many deadly spells.",No,StrategyQA,commonsense_reasoning
Read the question and supporting facts carefully. Reason about the information and answer with Yes or No.,Will Donald Duck hypothetically purchase bell-bottoms for himself?,Bell-bottoms were a style of pants that were popular in the 60s and 70s. Donald Duck is an animated Disney character that never wears pants.,No,StrategyQA,commonsense_reasoning
Read the question and supporting facts carefully. Reason about the information and answer with Yes or No.,Is Bugs Bunny known for carrying a root vegetable around with him?,Bugs Bunny carries a carrot around with him. Carrots are considered root vegetables.,Yes,StrategyQA,commonsense_reasoning
Read the question and supporting facts carefully. Reason about the information and answer with Yes or No.,Would someone in CHE101 require a Maya Angelou book?,"CHE101 is short for Chemistry 101, a basic college class. Maya Angelou's writings are suited for classes in history and literature. ",No,StrategyQA,commonsense_reasoning
Read the question and supporting facts carefully. Reason about the information and answer with Yes or No.,Were all the materials to make a cannon known during the bronze age?,"The Bronze Age happened from about 3300 BC to 300 BC. Cannons require a fuse, gunpowder, and iron or other material to house the chemicals. Gunpowder was discovered around the 9th century AD.",No,StrategyQA,commonsense_reasoning
Read the question and supporting facts carefully. Reason about the information and answer with Yes or No.,Can the Palace of Westminster tell time in the dark?,"The Palace of Westminster has Big Ben, a striking clock tower Big Ben communicates the time via bells",Yes,StrategyQA,commonsense_reasoning
Read the question and supporting facts carefully. Reason about the information and answer with Yes or No.,Can a Muslim eat a McRib sandwich?,"Pork products are haram, or forbidden in Islam. The McRib is a pork-based sandwich.",No,StrategyQA,commonsense_reasoning
Read the question and supporting facts carefully. Reason about the information and answer with Yes or No.,Will electric car struggle to finish Daytona 500?,The Daytona 500 is a 2.5 mile long race. The Daytona 500 requires 200 laps to complete. The best electric car engines last around 390 miles.,Yes,StrategyQA,commonsense_reasoning
Read the question and supporting facts carefully. Reason about the information and answer with Yes or No.,"Does Orange County, California require airplanes to be quiet?","John Wayne Airport is in Orange County. John Wayne Airport is in very close proximity to residential areas. There is a General Aviation Noise Ordinance in Orange County, California.  Commercial pilots will cut the engine of the aircraft on arrival and departure from Orange County, California. ",Yes,StrategyQA,commonsense_reasoning
Read the question and supporting facts carefully. Reason about the information and answer with Yes or No.,Will bumblebees derail the United States presidential election?,"The United States presidential election is held in November of each year. Bees die off during the winter months except for the queen bee. During November, bees go into their hives and hibernate.",No,StrategyQA,commonsense_reasoning
Read the question and supporting facts carefully. Reason about the information and answer with Yes or No.,Did Maroon 5 go on tour with Nirvana?,Maroon 5 formed in 2001. Nirvana's final performances were in 1994.,No,StrategyQA,commonsense_reasoning
Read the question and supporting facts carefully. Reason about the information and answer with Yes or No.,Could eating Chinook salmon help Ryan Reynolds?,Chinook salmon is high in omega-3 fatty acids. Omega-3 fatty acids can aid treatment of depression.  Ryan Reynolds has struggled with depression.,Yes,StrategyQA,commonsense_reasoning
Read the question and supporting facts carefully. Reason about the information and answer with Yes or No.,Is Shakespeare famous because of the infinitive form?,"Shakespeare wrote the play Hamlet Hamlet contains one of Shakespeare's most famous passages, Hamlet's soliloquy Hamlet's soliloquy begins with the line 'To be or not to be', which uses the infinitive form",Yes,StrategyQA,commonsense_reasoning
Read the question and supporting facts carefully. Reason about the information and answer with Yes or No.,Did Cleopatra have ethnicity closer to Egyptians than Greeks?,"Cleopatra was the last ruler of the Kingdom of Egypt. Cleopatra was the descendant of Ptolemy I Soter, a Greek general from Macedonia. Cleopatra's father, Ptolemy XII Auletes, was most likely descended from an Alexandrian Greek mother. Cleopatra is believed to be mostly Greek with some Persian and Syrian ancestry as well.",No,StrategyQA,commonsense_reasoning
Read the question and supporting facts carefully. Reason about the information and answer with Yes or No.,Did Elizabeth II frequently visit Queen Victoria?,Queen Victoria died in 1901. Elizabeth II was born in 1926.,No,StrategyQA,commonsense_reasoning
Read the question and supporting facts carefully. Reason about the information and answer with Yes or No.,Is J.D. Salinger's most successful work influential to killers?,J.D. Salinger's most popular work was Catcher in the Rye. John Hinckley Jr. tried to assassinate Ronald Reagan after reading Catcher in the Rye. Mark David Chapman had a copy of Catcher in the Rye when he assassinated John Lennon. Robert John Bardo carried a copy of Catcher in the Rye when he murdered actress Rebecca Schaeffer.,Yes,StrategyQA,commonsense_reasoning
Read the question and supporting facts carefully. Reason about the information and answer with Yes or No.,Did Marco Polo travel with Christopher Columbus?,Marco Polo died in 1324. Christopher Columbus was born in 1451.,No,StrategyQA,commonsense_reasoning
Read the question and supporting facts carefully. Reason about the information and answer with Yes or No.,Do tourists prefer Tuvalu to Niue?,"Tuvalu receives an average of 2,000 annual tourists. Niue receives an average of 10,000 annual tourists.",No,StrategyQA,commonsense_reasoning
Read the question and supporting facts carefully. Reason about the information and answer with Yes or No.,Could you watch all of JAG in six months?,"JAG has 227 episodes in the entire series. Each episode of JAG is between 42-47 minutes long. There are over 200,000 minutes in a month.  The entire series of JAG is under 12,000 minutes. ",Yes,StrategyQA,commonsense_reasoning
Read the question and supporting facts carefully. Reason about the information and answer with Yes or No.,is the brain located in the torso?,"The brain is located inside the head. The head is located on top of the torso.  The torso contains the heart, lungs, and stomach.",No,StrategyQA,commonsense_reasoning
Read the question and supporting facts carefully. Reason about the information and answer with Yes or No.,Is the Jurassic era a tourist destination?,The Jurassic era is a period of time in the past. Time travel does not currently exist. ,No,StrategyQA,commonsense_reasoning
Read the question and supporting facts carefully. Reason about the information and answer with Yes or No.,Was Noah concerned with buoyancy?,Buoyancy is the property of an object related to its ability to float in liquid Noah was tasked with building a boat to house many animals and survive a catastrophic flood Boats must be properly buoyant or they will sink,Yes,StrategyQA,commonsense_reasoning
Read the question and supporting facts carefully. Reason about the information and answer with Yes or No.,Would a Rockette look odd with a moustache? ,"The Rockettes are an American dance group made up of all women. In America, it is uncommon to see a woman with a moustache.",Yes,StrategyQA,commonsense_reasoning
Read the question and supporting facts carefully. Reason about the information and answer with Yes or No.,Can your psychologist say hello to you while you are out at the supermarket?,Therapists are bound by confidentiality in all areas of their work.  It would violate the standard set by the APA for a therapist to acknowledge any client outside of a therapeutic setting.,No,StrategyQA,commonsense_reasoning
Read the question and supporting facts carefully. Reason about the information and answer with Yes or No.,Could someone mistake the smell of your brussels sprouts for a fart?,"Brussels Sprouts are cruciferous vegetables. Cruciferous vegetables have a sulfur containing chemical called glucosinolate in them When you cook brussels sprouts, their smell intensifies. ",Yes,StrategyQA,commonsense_reasoning
Read the question and supporting facts carefully. Reason about the information and answer with Yes or No.,Would a kaffir lime be a good ingredient for making a candle?,"Kaffir limes are citrus fruits originating in tropical climates. The Kaffir lime leaves and rind emit an intense citrus fragrance when crushed up. Yankee Candle, one of the largest candle companies, sells several popular varieties of citrus candles. Sage and Citrus is one of the highest rated scents that Yankee Candle sells.",Yes,StrategyQA,commonsense_reasoning
Read the question and supporting facts carefully. Reason about the information and answer with Yes or No.,Do movies always show nerds as the losers?,"Superbad features two main characters that are nerds on a quest for love, and ends with them being victorious. The Social Network is a film about a University Nerd who took his website global and became one of the most powerful people in the world.",No,StrategyQA,commonsense_reasoning
Read the question and supporting facts carefully. Reason about the information and answer with Yes or No.,"In Hey Arnold, did any characters stay on a porch all the time?","Hey Arnold was an animated children's series. Hey Arnold featured 'Stoop Kid', a character who never left the front stoop of his home. A stoop is the city equivalent of a porch.",Yes,StrategyQA,commonsense_reasoning
Read the question and supporting facts carefully. Reason about the information and answer with Yes or No.,Can a woman on average have a baby before wheat seed blooms?,The average time it takes for a woman to give birth is 9 months. Wheat takes between 7 to 8 months to harvest.,No,StrategyQA,commonsense_reasoning
Read the question and supporting facts carefully. Reason about the information and answer with Yes or No.,Will NY Stock Exchange closing bell be heard in Universal Music Group's headquarters?,"The New York Stock Exchange is located in New York, USA. Universal Music Group's headquarters is located in Santa Monica, California. Santa Monica is about 2800 miles from New York. A shout can be heard up to 100 meters away.",No,StrategyQA,commonsense_reasoning
Read the question and supporting facts carefully. Reason about the information and answer with Yes or No.,Could the Great Wall of China connect the Dodgers to the White Sox?,"The Dodgers are a baseball team located in Los Angeles The White Sox are a baseball team located in Chicago The distance between Los Angeles and Chicago is 2,015 miles The length of the main section of the Great Wall of China is 2,145 miles",Yes,StrategyQA,commonsense_reasoning
Read the question and supporting facts carefully. Reason about the information and answer with Yes or No.,Does Hanuman have some of the same duties as Athena?,"Hanuman, the divine Hindu monkey, is a god of strength, knowledge, and victory. Athena was the Greek goddess of war, and wisdom.",Yes,StrategyQA,commonsense_reasoning
Read the question and supporting facts carefully. Reason about the information and answer with Yes or No.,Are rainbows devoid of color made by mixing yin and yang colors?,"Yin and Yang are a philosophical Chinese concept represented by the color black and white. Black and white when mixed together create the color gray. The rainbow contains the colors: red, orange, yellow, green, blue, indigo and violet.",Yes,StrategyQA,commonsense_reasoning
Read the question and supporting facts carefully. Reason about the information and answer with Yes or No.,Is the language used in Saint Vincent and the Grenadines rooted in English?,"The primary language spoken in Saint Vincent and the Grenadines is Vincentian Creole. Vincentian Creole is English-based, with elements of French, Antillean Creole, and indigenous South American and African languages.",Yes,StrategyQA,commonsense_reasoning
Read the question and supporting facts carefully. Reason about the information and answer with Yes or No.,Can depression be mistaken for laziness?,"Symptoms of depression include low energy, inability to get out of bed, and low motivation. Low energy and low motivation can cause someone to seem like they are slacking on responsibility.",Yes,StrategyQA,commonsense_reasoning
Read the question and supporting facts carefully. Reason about the information and answer with Yes or No.,Would Donald Duck be allowed into most grocery stores?,"Donald Duck is known for not wearing any pants or shoes. Most grocery stores have a ""No shoes, No Shirt, No Service"" policy.",No,StrategyQA,commonsense_reasoning
Read the question and supporting facts carefully. Reason about the information and answer with Yes or No.,Does Zelda Williams have any cousins on her father's side?,Robin Williams was the father of Zelda Williams.  Robin Williams was an only child. A cousin is the child of a parent's siblings.  Only children do not have siblings.,No,StrategyQA,commonsense_reasoning
Read the question and supporting facts carefully. Reason about the information and answer with Yes or No.,Are all twins the same gender?,"Identical twins are always the same gender. However, identical twins are very rare. Most twin cases are formed from two different fertilizations during the same conception event. Non-identical twins can be opposite gender or same gender.",No,StrategyQA,commonsense_reasoning
Read the question and supporting facts carefully. Reason about the information and answer with Yes or No.,Is Hanuman associated with a Norse god?,Hanuman is a companion of the god Rama. Rama is an avatar of the god Vishnu in Hindu mythology.,No,StrategyQA,commonsense_reasoning
Read the question and supporting facts carefully. Reason about the information and answer with Yes or No.,Were the first missionaries required to attend mass on Sundays?,"The word ""mission"" originates from 1598 when the Jesuits sent members abroad. Jesuits are a Roman Catholic order of religious men The Roman Catholic religion requires members to attend mass on Sundays",Yes,StrategyQA,commonsense_reasoning
Read the question and supporting facts carefully. Reason about the information and answer with Yes or No.,Would a vegan eat a traditional Paella dish?,Vegans do not consume animals or products derived from animals. The traditional Paella recipe includes rabbit and chicken as two of the ingredients.,No,StrategyQA,commonsense_reasoning
Read the question and supporting facts carefully. Reason about the information and answer with Yes or No.,Is the current Chief Justice of the United States forbidden from buying alcohol?,The current Chief Justice of the United States is John Roberts. John Roberts is 65 years old. You have to be at least 21 years old to purchase alcohol in the United States.,No,StrategyQA,commonsense_reasoning
Read the question and supporting facts carefully. Reason about the information and answer with Yes or No.,Would the number 666 appear in a church?,A church is a place of worship in Christianity. Jesus Christ is worshiped by adherents of Christianity. 666 is a symbolic representation of the Antichrist. An Antichrist is someone that opposes Jesus Christ.,No,StrategyQA,commonsense_reasoning
Read the question and supporting facts carefully. Reason about the information and answer with Yes or No.,Is winter associated with hot temperatures?,"Winter is the season that occurs when a hemisphere is tilted away from the sun during Earth's orbit. During this season, that hemisphere gets less sunshine and is further from the sun than the other hemisphere. As a result, temperatures in that hemisphere are much colder during that season.",No,StrategyQA,commonsense_reasoning
Read the question and supporting facts carefully. Reason about the information and answer with Yes or No.,Was Edward II crucial to England's victory at Battle of Falkirk?,The Battle of Falkirk was a battle between England and the Scots. King Edward I led English forces to victory against William Wallace at the Battle of Falkirk. The Battle of Falkirk took place in 1298. Edward II was born in 1284 and his first campaign with his father against Scotland happened in 1300. Edward II was knighted in 1306.,No,StrategyQA,commonsense_reasoning
Read the question and supporting facts carefully. Reason about the information and answer with Yes or No.,Was Mesopotamia part of what is now China?,"Mesopotamia occupies an area of land called the Fertile Crescent which is part of what is currently known as the Middle East. China is much further East, beyond the Stans and India.",No,StrategyQA,commonsense_reasoning
Read the question and supporting facts carefully. Reason about the information and answer with Yes or No.,Do American wheelchair users know what the ADA is?,The ADA is the Americans with Disabilities Act. Non-ADA compliant businesses include those without wheelchair access points.,Yes,StrategyQA,commonsense_reasoning
Read the question and supporting facts carefully. Reason about the information and answer with Yes or No.,Is letter C crucial to spelling the two most common words in English language?,"The most common word in the English language is ""the"". The second most common word in the English language is ""be"".",No,StrategyQA,commonsense_reasoning
Read the question and supporting facts carefully. Reason about the information and answer with Yes or No.,Is capsaicin associated with cooking?,Capsaicin occurs naturally in chilies and other peppers. It is the substance that makes the peppers spicy. Peppers are routinely used in cooking in many cultures.,Yes,StrategyQA,commonsense_reasoning
Read the question and supporting facts carefully. Reason about the information and answer with Yes or No.,Would a spider wasp be more effective than a bullet ant to stop a criminal?,Tasers are used by police to jolt criminals and temporarily paralyze them. Spider wasps sting their prey and cause intense pain. The Schmidt sting pain index rates the sting of spider wasps as a 4. The sting of a bullet ant earns the highest rank on the Schmidt sting pain index with a rating of 4+.,No,StrategyQA,commonsense_reasoning
Read the question and supporting facts carefully. Reason about the information and answer with Yes or No.,Does Robert Downey Jr's Marvel Cinematic Universe character survive the Infinity War?,"Robert Downey Jr. plays Iron Man in the MCU. At the end of Avengers: Endgame, Iron Man uses the Infinity Stones against Thanos. The stones are too powerful for his human body to handle, so he dies after using them.",No,StrategyQA,commonsense_reasoning
Read the question and supporting facts carefully. Reason about the information and answer with Yes or No.,Is Black Lives Matter connected with capsaicin?,Black Lives Matter has held numerous protests Protesters at Black Lives Matter events have had pepper spray used against them by police Capsaicin is the main ingredient of pepper spray,Yes,StrategyQA,commonsense_reasoning
Read the question and supporting facts carefully. Reason about the information and answer with Yes or No.,Would Seroquel be the first treatment recommended by a doctor to someone with depression?,Seroquel is a powerful drug that is prescribed for bipolar disorder. Seroquel has sedating effects and can increase feelings of depression. Depression is usually treated by SSRI's.  Seroquel is an atypical antipsychotic.,No,StrategyQA,commonsense_reasoning
Read the question and supporting facts carefully. Reason about the information and answer with Yes or No.,Are flag of Gabon colors found in rainbow?,"Rainbows contain the following colors:  red, orange, yellow, green, blue, indigo and violet. The flag of Gabon is green, yellow, and blue.",Yes,StrategyQA,commonsense_reasoning
Read the question and supporting facts carefully. Reason about the information and answer with Yes or No.,Would Emmanuel Macron celebrate Cinco de Mayo?,"Cinco de Mayo is observed to commemorate the Mexican Army's victory over the French Empire at the Battle of Puebla, on May 5, 1862. Emmanuel Macron is the current president of France. Emmanuel Macron was born in France and his ancestry traces back to France. People do not typically celebrate events in which their country was defeated.",No,StrategyQA,commonsense_reasoning
Read the question and supporting facts carefully. Reason about the information and answer with Yes or No.,Would Jean Harris's victim have avoided lentils?,"Jean Harris spent 12 years in jail for killing her lover Herman Tarnower. Herman Tarnower was the creator of the Scarsdlae Diet. The Scarsdale Diet focuses on a simplified diet plan and forbids corn, beans, potatoes, lentils, and any beans except green beans.",Yes,StrategyQA,commonsense_reasoning
Read the question and supporting facts carefully. Reason about the information and answer with Yes or No.,Did Christopher Columbus break the fifth commandment in Christianity?,"The fifth commandment states that Thou Shalt Not Kill. Christopher Columbus ordered a brutal crackdown in which many natives were killed, and then paraded their dismembered bodies through the streets.",Yes,StrategyQA,commonsense_reasoning
Read the question and supporting facts carefully. Reason about the information and answer with Yes or No.,"During the time immediately after 9/11, was don't ask don't tell still in place?","Don't ask don't tell was the official military policy for LGBT service members until 2011. 9/11 Occured on September 11th, 2001.",Yes,StrategyQA,commonsense_reasoning
Read the question and supporting facts carefully. Reason about the information and answer with Yes or No.,Was Lorenzo de Medici's patronage of Da Vinci exclusive?,Lorenzo de Medici was a great patron of the arts in Florence and served as a patron for Leonardo Da Vinci. Lorenzo de Medici was also a patron of the artist Sandro Boticelli. Leonardo Da Vinci had many patrons including Ludovico Sforza and Cesare Borgia.,No,StrategyQA,commonsense_reasoning
Read the question and supporting facts carefully. Reason about the information and answer with Yes or No.,Was a woman Prime Minister directly before or after Stanley Baldwin?,Stanley Baldwin was preceded by Ramsay MacDonald as Prime Minister. Stanley Baldwin was succeeded as Prime Minister by Neville Chamberlain.,No,StrategyQA,commonsense_reasoning
Read the question and supporting facts carefully. Reason about the information and answer with Yes or No.,Was Martin Luther same sect as Martin Luther King Jr.?,Martin Luther was a Catholic friar that began the movement of Protestantism after he aired several grievances against the church. Martin Luther King Jr. was a Baptist minister. Baptists form a major branch of Protestantism. Baptists trace their Protestantism to the English Separatist movement of the 1600s. Martin Luther lived from 1483-1546.,No,StrategyQA,commonsense_reasoning
Read the question and supporting facts carefully. Reason about the information and answer with Yes or No.,Was being a mail carrier considered one of the most dangerous jobs?,The Pony Express was one of the first mail carrier services. The Pony Express operated form 1860 to 1861 Pony Express riders would have to travel hundreds of miles on horse back through extreme weather and terrain.  The Pony Express sought to hire young expert horse riders willing to risk death.,Yes,StrategyQA,commonsense_reasoning
Read the question and supporting facts carefully. Reason about the information and answer with Yes or No.,Were Jackson Pollock's parents not required to say The Pledge of Allegiance as children?,"Jackson Pollock's parents were both born and grew up in Tingley, Iowa. All states except California, Hawaii, Iowa, Vermont, and Wyoming require a regularly scheduled recitation of the pledge in public schools.",Yes,StrategyQA,commonsense_reasoning
Read the question and supporting facts carefully. Reason about the information and answer with Yes or No.,Did Charlemagne have a bar mitzvah?,Charlemagne was a Roman Catholic Bar mitzvah is a coming of age ceremony in Judaism,No,StrategyQA,commonsense_reasoning
Read the question and supporting facts carefully. Reason about the information and answer with Yes or No.,Did Brazilian jiu-jitsu Gracie founders have at least a baker's dozen of kids between them?,A baker's dozen refers to 13 of anything. Brazilian jiu-jitsu was founded by Carlos and Helio Gracie.   Helio Gracie had 9 children. Carlos Gracie had 11 children.,Yes,StrategyQA,commonsense_reasoning
Read the question and supporting facts carefully. Reason about the information and answer with Yes or No.,Can the Communist Party of the Soviet Union get a perfect all kill?,The Communist Party of the Soviet Union is a political party A perfect all kill occurs when a South Korean recording artist hits number one simultaneously on every music chart,No,StrategyQA,commonsense_reasoning
Read the question and supporting facts carefully. Reason about the information and answer with Yes or No.,Is Y2K relevant to the plot of The Godfather?,The story in the Godfather spans from 1945 to 1955. Y2K refers to events related to the formatting and storage of calendar data for dates beginning in the year 2000.,No,StrategyQA,commonsense_reasoning
Read the question and supporting facts carefully. Reason about the information and answer with Yes or No.,Would a hypothetical Yeti be towered over by Andre the Giant?,"The mythical Yeti is said to be between 200 and 400 pounds. The mythical Yeti is said to be around 6 feet tall. Andre the Giant was an imposing 7'4"" and 529 pounds.",Yes,StrategyQA,commonsense_reasoning
Read the question and supporting facts carefully. Reason about the information and answer with Yes or No.,Will Lhamo Thondup be considered by Catholic Church to be a saint?,"Lhamo Thondup is the current Dalai Lama. The Dalai Lama is the spiritual leader of Tibetan Buddhism. Catholic saints must fill specific criteria, including being devout Christians.",No,StrategyQA,commonsense_reasoning
Read the question and supporting facts carefully. Reason about the information and answer with Yes or No.,Is Gandalf hypothetically a formidable foe for Charmed's Barbas?,Gandalf was a wizard in the Hobbit and Lord of the Rings series. Gandalf used his staff to cast powerful spells. Barbas was a demon on Charmed that had resistance to magic.,No,StrategyQA,commonsense_reasoning
Read the question and supporting facts carefully. Reason about the information and answer with Yes or No.,Could two newborn American Black Bear cubs fit on a king size bed?,"The average size of an American Black Bear cub is only 8 inches at birth. King size beds are 76""x80"" in size.",Yes,StrategyQA,commonsense_reasoning
Read the question and supporting facts carefully. Reason about the information and answer with Yes or No.,Can giant pandas sell out a Metallica show?,"Metallica concerts are held in large arenas attended by tens of thousands of fans The highest estimate for the giant panda population is around 3,000 animals",No,StrategyQA,commonsense_reasoning
Read the question and supporting facts carefully. Reason about the information and answer with Yes or No.,Did Millard Fillmore help to establish the University of Pittsburgh?,The University of Pittsburgh was established in 1787. Millard Fillmore was born in 1800.,No,StrategyQA,commonsense_reasoning
Read the question and supporting facts carefully. Reason about the information and answer with Yes or No.,Could Chuck Norris ride a horse?,Chuck Norris is a person. Horses are bigger than people. People can ride horses. ,Yes,StrategyQA,commonsense_reasoning
Read the question and supporting facts carefully. Reason about the information and answer with Yes or No.,"In Doctor Who, did the war doctor get more screen time than his successor?","The War Doctor was succeeded by the ""9th Doctor"".  The War Doctor was featured in two episodes of Doctor Who. The 9th Doctor was featured in 13 episodes of Doctor Who.",No,StrategyQA,commonsense_reasoning
Read the question and supporting facts carefully. Reason about the information and answer with Yes or No.,Is Christopher Walken close to achieving EGOT status?,"EGOT refers to people that have won an Emmy, a Grammy, an Oscar, and a Tony Award. Christopher Walken won the Oscar in 1979 for Best Actor in a Supporting Role. Christopher Walken was nominated for two Tony Awards but has never won. Christopher Walken was nominated for an Emmy Award but has never won. Christopher Walken has never been nominated for a Grammy.",No,StrategyQA,commonsense_reasoning
Read the question and supporting facts carefully. Reason about the information and answer with Yes or No.,Can first letter row of QWERTY keyboard spell a palindrome?,The first letter row of the QWERTY keyboard contains: QWERTYUIOP A palindrome is a word that can be spelled the same backwords and forwards such as racecar and rotor.,Yes,StrategyQA,commonsense_reasoning
Read the question and supporting facts carefully. Reason about the information and answer with Yes or No.,Can you hide a pet macaque under your desk?,Macaques grow up to 28 inches in length A typical desk is 29 to 30 inches from the ground,Yes,StrategyQA,commonsense_reasoning
Read the question and supporting facts carefully. Reason about the information and answer with Yes or No.,Are Saturn's famous rings solid?,The rings are made mostly of dust and particles. The ring matter is constantly in orbital motion around Saturn.,No,StrategyQA,commonsense_reasoning
Read the question and supporting facts carefully. Reason about the information and answer with Yes or No.,Was Darth Vader monogamous?,Monogamy refers to when a person is married or committed to only one person. Darth Vader was only married to Padme Amidala and had two children with her.,Yes,StrategyQA,commonsense_reasoning
Read the question and supporting facts carefully. Reason about the information and answer with Yes or No.,Can the US branch of government that has power over the military also have the power to veto?,The US President is the commander in chief of the US military. The executive branch of the USA includes the President. The President has power to veto.,Yes,StrategyQA,commonsense_reasoning
Read the question and supporting facts carefully. Reason about the information and answer with Yes or No.,Can you get a ride on Amtrak to the Underworld?,Amtrak is a passenger railroad service operating in North America The Underworld is a fictional location from mythology and religion,No,StrategyQA,commonsense_reasoning
Read the question and supporting facts carefully. Reason about the information and answer with Yes or No.,Would three commas be sufficient for displaying US 2018 GDP?,The 2018 GDP of US was 20.54 trillion dollars. There are three commas in a billion. There are four commas in a trillion.,No,StrategyQA,commonsense_reasoning
Read the question and supporting facts carefully. Reason about the information and answer with Yes or No.,Would an eleventh-grader be eligible for Medicare?,Students in the 11th grade are typically between 16-17 years old. The age requirement for most Medicare recipients is 65 or older.,No,StrategyQA,commonsense_reasoning
Read the question and supporting facts carefully. Reason about the information and answer with Yes or No.,Would Constitution of the United States paper offend PETA?,The Constitution of the United States is written on parchment. Parchment is  writing material made from specially prepared untanned skins of animals. PETA is an organization that advocates for the ethical treatment of animals.,Yes,StrategyQA,commonsense_reasoning
Read the question and supporting facts carefully. Reason about the information and answer with Yes or No.,Are birds important to badminton?,Badminton is played with racquets and a shuttlecock. A shuttlecock is a projectile made of feathers attached to a cork base. Birds have feathers covering their body.,Yes,StrategyQA,commonsense_reasoning
Read the question and supporting facts carefully. Reason about the information and answer with Yes or No.,Can atheism surpass Christianity in American black communities by 2021?,"83% of blacks in the US identify as Christians.  In the United States, blacks are less likely than other ethnic groups to be religiously unaffiliated, let alone identifying as atheist. African American history, slavery and the civil rights movement are all closely tied to Christianity in America.",No,StrategyQA,commonsense_reasoning
Read the question and supporting facts carefully. Reason about the information and answer with Yes or No.,Are kayaks used at the summit of Mount Everest?,Kayaks are used to transport people in water. The summit of Mount Everest has no running water.,Yes,StrategyQA,commonsense_reasoning
Read the question and supporting facts carefully. Reason about the information and answer with Yes or No.,Can a greyhound walk on two legs?,Greyhounds are dogs. Dogs walk on four legs. ,No,StrategyQA,commonsense_reasoning
Read the question and supporting facts carefully. Reason about the information and answer with Yes or No.,Was England directly involved in the Arab-Israeli conflict?,The Arab-Israeli conflict began hundreds of years ago. England occupied what is now Israel until 1945 when Israel became independent. During Israel's war for independence England allied with their Arab neighbors to fight the Israeli rebels.,Yes,StrategyQA,commonsense_reasoning
Read the question and supporting facts carefully. Reason about the information and answer with Yes or No.,Can you drown in a Swan Lake performance?,"Drowning is defined as respiratory impairment as a result of being in or under a liquid. Swan Lake is not a body of water, but rather an example of performance dance.",No,StrategyQA,commonsense_reasoning
Read the question and supporting facts carefully. Reason about the information and answer with Yes or No.,Would Jason Voorhees hypothetically fail at being a martyr?,A martyr is someone that is killed for their beliefs. Jason Voorhees is the horror maniac from the Friday the 13th movies. Jason Voorhees is immortal and cannot be killed. Characters in Friday the 13th thought that dismembering Jason Voorhees would kill him but Jason even survived dismemberment.,Yes,StrategyQA,commonsense_reasoning
Read the question and supporting facts carefully. Reason about the information and answer with Yes or No.,Is the Berlin University of the Arts a Baroque period relic?,The Berlin University of the Arts is a German school created in 1696. The Baroque period lasted in Europe from 1600 to 1750.,Yes,StrategyQA,commonsense_reasoning
Read the question and supporting facts carefully. Reason about the information and answer with Yes or No.,Can musicians become knights?,Elton John was knighted by the Queen of England. Tom Jones was knighted by the Queen of England. Elton John is a famous pop singer. Tom Jones is a famous musician.,Yes,StrategyQA,commonsense_reasoning
Read the question and supporting facts carefully. Reason about the information and answer with Yes or No.,Do onions have a form that resembles the inside of a tree?,"When bisected, an onion has rings that extend from the core to the outside. Trees are formed of a series of rings that extend from the inside to the outside",Yes,StrategyQA,commonsense_reasoning
Read the question and supporting facts carefully. Reason about the information and answer with Yes or No.,Is Hermes equivalent to the Roman god Vulcan?,Hermes is the Greek messenger god and god of roads and travelers. Mercury is the Roman messenger god of roads and travelers. The Roman Vulcan is actually equivalent to the Greek Hephaestus. Hermes is equivalent to Mercury.,No,StrategyQA,commonsense_reasoning
Read the question and supporting facts carefully. Reason about the information and answer with Yes or No.,Does having lip piercings lead to more expensive dental bills?,Lip piercings can rub the enamel on your teeth and can cause tissue damage to the gums. Tooth enamel protects the teeth from decay.,Yes,StrategyQA,commonsense_reasoning
Read the question and supporting facts carefully. Reason about the information and answer with Yes or No.,Is Atlantic cod found in a vegemite sandwich?,Vegemite is a spread popular in Australia. Vegemite is made from leftover brewers' yeast extract with various vegetable and spice additives.  The Atlantic cod is found mostly in North America and Greenland.,No,StrategyQA,commonsense_reasoning
Read the question and supporting facts carefully. Reason about the information and answer with Yes or No.,Could the leader of Heaven's Gate save images in JPEG format?,"Marshall Applewhite, Jr. was the leader of the Heaven's Gate cult Marshall Applewhite, Jr. died in 1997 JPEG format was released in 1992",Yes,StrategyQA,commonsense_reasoning
Read the question and supporting facts carefully. Reason about the information and answer with Yes or No.,Would someone with back pain enjoy picking strawberries?,Back pain may be worsened by repeated bending at the waist. Strawberries grow very close to the ground.,No,StrategyQA,commonsense_reasoning
Read the question and supporting facts carefully. Reason about the information and answer with Yes or No.,Does a giant green lady stand in New York Harbor?,"New York Harbor is a body of water between south Manhattan and the Atlantic Ocean The Statue of Liberty stands in New York Harbor The Statue of Liberty is a very large, green statue of a woman",Yes,StrategyQA,commonsense_reasoning
Read the question and supporting facts carefully. Reason about the information and answer with Yes or No.,Is Bern a poor choice for a xenophobic Swiss citizen to live?,"Xenophobic people do not like people from other countries, such as tourists. Bern Switzerland was once described by CNN as being a relatively tourist free area. Zurich and Geneva get the most tourist traffic out of any city in Switzerland.",No,StrategyQA,commonsense_reasoning
Read the question and supporting facts carefully. Reason about the information and answer with Yes or No.,Can children be hurt by jalapeno peppers?,Jalapeno peppers contain capsaicin.  Capsaicin creates a burning sensation in the eyes and can lead to surface injuries.  Small children do not understand how to protect themselves from peppers or how to wash their hands properly.,Yes,StrategyQA,commonsense_reasoning
Read the question and supporting facts carefully. Reason about the information and answer with Yes or No.,Would characters in Harry Potter and the Philosopher's Stone be persecuted as pagans?,"Pagans are defined as people that hold beliefs other than those of the major world religions (Christianity, Islam, and Judaism). The characters in Harry Potter and the Philosopher's Stone practice magic. Islam explicitly forbid the practice of magic and has harsh consequences for it. Jezebel in Hebrew scripture was a worshiper of pagan Baal and was thrown from a window for her beliefs. Women accused of being witches were burned alive by Christians during the Salem Witch Trials.",Yes,StrategyQA,commonsense_reasoning
Read the question and supporting facts carefully. Reason about the information and answer with Yes or No.,Was latest Republican governor of New Jersey as of 2020 heftiest politician ever?,Chris Christie was the latest Republican governor of New Jersey as of 2020. Chris Christie weighed around 322 pounds. President William Howard Taft weighed between 335 and 350 pounds.,No,StrategyQA,commonsense_reasoning
Read the question and supporting facts carefully. Reason about the information and answer with Yes or No.,Did Demi Lovato's ancestors help turn maize into popcorn?,"Demi Lovato's father is Mexican. Maize is another word for corn. Corn was first domesticated in southern Mexico about 10,000 years ago. Popcorn is made from kernels of corn.",Yes,StrategyQA,commonsense_reasoning
Read the question and supporting facts carefully. Reason about the information and answer with Yes or No.,Would a veteran of the Phillippine-American War come home craving SPAM?,"War veterans are often used to the rations they eat during war and crave similar items at home. The Philippine-American war took place before World War II, in 1899. Soldiers in World War II were given SPAM in their rations.  SPAM was released in 1937.",No,StrategyQA,commonsense_reasoning
Read the question and supporting facts carefully. Reason about the information and answer with Yes or No.,Is Elijah part of a Jewish holiday?,"The Jewish holiday Passover involves a traditional ceremonial dinner. During the ceremony, it is customary to fill an extra cup with wine and put it at the center of the table. The door is then opened so the prophet Elijah can visit.",Yes,StrategyQA,commonsense_reasoning
Read the question and supporting facts carefully. Reason about the information and answer with Yes or No.,Is CEO of Nissan an internationally wanted fugitive?,"Carlos Ghosn was CEO of Nissan.  With help from an American private-security contractor, Carlos Ghosn fled from Japan to Lebanon on 30 December, breaking his bail conditions On 2 January 2020, Interpol issued a red notice to Lebanon seeking Carlos Ghosn's arrest.",Yes,StrategyQA,commonsense_reasoning
Read the question and supporting facts carefully. Reason about the information and answer with Yes or No.,Do the directors of The Matrix advocate for transgender rights?,"Lilly Wachowski is a trans woman who was a director of The Matrix. Lena Wachowski is a trans woman who was a director of The Matrix. The Wachowski sisters speak actively about viewing their films through a ""lens of transness""",Yes,StrategyQA,commonsense_reasoning
Read the question and supporting facts carefully. Reason about the information and answer with Yes or No.,Do mountain goats inhabit the summit of Mount Sharp?,Mountain goats are animals Animals require oxygen in order to live Mount Sharp is located on Mars The atmosphere of Mars contains only trace amounts of oxygen,No,StrategyQA,commonsense_reasoning
Read the question and supporting facts carefully. Reason about the information and answer with Yes or No.,"If you're pregnant, might you be recommended ginger?","Pregnancy often causes nausea and stomach upset. Small doses of ginger have been shown to help with vomiting and nausea. Doctors say that, in small doses, ginger is safe for pregnant women.",Yes,StrategyQA,commonsense_reasoning
Read the question and supporting facts carefully. Reason about the information and answer with Yes or No.,Is pi in excess of square root of 5?,Pi is a mathematical number approximately equal to 3.14 The square root of a number are the two numbers multiplied together that equal that number. The square root of 5 is around 2.23.,Yes,StrategyQA,commonsense_reasoning
Read the question and supporting facts carefully. Reason about the information and answer with Yes or No.,Can you buy spinal cord at Home Depot?,Home Depot sells home improvement and building supplies The spinal cord is an anatomical feature located in the vertebrae,No,StrategyQA,commonsense_reasoning
Read the question and supporting facts carefully. Reason about the information and answer with Yes or No.,Is Mickey Mouse hypothetically unlikely to make a purchase at Zazzle?,Mickey Mouse is a Disney character that has starred in numerous movies and TV specials. Mickey Mouse wears a pair of red pants and never wears a shirt. Zazzle is a website that specializes in custom T-shirts.,Yes,StrategyQA,commonsense_reasoning
Read the question and supporting facts carefully. Reason about the information and answer with Yes or No.,Do inanimate objects come alive in Beauty and the Beast?,Beauty and the Beast features a castle full of items that move and speak on their own.  An inanimate object is one that is not alive in any way. Main characters of Beauty and the Beast include a talking teacup and a sassy duster.,Yes,StrategyQA,commonsense_reasoning
Read the question and supporting facts carefully. Reason about the information and answer with Yes or No.,Would 1996 leap year baby technically be 1 year old in 2000?,"A leap year happens once every 4 years and has 29 days in February. The years 1996, 2000, 2004, 2008, 2012, 2016, and 2020 are the last 7 leap years that have happened. 1996 to 2000 is one leap year.",Yes,StrategyQA,commonsense_reasoning
Read the question and supporting facts carefully. Reason about the information and answer with Yes or No.,Can a Liebherr LTM 11200-9.1 hypothetically lift Mount Emei?,Mount Emei is a 70 ton mountain located in China. The Liebherr LTM 11200-9.1 is the world's strongest crane that can lift 1200 tons.,Yes,StrategyQA,commonsense_reasoning
Read the question and supporting facts carefully. Reason about the information and answer with Yes or No.,Did original Nintendo have games in same format as Playstation 3?,Nintendo was originally released in 1983 and used games that were in a cartridge format. Sony Playstation 3 was released in 2006 and had games in a CD format.,No,StrategyQA,commonsense_reasoning
Read the question and supporting facts carefully. Reason about the information and answer with Yes or No.,Are there options for students who struggle to understand the writing style of Othello?,"""No Fear Shakespeare"" is a line of books that translate the language of original Shakespeare plays into modern English. Scripts can be understood more easily when read alongside a production of the play itself. ""No Fear Shakespeare"" features Othello in their book lineup.",Yes,StrategyQA,commonsense_reasoning
Read the question and supporting facts carefully. Reason about the information and answer with Yes or No.,Can you listen to the entire Itunes song catalog in one year?,"Itunes has around 43 million songs as of 2017. The average length of a song is 3 minutes. There are 525,600 minutes in a year.",No,StrategyQA,commonsense_reasoning
Read the question and supporting facts carefully. Reason about the information and answer with Yes or No.,"If you were at an Apple store, would most of the computers be running Ubuntu?",Apple stores stock only Mac brand computers. Mac computers come preinstalled with the latest iOS.,No,StrategyQA,commonsense_reasoning
Read the question and supporting facts carefully. Reason about the information and answer with Yes or No.,Can I find my home with latitude and longitude?,My home is a location on earth where I live.  Latitude and Longitude are geographic coordinate systems that identify east/west and north/south locations. Specific Latitude and Longitude coordinates can be used to pinpoint specific locations.  Every point on the earth has a corresponding latitude and longitude coordinate. ,Yes,StrategyQA,commonsense_reasoning
Read the question and supporting facts carefully. Reason about the information and answer with Yes or No.,Does Justin Bieber vote in October?,Justin Bieber is a Canadian citizen Canadian elections are held on the third Monday in October,Yes,StrategyQA,commonsense_reasoning
Read the question and supporting facts carefully. Reason about the information and answer with Yes or No.,Did Secretariat win a Formula One championship?,Secretariat is a famous race horse Formula One is an auto racing championship,No,StrategyQA,commonsense_reasoning
Read the question and supporting facts carefully. Reason about the information and answer with Yes or No.,Could largest asteroid crush a whole city?,"The largest asteroids are the size of miniature planets. Mercury is the smallest planet and has a radius of 1,516 miles. New York City is 13.4 miles long and 2.3 miles wide.  Mercury weighs 3.285 × 10^23 kg.",Yes,StrategyQA,commonsense_reasoning
Read the question and supporting facts carefully. Reason about the information and answer with Yes or No.,Did Douglas Adams use email as a child?,Douglas Adams was born in 1952. Modern email did not emerge until 1977.,No,StrategyQA,commonsense_reasoning
Read the question and supporting facts carefully. Reason about the information and answer with Yes or No.,Is Hamlet more common on IMDB than Comedy of Errors?,"IMDB, The Internet Movie Database, catalogs movies. IMDB lists 6 Hamlet movie adaptations. IMDB lists 5 Comedy of Errors movie adaptations.",Yes,StrategyQA,commonsense_reasoning
Read the question and supporting facts carefully. Reason about the information and answer with Yes or No.,Would a week be enough time to watch every episode of Ugly Betty?,There are 168 hours in a week. The entire Ugly Betty series is 85 hours long.,Yes,StrategyQA,commonsense_reasoning
Read the question and supporting facts carefully. Reason about the information and answer with Yes or No.,Is a watchmaker likely to be able to fix an Apple Watch?,"A watchmaker makes and repairs watches using tiny instruments to fix coils, springs, gears, and other metal parts.. The Apple Watch is a computer driven watch that can connect to devices using wireless technology. Apple Watches do not have the usual springs and gears of traditional watches.",No,StrategyQA,commonsense_reasoning
Read the question and supporting facts carefully. Reason about the information and answer with Yes or No.,Could Saint Peter watch television?,Saint Peter died in 64 BC. The television was invented in 1900.,No,StrategyQA,commonsense_reasoning
Read the question and supporting facts carefully. Reason about the information and answer with Yes or No.,Can a snake wear a snowshoe?,Snowshoes are worn by attaching them to the wearer's feet. Snakes do not have feet.,No,StrategyQA,commonsense_reasoning
Read the question and supporting facts carefully. Reason about the information and answer with Yes or No.,Did J. D. Salinger ever ask his father for a quinceañera?,A quinceañera is celebration of a girl's 15th birthday. J. D. Salinger was male. A quinceañera is a Hispanic tradition. J. D. Salinger was Jewish.,No,StrategyQA,commonsense_reasoning
Read the question and supporting facts carefully. Reason about the information and answer with Yes or No.,Would Firefighters be included in a September 11th memorial?,"September 11th is remembered as a day of mourning for the lives lost during a terrorist attack in NYC. Firefighters were among the first responders to the crisis, and many died. ",Yes,StrategyQA,commonsense_reasoning
Read the question and supporting facts carefully. Reason about the information and answer with Yes or No.,Would an owl monkey enjoy a strawberry?,"Owl monkeys are frugivores, and they prefer small, ripe fruit when available. Strawberries vary in size but are generally under 2 inches across and an inch in diameter. Strawberries are a kind of fruit.",Yes,StrategyQA,commonsense_reasoning
Read the question and supporting facts carefully. Reason about the information and answer with Yes or No.,Are potatoes native to the European continent?,Potatoes originated in South America and spread throughout the Americas by indigenous tribes. European explorers discovered potatoes and brought them back to share at home in Europe.,No,StrategyQA,commonsense_reasoning
Read the question and supporting facts carefully. Reason about the information and answer with Yes or No.,Would an astrologer focus on the densest terrestrial planet for a Friday horoscope?,Friday is associated with Venus in astrology Venus is the densest of the terrestrial planets ,Yes,StrategyQA,commonsense_reasoning
Read the question and supporting facts carefully. Reason about the information and answer with Yes or No.,Is it hard to get a BLT in Casablanca?,"A BLT is a sandwich consisting of bacon, lettuce and tomato Casablanca is predominantly Muslim Islam forbids the consumption of pork and pork products",Yes,StrategyQA,commonsense_reasoning
Read the question and supporting facts carefully. Reason about the information and answer with Yes or No.,Would World War II have been the same without Alan Turing?,"During WW2, the German Military used something called the Engima device to send messages secretly.  Alan Turing broke the Enigma code, allowing German messages to be understood and intercepted.",No,StrategyQA,commonsense_reasoning
Read the question and supporting facts carefully. Reason about the information and answer with Yes or No.,Can you see the moon in Wembley Arena?,Wembley Arena is an indoor arena. The moon is located in the sky.  You cannot see the sky if you are indoors.,No,StrategyQA,commonsense_reasoning
Read the question and supporting facts carefully. Reason about the information and answer with Yes or No.,Are there enough people in the Balkans to match the population of Japan?,There are approximately 55 million people in the Balkans There are more than 125 million people in Japan,No,StrategyQA,commonsense_reasoning
Read the question and supporting facts carefully. Reason about the information and answer with Yes or No.,Could a llama birth twice during War in Vietnam (1945-46)?,The War in Vietnam (1945-46) lasted around 6 months. The gestation period for a llama is 11 months.,No,StrategyQA,commonsense_reasoning
Read the question and supporting facts carefully. Reason about the information and answer with Yes or No.,Can lobster breathe in the desert?,Lobsters use gills to breathe. Gills require water to breathe. There is no water in the desert. ,No,StrategyQA,commonsense_reasoning
Read the question and supporting facts carefully. Reason about the information and answer with Yes or No.,Can Chinese mountain cat survive in the orbit? ,Chinese mountain cat needs to breathe oxygen for survival.  There is not enough oxygen for breathing in the orbit.,No,StrategyQA,commonsense_reasoning
Read the question and supporting facts carefully. Reason about the information and answer with Yes or No.,Do astronomers write horoscopes?,"Astronomer study the actual science of the stars. Horoscopes are written by astrologers, not astronomers.",No,StrategyQA,commonsense_reasoning
Read the question and supporting facts carefully. Reason about the information and answer with Yes or No.,Can rowing competitions take place indoors?,Rowing is a sport involving propelling boats. Boats need a large body of water in order to move. There are no indoor facilities big enough to host a pool with enough size for a boating competition.,No,StrategyQA,commonsense_reasoning
Read the question and supporting facts carefully. Reason about the information and answer with Yes or No.,Could Moulin Rouge have been hypothetically used as Spain's Spanish American War triage center?,The Moulin Rouge cabaret in France had a capacity of 850 people. Spain had 700-800 injured during Spanish American War.,Yes,StrategyQA,commonsense_reasoning
Read the question and supporting facts carefully. Reason about the information and answer with Yes or No.,Could largest ship from Voyages of Christopher Columbus haul Statue of Liberty?,The largest ship Christopher Columbus used was the Santa Maria. The Santa Maria has a cargo capacity of 108 tons. The Statue of Liberty weighs 225 tons.,No,StrategyQA,commonsense_reasoning
Read the question and supporting facts carefully. Reason about the information and answer with Yes or No.,Would a responsible bartender make a drink for Millie Bobby Brown?,"Millie Bobby Brown is currently 16 years old. In the United States, the minimum legal age to purchase any alcohol beverage is 21 years old. Bartenders are usually responsible for confirming that customers meet the legal drinking age requirements before serving them alcoholic beverages. ",No,StrategyQA,commonsense_reasoning
Read the question and supporting facts carefully. Reason about the information and answer with Yes or No.,Is it bad to have lactic acid in your body?,The body naturally produces and uses lactic acid to convert glucose into energy Lactic acid bacteria are particularly good for digestive health.,No,StrategyQA,commonsense_reasoning
Read the question and supporting facts carefully. Reason about the information and answer with Yes or No.,Would you buy bananas for tostones?,"Tostones are a Latin American twice fried dish made of plantains. Plantains resemble bananas, but are not bananas.",No,StrategyQA,commonsense_reasoning
Read the question and supporting facts carefully. Reason about the information and answer with Yes or No.,Do Muslims have a different idea of Seraphim than Christians?,Seraphim are celestial of heavenly beings. Christians refer to Seraphims as the highest choir of the angelic hierarchy and caretakers of God's throne. Muslims refer to Seraphim as beings created from celestial fire that are part of an exalted assembly.,No,StrategyQA,commonsense_reasoning
Read the question and supporting facts carefully. Reason about the information and answer with Yes or No.,Is radioactive waste a plot device for many shows?,"Radioactive isotopes in an ooze-like waste cause turtles to become the Teenage Mutant Ninja Turtles. In the Fox animated hit, Family Guy, radioactive waste is used to turn give the main characters superpowers.  The superhero 'Daredevil' encounters radioactive waste that blinds him as a child and gives him super powers.",Yes,StrategyQA,commonsense_reasoning
Read the question and supporting facts carefully. Reason about the information and answer with Yes or No.,Is number of stars in Milky Way at least ten times earth's population?,The number of stars in the Milky Way galaxy is between 100 and 400 billion. Earth's population in 2018 was 7.5 billion people.,Yes,StrategyQA,commonsense_reasoning
Read the question and supporting facts carefully. Reason about the information and answer with Yes or No.,Would Michael Phelps be good at pearl hunting?,Pearl hunters swim underwater to collect pearls from oysters. Michael Phelps is the most decorated Olympic swimmer of all time.,Yes,StrategyQA,commonsense_reasoning
Read the question and supporting facts carefully. Reason about the information and answer with Yes or No.,Are some Do It Yourself projects potentially lethal?,"Deep fried turkey can be made at home, but a small mistake can cause the entire setup to erupt into a grease fire. Home roofing repair can be a DIY project but without proper safety gear a fall can be deadly.",Yes,StrategyQA,commonsense_reasoning
Read the question and supporting facts carefully. Reason about the information and answer with Yes or No.,Does Siri know geometry?,"Geometry is the study of size, shape and distance of objects. Determining location requires geometry. Siri can determine your location.",Yes,StrategyQA,commonsense_reasoning
Read the question and supporting facts carefully. Reason about the information and answer with Yes or No.,Can the United Nations Framework Convention on Climate Change be held at the Javits Center?,"The United Nations Framework Convention on Climate Change is an international treaty, not a physical meeting The Javits Center is a convention center in New York City",No,StrategyQA,commonsense_reasoning
Read the question and supporting facts carefully. Reason about the information and answer with Yes or No.,Is Isaac Newton buried at the same church as the author of Great Expectations?,"Isaac Newton is buried at Westminster Abbey. Charles Dickens's book Great Expectations was published  in 1861. Charles Dickens is buried at the Poets' Corner of Westminster Abbey. Westminster Abbey is a large church in the City of Westminster, London, England.",Yes,StrategyQA,commonsense_reasoning
Read the question and supporting facts carefully. Reason about the information and answer with Yes or No.,Can you only see hippopotamus in Africa?,"The United States has several zoos featuring hippopotamus. In the UK, you can see hippopotamus at the Marwell Zoo.",No,StrategyQA,commonsense_reasoning
Read the question and supporting facts carefully. Reason about the information and answer with Yes or No.,Does a bumblebee have to worry about spider veins?,Spider veins is a condition in which the veins become inflamed. Bumblebees have a free flowing blood system and do not have veins or arteries.,No,StrategyQA,commonsense_reasoning
Read the question and supporting facts carefully. Reason about the information and answer with Yes or No.,Does the United States of America touch the Indian Ocean?,"The United States of America is bordered by the Atlantic and Pacific Oceans. Even the westernmost point of the USA, the Hawaiian Islands, is too far east in the Pacific to be anywhere near that ocean's border with the Indian Ocean.",No,StrategyQA,commonsense_reasoning
Read the question and supporting facts carefully. Reason about the information and answer with Yes or No.,Did Moon Jae-in earn the Abitur as a teenager?,"Moon Jae-in attended high school in South Korea. The Abitur is a qualification granted by university-preparatory schools in Germany, Lithuania, and Estonia.",No,StrategyQA,commonsense_reasoning
Read the question and supporting facts carefully. Reason about the information and answer with Yes or No.,Can you get a fever from consuming meat?,A fever is a medical symptom that elevates the core body temperature.  Eating under cooked meat can cause food poisoning. One of the symptoms of food poisoning is elevated core body temperature. ,Yes,StrategyQA,commonsense_reasoning
Read the question and supporting facts carefully. Reason about the information and answer with Yes or No.,Has a baby ever had a moustache?,"When babies are in the womb, many have hair known as lanugo. Lanugo is unpigmented, downy hair that is sometimes found on the body of fetuses and babies. Lanugo can grow anywhere on a baby's body but is usually shed before the baby is born and is reabsorbed by the mother.",Yes,StrategyQA,commonsense_reasoning
Read the question and supporting facts carefully. Reason about the information and answer with Yes or No.,Can Burundi's communicate with citizens of New Brunswick?,French and English are the official languages of New Brunswick. French is one of the official languages of Burundi.,Yes,StrategyQA,commonsense_reasoning
Read the question and supporting facts carefully. Reason about the information and answer with Yes or No.,Would JPEG be a good format for saving an image of Da Vinci's Vitruvian Man?,"JPEG is not well suited for line drawings and other textual or iconic graphics, where the sharp contrasts between adjacent pixels can cause noticeable artifacts.  Da Vinci's Vitruvian Man is a line drawing done in pen and ink.",No,StrategyQA,commonsense_reasoning
Read the question and supporting facts carefully. Reason about the information and answer with Yes or No.,Has Johns Hopkins University always treated subjects ethically?,Henrietta Lacks' DNA was used and replicated by Johns Hopkins University without her family's knowledge or approval. Henrietta Lacks' family medical history was released by Johns Hopkins University without their knowledge.,No,StrategyQA,commonsense_reasoning
Read the question and supporting facts carefully. Reason about the information and answer with Yes or No.,Do anatomical and symbolic hearts look remarkably different?,"Symbolic hearts are sharply pointed at the bottom and feature a sharp valley between the bumps at the top. Anatomical hearts are rounded, have numerous vascular tubes entering and exiting them, and do not feature sharp angles.",Yes,StrategyQA,commonsense_reasoning
Read the question and supporting facts carefully. Reason about the information and answer with Yes or No.,Will The Exorcist stimulate limbic system?,"The limbic system of the brain contains regions that detect fear, control bodily functions and perceive sensory information. The Exorcist has been called one of the scariest movies of all time. The Exorcist ranked number 3 on the American Film Institute's 100 Years/100 Thrills list.",Yes,StrategyQA,commonsense_reasoning
Read the question and supporting facts carefully. Reason about the information and answer with Yes or No.,Was Emperor Commodus paid tribute in Pound sterling?,Commodus was Roman Emperor until 192 AD. Coins featuring the image of Commodus were the currency during the late second century AD. The Pound sterling has origins with the fifth century AD Anglo Saxon pound.,No,StrategyQA,commonsense_reasoning
Read the question and supporting facts carefully. Reason about the information and answer with Yes or No.,Can black swan's formation type help spell longest word in Dictionary?,"Black swan's fly in a ""V"" formation. The longest word in the dictionary is pneumonoultramicroscopicsilicovolcanoconiosis.",Yes,StrategyQA,commonsense_reasoning
Read the question and supporting facts carefully. Reason about the information and answer with Yes or No.,Could a wandering albatross fly from Bucharest to New York City without a rest?,"Wandering albatross can travel at least 15,000 km (just under 10,000 miles) over the sea before returning to land.  It's 4766 miles or 7670 km from Bucharest to New York City.",Yes,StrategyQA,commonsense_reasoning
Read the question and supporting facts carefully. Reason about the information and answer with Yes or No.,Was Land of Israel in possession of an Islamic empire in 16th century?,Land of Israel was controlled by the Ottoman Empire in 16th century.  The religion of Ottoman Empire was Sunni Islam. ,Yes,StrategyQA,commonsense_reasoning
Read the question and supporting facts carefully. Reason about the information and answer with Yes or No.,Is the Louvre in billionaire George Soros's price range?,The Louvre including all of its paintings has a value of around 45 billion. George Soros has a net worth around 8 billion as of 2020.,No,StrategyQA,commonsense_reasoning
Read the question and supporting facts carefully. Reason about the information and answer with Yes or No.,Did the Pearl Harbor attack occur during autumn?,"Autumn runs from about September 20 to about December 20. Pearl Harbor was attacked on December 7, 1941.",Yes,StrategyQA,commonsense_reasoning
Read the question and supporting facts carefully. Reason about the information and answer with Yes or No.,Are red legs a sign of failing health in those with Anorexia Nervosa?,Heart failure or disease can lead to the legs becoming red or pink in color. Anorexia Nervosa can lead to heart failure and death.,Yes,StrategyQA,commonsense_reasoning
Read the question and supporting facts carefully. Reason about the information and answer with Yes or No.,Is the CIA part of the Department of Defense?,"The Department of Defense covers national defense and the armed forces, led by the Secretary of Defense. The CIA is a federal agency within the United States Intelligence Community, which answers to the Director of National Intelligence.",No,StrategyQA,commonsense_reasoning
Read the question and supporting facts carefully. Reason about the information and answer with Yes or No.,Has mummification in the Andes been prevented by rainfall?,"The Andes includes high, dry zones without precipitation. Dry climates do not impede mummification. Many mummies have been found in the Andes.",No,StrategyQA,commonsense_reasoning
Read the question and supporting facts carefully. Reason about the information and answer with Yes or No.,Would Terence Tao outperform Eminem in a math competition?,"Eminem disliked math and social studies, and dropped out of high school at age 17. Terence Tao was a child prodigy in mathematics, attending university-level mathematics courses at the age of 9. From 1992 to 1996, Tao was a graduate student at Princeton University under the direction of Elias Stein, receiving his Ph.D. at the age of 21.",Yes,StrategyQA,commonsense_reasoning
Read the question and supporting facts carefully. Reason about the information and answer with Yes or No.,Can an asteroid be linked with virginity?,"An asteroid discovered in 1807 was named Vesta Vesta is the Roman virgin goddess of hearth, home and family",Yes,StrategyQA,commonsense_reasoning
Read the question and supporting facts carefully. Reason about the information and answer with Yes or No.,Are a dozen pickles good for easing hypertension?,"Hypertension is high blood pressure that can come from a number of factors including excess salt. Pickles are food that are high in sodium, or salt.",No,StrategyQA,commonsense_reasoning
Read the question and supporting facts carefully. Reason about the information and answer with Yes or No.,Is Route 66 generally unknown to Americans?,"Route 66 was immortalized in the hit ""Route 66"" by Bobby Troupe. ""Route 66"" as a song has reached the Billboard Top Charts multiple times and is still played often.",No,StrategyQA,commonsense_reasoning
Read the question and supporting facts carefully. Reason about the information and answer with Yes or No.,Is the E.T. the Extra-Terrestrial Atari Landfill story an urban legend?,"An urban legend is a humorous or horrifying story based on hearsay that is circulated as true. E.T. the Extra Terrestrial was panned as one of the worst video games ever made. A widespread story stated that thousands of copies of E.T. the Extra Terrestrial video game were buried in a landfill A former Atari manager stated that 728,000 Atari games were in fact buried in a landfill. The Atari landfill was dug up and nearly 900 games were recovered, but there was only one copy of E.T. included.",Yes,StrategyQA,commonsense_reasoning
Read the question and supporting facts carefully. Reason about the information and answer with Yes or No.,Was a USB flash drive used in The Godfather?,USB flash drives first appeared on the market in late 2000. The Godfather was released in 1972.,No,StrategyQA,commonsense_reasoning
Read the question and supporting facts carefully. Reason about the information and answer with Yes or No.,Are LinkedIn and LeafedIn related companies?,LinkedIn successfully sued LeafedIn for their choice of name. LeafedIn changed their company name to LeafedOut,No,StrategyQA,commonsense_reasoning
Read the question and supporting facts carefully. Reason about the information and answer with Yes or No.,Is it understandable to compare a blood spatter pattern to a Jackson Pollock piece?,Jackson Pollock is well known for a style of art formed through splashing liquids on canvas. Blood spatter patterns are caused by a splash of blood onto a surface or multiple surfaces.,Yes,StrategyQA,commonsense_reasoning
Read the question and supporting facts carefully. Reason about the information and answer with Yes or No.,Are people more likely than normal to get sunburn at Burning Man?,Burning Man often attracts lots of young people who are typically wearing minimal clothing due to the weather and for style.  Burning Man festivities occur in the hot summer sun and are often not in shaded areas.,Yes,StrategyQA,commonsense_reasoning
Read the question and supporting facts carefully. Reason about the information and answer with Yes or No.,Does Snoopy look like Chance from Homeward Bound?,Chance from Homeward Bound is a golden retriever.  Snoopy is black and white. Golden Retrievers are yellow in color.,No,StrategyQA,commonsense_reasoning
Read the question and supporting facts carefully. Reason about the information and answer with Yes or No.,Can music be used as a weapon?,Music is an art form whose medium is sound. Music can help elevate or subdue emotions. People connect to music through the sound. The military uses loud music to cause psychological disorientation and confusion  The military calls the use of loud disorienting music part of psychological operations. ,Yes,StrategyQA,commonsense_reasoning
Read the question and supporting facts carefully. Reason about the information and answer with Yes or No.,Would a house full of aloe vera hypothetically be ideal for Unsinkable Sam?,Aloe vera is a plant species that is toxic to cats. Unsinkable Sam was a cat that supposedly served during World War II.,No,StrategyQA,commonsense_reasoning
Read the question and supporting facts carefully. Reason about the information and answer with Yes or No.,Can the Swiss Guard fill the Virginia General Assembly chairs?,The Virginia General Assembly has 140 seats. The Swiss Guard is an honour guard of Vatican City that consists of 135 men.,No,StrategyQA,commonsense_reasoning
Read the question and supporting facts carefully. Reason about the information and answer with Yes or No.,Do you need lactobacillus to make pickles?,"Lactobacillus is used in the production of fermented-style pickles.  ""Quick"" pickles are made with a mixture of brine and vinegar.",No,StrategyQA,commonsense_reasoning
Read the question and supporting facts carefully. Reason about the information and answer with Yes or No.,Would drinking a glass of lemonade provide Vitamin C?,"Lemonade is made from lemons, sugar, and water. Lemons are a citrus fruit. Citrus fruit is high in Vitamin C.",Yes,StrategyQA,commonsense_reasoning
Read the question and supporting facts carefully. Reason about the information and answer with Yes or No.,Would the 10th doctor enjoy a dish of stuffed pears?,"The 10th Doctor in David Who is played by David Tennant. In multiple episodes of the series, the 10th doctor mentions that he hates pears.",No,StrategyQA,commonsense_reasoning
Read the question and supporting facts carefully. Reason about the information and answer with Yes or No.,Can you carry a Chrysler in a laptop bag?,"Chrysler manufactures automobiles, which weigh several thousand pounds Laptop bags are designed to hold laptop computers, which typically weigh under ten pounds",No,StrategyQA,commonsense_reasoning
Read the question and supporting facts carefully. Reason about the information and answer with Yes or No.,Was the son of Tsar Nicholas a daredevil?,"Tsar Nicholas had only one son, Alexei.  Alexei had hemophilia and had to be carefully guarded. Hemophilia is the inability for blood to form clots, making any small cut dangerous.",No,StrategyQA,commonsense_reasoning
Read the question and supporting facts carefully. Reason about the information and answer with Yes or No.,Do the Eskimos sunbathe frequently?,"Sunbathing requires a high amount of sunshine. The Eskimos live in regions that receive very little sunshine. The Eskimos live in very cold regions, which would make it dangerous to be exposed to outside temperatures without clothes.",No,StrategyQA,commonsense_reasoning
Read the question and supporting facts carefully. Reason about the information and answer with Yes or No.,Could a newborn look over the top of a fully grown horseradish plant?,A fully grown horseradish plant can reach a height of 4.9 feet. Newborn children are typically between 14-20 inches tall in first world countries.,No,StrategyQA,commonsense_reasoning
Read the question and supporting facts carefully. Reason about the information and answer with Yes or No.,Would Jimmy Vee be eligible to compete in the Paralympic Games?,Jimmy Vee is a dwarf. Dwarfism is defined as someone who is medically short-statured. Short stature due to a bone deficiency is one of the categories for paralympic athletes.,Yes,StrategyQA,commonsense_reasoning
Read the question and supporting facts carefully. Reason about the information and answer with Yes or No.,Can you find Bob Marley's face in most smoke shops?,Bob Marley's face is on the packaging of a popular brand of rolling papers. Bob Marley is a popular graphic to print on t-shirts for sale to smokers.,Yes,StrategyQA,commonsense_reasoning
Read the question and supporting facts carefully. Reason about the information and answer with Yes or No.,Has the Indian Ocean garbage patch not completed two full rotations of debris since its discovery?,The Indian Ocean garbage patch was discovered in 2010 The Indian Ocean garbage patch takes 6 years to complete a circulation ,Yes,StrategyQA,commonsense_reasoning
Read the question and supporting facts carefully. Reason about the information and answer with Yes or No.,Would Arnold Schwarzenegger have a hard time picking up a red fox in 1967?,"In 1967, Schwarzenegger won the Munich stone-lifting contest, in which a stone weighing 508 German pounds (254 kg / 560 lb) is lifted between the legs while standing on two footrests. Red foxes weigh between 2.2–14 kg (5–31 lb).",No,StrategyQA,commonsense_reasoning
Read the question and supporting facts carefully. Reason about the information and answer with Yes or No.,Is Capricorn the hypothetical zodiac sign of Satanism?,"Satanism is a group of beliefs based on Satan and has numerous symbols. Satan (The Devil) is often depicted as the deity Baphomet, a Sabbatic Goat with a human body and goat head. The Capricorn is the zodiac sign symbolized by the goat. The Tarot card attributed to the Zodiac sign Capricorn is The Devil.",Yes,StrategyQA,commonsense_reasoning
Read the question and supporting facts carefully. Reason about the information and answer with Yes or No.,Did Jackson 5 members exceed number in The Osmonds?,"The Jackson 5 was composed of: Jackie, Tito, Jermaine, Marlon and Michael. The Osmonds consisted of:  Alan, Wayne, Merrill, Jay and Donny.",No,StrategyQA,commonsense_reasoning
Read the question and supporting facts carefully. Reason about the information and answer with Yes or No.,Is a spice grinder ueseless for the cheapest cinnamon sticks?,Different species of cinnamon require different grinding methods to make the spice Indonesian cinnamon quills are thick and capable of damaging a spice or coffee grinder. Indonesian cinnamon is the most common and cheapest cinnamon in the USA,Yes,StrategyQA,commonsense_reasoning
Read the question and supporting facts carefully. Reason about the information and answer with Yes or No.,Has Burger King  contributed to a decrease in need for snowshoes?,Burger king serves beef Beef farming is associated with increased global temperatures and decreased snowfall,Yes,StrategyQA,commonsense_reasoning
Read the question and supporting facts carefully. Reason about the information and answer with Yes or No.,Is basil safe from Hypervitaminosis D?,"Hypervitaminosis D is a rare disease caused by having too much vitamin D. Basil contains many vitamins including Vitamin A, B, C, E, and K.",Yes,StrategyQA,commonsense_reasoning
Read the question and supporting facts carefully. Reason about the information and answer with Yes or No.,Is the most recent Democrat President in the US known for his painting practice?,George W. Bush is a former Republican President of the US. George W. Bush posts photos of his paintings online. Barack Obama succeeded George W. Bush as a Democrat President. Barack Obama doesn't post photos of paintings he has made.,No,StrategyQA,commonsense_reasoning
Read the question and supporting facts carefully. Reason about the information and answer with Yes or No.,Is Chinese successor to Chevrolet Cruze name a town far from Milan?,The Chinese successor to Chevrolet Cruze is the Chevrolet Monza. Monza is a city near the north of Milan.,No,StrategyQA,commonsense_reasoning
Read the question and supporting facts carefully. Reason about the information and answer with Yes or No.,Would you find a tibia beside parsley on a holiday plate?,"The tibia of a goat is eaten during Passover, a Jewish holiday Parsley is served on a Passover seder plate beside the goat shank ",Yes,StrategyQA,commonsense_reasoning
Read the question and supporting facts carefully. Reason about the information and answer with Yes or No.,Was hippie culture encouraged by the government in the Soviet Union?,"Long hair was associated with the subcultures and youth movements that arose in the Western world during the mid-1960s, such as Hippies.  Máničky) is a Czech term used for young people with long hair, typically men, in Czechoslovakia through the 1960s and 1970s. From the mid-1960s, ""máničky"" became a target of continuous interest of the state security apparatus.",No,StrategyQA,commonsense_reasoning
Read the question and supporting facts carefully. Reason about the information and answer with Yes or No.,Was the Second Amendment to the United States Constitution written without consideration for black Americans?,The writers of the Constitutional Amendments did not view black people as legitimate human beings. The writers of the Constitutional Amendments believed that slavery benefited black slaves. The Constitutional Amendments were written for people that the writers considered human.,Yes,StrategyQA,commonsense_reasoning
Read the question and supporting facts carefully. Reason about the information and answer with Yes or No.,Can sunlight travel to the deepest part of the Black Sea?,"The Black Sea has a maximum depth of 2,212 meters Sunlight does not penetrate water below 1000 meters",No,StrategyQA,commonsense_reasoning
Read the question and supporting facts carefully. Reason about the information and answer with Yes or No.,Karachi was a part of Alexander the Great's success?,Karachi is a city in modern day Pakistan. Krokola was an ancient port located in what is now Karachi. Alexander the Great stationed his fleet in Krokola on his way to Babylon. Alexander the Great defeated Darius and conquered Babylon before expanding his empire.,Yes,StrategyQA,commonsense_reasoning
Read the question and supporting facts carefully. Reason about the information and answer with Yes or No.,Was King Kong (2005 film) the lead actress's biggest box office role?,Naomi Watts starred in King Kong (2005 film). Naomi Watts has starred in several movies such as Divergent and the RIng. Divergent: Insurgent made 295 million at the box office worldwide . The Ring made 248 million at the box office worldwide . King Kong (2005 film) made 550 million at the box office worldwide.,Yes,StrategyQA,commonsense_reasoning
Read the question and supporting facts carefully. Reason about the information and answer with Yes or No.,Is Final Fantasy VI closer to beginning than end of its franchise?,Final Fantasy VI is the sixth entry into the Final Fantasy series of video games. There are 15 total games in the main Final Fantasy series of video games as of 2020.,Yes,StrategyQA,commonsense_reasoning
Read the question and supporting facts carefully. Reason about the information and answer with Yes or No.,Is All Purpose Flour safe for someone who has celiac disease?,"All purpose flour has about 9% gluten in it. When someone with Celiac disease eats gluten, their body has an immune response that attacks their small intestine.",No,StrategyQA,commonsense_reasoning
Read the question and supporting facts carefully. Reason about the information and answer with Yes or No.,Would a CEO typically clean the toilets in a company's building?,The CEO is the highest-ranking corporate position in an organization. Cleaning toilets is a job typically done by janitors or facility workers in a company.,No,StrategyQA,commonsense_reasoning
Read the question and supporting facts carefully. Reason about the information and answer with Yes or No.,Are Tom and Jerry featured in a ride at Disneyland?,Tom and Jerry were created by Hanna-Barbera and are currently owned by Warner Bros. and Turner Entertainment Disneyland is a theme park which features characters owned by the Walt Disney Company,No,StrategyQA,commonsense_reasoning
Read the question and supporting facts carefully. Reason about the information and answer with Yes or No.,Was Alaska part of the Northern Army during the Civil War?,The Civil War was from 1861 - 1865. The Northern Army consisted of soldiers from states north of the Mason-Dixon line. Alaska did not become part of the United States until 1867.,No,StrategyQA,commonsense_reasoning
Read the question and supporting facts carefully. Reason about the information and answer with Yes or No.,Would a compact disc melt in magma?,Magma is the molten material beneath the earth's surface. The temperature of magma ranges between 1300F and 2400F degrees. A compact disc is made of polycarbonate plastic. Polycarbonate plastic melts at 311F degrees.,Yes,StrategyQA,commonsense_reasoning
Read the question and supporting facts carefully. Reason about the information and answer with Yes or No.,Did Alan Turing suffer the same fate as Abraham Lincoln?,Alan Turing committed suicide via cyanide poisoning. Abraham Lincoln was killed by a gunshot wound to the head.,No,StrategyQA,commonsense_reasoning
Read the question and supporting facts carefully. Reason about the information and answer with Yes or No.,Would Bandy be likely to become popular in Texas?,The American Bandy Association governs major Bandy play in the United States. There are no teams from Texas registered with the American Bandy Association. Sports involving ice and snow tend to be more popular in cold climates. Texas has an extremely hot climate.,No,StrategyQA,commonsense_reasoning
Read the question and supporting facts carefully. Reason about the information and answer with Yes or No.,Was Donald Trump the target of Islamophobia?,"Islamophobia targets Muslims Donald Trump is a Presbyterian, a denomination of Christianity",No,StrategyQA,commonsense_reasoning
Read the question and supporting facts carefully. Reason about the information and answer with Yes or No.,Did the Wall Street Crash of 1929 hurt the stocks of robotics companies?,"The first robotics company was formed in the 1950s The crash of 1929 was a single event, not one that lasted decades",No,StrategyQA,commonsense_reasoning
Read the question and supporting facts carefully. Reason about the information and answer with Yes or No.,Can Vice President of the United States kill with impunity?," Vice President Aaron Burr fatally wounded Alexander Hamilton in a duel on July 11, 1804. Aaron Burr continued his term as Vice President of the United States after killing Alexander Hamilton. US stand-your-ground laws allow a person to defend themselves even to the point of applying lethal force.",Yes,StrategyQA,commonsense_reasoning
Read the question and supporting facts carefully. Reason about the information and answer with Yes or No.,Is metal a type of folk music?,"Folk music tends to be simple in structure, played on traditional acoustic instruments. Groups can be large but the song is designed to be playable by solo acts or small groups. Metal music is designed to be as loud and epic-sounding as possible, often with complex structures and almost always with electric instruments.",No,StrategyQA,commonsense_reasoning
Read the question and supporting facts carefully. Reason about the information and answer with Yes or No.,Would half muggle wizards fear Lord Voldemort?,"Lord Voldemort created a slur to describe half muggle wizards, calling them mudbloods. Lord Voldemort sought to purge the wizarding world of half muggle wizards through death.",Yes,StrategyQA,commonsense_reasoning
Read the question and supporting facts carefully. Reason about the information and answer with Yes or No.,Was King Kong climbing at a higher altitude than Eiffel Tower visitors?,"The Eiffel Tower is 984 ft high, and the visitor platform is 906 ft high. King Kong climbed up to the top of the Empire State Building. The Empire State Building is 1230 ft high.",Yes,StrategyQA,commonsense_reasoning
Read the question and supporting facts carefully. Reason about the information and answer with Yes or No.,Would a cauliflower farmer prosper at a latitude of 75° N?,Cauliflower grows best between temperatures of 70 to 85 degrees The latitude of 75° N is in the Arctic,No,StrategyQA,commonsense_reasoning
Read the question and supporting facts carefully. Reason about the information and answer with Yes or No.,Do seven McDonald's hamburgers exceed USDA recommended fat allowance?,The fat content of one McDonald's hamburgers is 10 grams. The USDA recommends between 44 and 77 grams of fat a day.,No,StrategyQA,commonsense_reasoning
Read the question and supporting facts carefully. Reason about the information and answer with Yes or No.,Would Richard Dawkins hypothetically refuse an offering of the Last rites?,"Richard Dawkins is known as an outspoken atheist, well known for his criticism of creationism and intelligent design. The Last rites, in Catholicism, are the last prayers and ministrations given to an individual of the faith, when possible, shortly before death.",Yes,StrategyQA,commonsense_reasoning
Read the question and supporting facts carefully. Reason about the information and answer with Yes or No.,Are all students guaranteed lunch at school in the US?,Schools across the US have been struggling with school lunch debts. News articles have been published about students being turned away from the cafeteria due to outstanding debts for lunches.,No,StrategyQA,commonsense_reasoning
Read the question and supporting facts carefully. Reason about the information and answer with Yes or No.,Could William Franklyn-Miller win a 2020 Nascar Cup Series race?,William Franklyn-Miller is an actor known for the TV series Medici: The Magnificent. William Franklyn-Miller turned 16 in March of 2020. Nascar Cup Series races have a minimum age of 18.,No,StrategyQA,commonsense_reasoning
Read the question and supporting facts carefully. Reason about the information and answer with Yes or No.,Would a human following a hyena diet be unwelcome at a vegan festival?,A hyena is a carnivorous mammal that feeds on the flesh of other animals. Vegans are people that stick to a strict diet that does not include animals or animal products.,Yes,StrategyQA,commonsense_reasoning
Read the question and supporting facts carefully. Reason about the information and answer with Yes or No.,Would Mount Wycheproof be a breeze for Edmund Hillary?,"Edmund Hillary was a mountaineer that climbed Mount Everest. Mount Everest reaches 29,029 feet in the air. Mount Wycheproof is the smallest mountain in the world. Mount Wycheproof rises a mere 486 feet above sea level.",Yes,StrategyQA,commonsense_reasoning
Read the question and supporting facts carefully. Reason about the information and answer with Yes or No.,Can horseradish be eaten in a religious context?,A Seder is typically held during the Jewish holiday Passover. The Seder involves several items representing the story of the Exodus. Horseradish is commonly used for the traditional bitter herb item.,Yes,StrategyQA,commonsense_reasoning
Read the question and supporting facts carefully. Reason about the information and answer with Yes or No.,Do manta rays live in water above the safe temperature for cold food storage?,"For cold foods, the food safe temperature is 40 degrees Fahrenheit and below. Manta rays prefer water temperatures above 68 °F (20 °C).",Yes,StrategyQA,commonsense_reasoning
Read the question and supporting facts carefully. Reason about the information and answer with Yes or No.,Does the texture of leaves remain the same independent of their coloring changing?,"When leaves turn colors like red, yellow, or brown, they start being cut off from their main supply of nutrients and moisture. As leaves change colors, they become dry and brittle. Leaves tend to be supple and soft when they are green.",No,StrategyQA,commonsense_reasoning
Read the question and supporting facts carefully. Reason about the information and answer with Yes or No.,Is Snickers helpful for weight loss?,"Weight loss is best achieved through watching the calories and sugar in the food you eat. Snickers is high in fat, sugar, and calories, while being low in nutritional value.",No,StrategyQA,commonsense_reasoning
Read the question and supporting facts carefully. Reason about the information and answer with Yes or No.,Would Bobby Jindal's high school mascot eat kibble?,Bobby Jindal attended Baton Rouge Magnet High School. Baton Rouge Magnet High School's mascot is the bulldog. Kibble is another name for the dry form of dog/pet food.,Yes,StrategyQA,commonsense_reasoning
Read the question and supporting facts carefully. Reason about the information and answer with Yes or No.,Did Evander Holyfield compete in an Olympics hosted in the western hemisphere?,"Evander Holyfield won a bronze medal during the 1984 Summer Olympics. The 1984 Olympics were held in Los Angeles, California. California is in the United States, which is located entirely within the western hemisphere.",Yes,StrategyQA,commonsense_reasoning
Read the question and supporting facts carefully. Reason about the information and answer with Yes or No.,Will Dustin Hoffman likely vote for Trump in 2020?,Dustin Hoffman is a liberal and has long supported the Democratic Party and Ralph Nader. Donald Trump belongs to the Republican Party.,No,StrategyQA,commonsense_reasoning
Read the question and supporting facts carefully. Reason about the information and answer with Yes or No.,Were Walkman's used in the Kingdom of Hungary?,The Kingdom of Hungary ended in 1946.  The Walkman was invented in 1979.,No,StrategyQA,commonsense_reasoning
Read the question and supporting facts carefully. Reason about the information and answer with Yes or No.,Will Al Pacino and Margaret Qualley score same amount of Bacon Number points?,"The Bacon Number refers to a game in which people find how close a person is to the actor Kevin Bacon based on similar costars. Margaret Qualley was in Novitiate with Julianne Nicholson who was in Black Mass with Kevin Bacon (Bacon Number of 2). Al Pacino was in The Devil's Advocate with Charlize Theron who was in Trapped with Kevin Bacon (Bacon Number of 2). The further away someone is from Kevin Bacon, the more points scored in Bacon Number. Major General William Rufus Shafter is believed to produce the highest Bacon Number score of 10.",Yes,StrategyQA,commonsense_reasoning
Read the question and supporting facts carefully. Reason about the information and answer with Yes or No.,Would E.T. the Extra-Terrestrial alien hypothetically love Friendly's?,"E.T., the main alien from E.T. the Extra-Terrestrial, loved Reese's Pieces candy. Friendly's is a restaurant that serves dinner entrees and ice cream dishes. Friendly's has several desserts with Reese's candy including the Reese's Peanut Butter Cup Sundae, and Reese's Pieces Sundae.",Yes,StrategyQA,commonsense_reasoning
Read the question and supporting facts carefully. Reason about the information and answer with Yes or No.,Could all Tahiti hotels hypothetically accommodate US D-Day troops?,"Tahiti has 47 hotels with around 3,000 rooms. The US D-Day force consisted of:  23,250 on Utah Beach, 34,250 on Omaha Beach, and 15,500 airborne troops.",No,StrategyQA,commonsense_reasoning
Read the question and supporting facts carefully. Reason about the information and answer with Yes or No.,Would it be impossible to get to Burning Man on the Mayflower?,The Mayflower was a seafaring vessel Burning Man is held in Black Rock Desert There are no bodies of water flowing into the Black Rock Desert,Yes,StrategyQA,commonsense_reasoning
Read the question and supporting facts carefully. Reason about the information and answer with Yes or No.,Is Cholera alive?,Cholera are a type of bacteria. Bacteria are considered living creatures.,Yes,StrategyQA,commonsense_reasoning
Read the question and supporting facts carefully. Reason about the information and answer with Yes or No.,Did Archduke Franz Ferdinand of Austria participate in the Pacific War?,Archduke Franz Ferdinand of Austria was assassinated in 1914. The Pacific War took place between 1941 and 1945.,No,StrategyQA,commonsense_reasoning
Read the question and supporting facts carefully. Reason about the information and answer with Yes or No.,Did Pedubastis I know Japanese people?,Pedubastis I was a pharaoh that died in 800 BC Japan's origins are in 600 BC according to a letter of the Sui dynasty. Pedubastis I ruled over the country of Egypt.,No,StrategyQA,commonsense_reasoning
Read the question and supporting facts carefully. Reason about the information and answer with Yes or No.,Is helium the cause of the Hindenburg explosion?,"The Hindenburgh was filled with hydrogen. Helium is considered a noble, inert gas that doesn't react. Hydrogen is highly flammable. ",No,StrategyQA,commonsense_reasoning
Read the question and supporting facts carefully. Reason about the information and answer with Yes or No.,Can Curiosity take samples of rocks from Lacus Temporis?,Curiosity is a rover exploring Mars Lacus Temporis is located on the moon,No,StrategyQA,commonsense_reasoning
Read the question and supporting facts carefully. Reason about the information and answer with Yes or No.,Does Mercury help detect coronavirus?,Mercury is used in thermometers Thermometers are used in taking body temperature High temperature or fever is one symptom of coronavirus,Yes,StrategyQA,commonsense_reasoning
Read the question and supporting facts carefully. Reason about the information and answer with Yes or No.,Would ramen be bad for someone with heart failure?,People with heart failure have to limit their sodium intake. Ramen is notorious for having incredibly high sodium levels. ,Yes,StrategyQA,commonsense_reasoning
Read the question and supporting facts carefully. Reason about the information and answer with Yes or No.,Is Ganymede in the Milky Way galaxy?,Ganymede is a moon of Jupiter. Jupiter is the largest planet in our solar system. The solar system is part of the Milky Way galaxy.,Yes,StrategyQA,commonsense_reasoning
Read the question and supporting facts carefully. Reason about the information and answer with Yes or No.,Is it difficult to conduct astrophotography in the summer in Sweden?,Astrophotography is used to photograph the night sky. Swedish summers have short nights.,Yes,StrategyQA,commonsense_reasoning
Read the question and supporting facts carefully. Reason about the information and answer with Yes or No.,Do any Islamic dominated countries have a Starbucks?,"Starbucks is a coffee shop found in numerous countries including USA, China, and the United Arab Emirates. The United Arab Emirates has a Starbucks in Dubai. Islam is the largest and the official state religion of the United Arab Emirates. Pew Research estimates state that over 76% of the citizens of the United Arab Emirates are Islamic.",Yes,StrategyQA,commonsense_reasoning
Read the question and supporting facts carefully. Reason about the information and answer with Yes or No.,Would a binge watch of entire Young and the Restless take longer than a leap year?,"A leap year has 366 total days. As of March 19th, 2018, every episode of the Young and the Restless would take 467 days and 2 hours to watch.",Yes,StrategyQA,commonsense_reasoning
Read the question and supporting facts carefully. Reason about the information and answer with Yes or No.,Can an anchovy born in 2020 survive 25th US census?,The US Census takes place every ten years. The 24th US Census took place in 2020. The 25th US Census will take place in 2030. The average lifespan of an anchovy is five years.,No,StrategyQA,commonsense_reasoning
Read the question and supporting facts carefully. Reason about the information and answer with Yes or No.,Are any animals in Chinese calendar Chordata?,The chinese zodiac based on the Chinese calendar has a number of animals including dogs and pigs. Chordata is a scientific classification of an animals phylum. The phylum of pigs is Chordata.,Yes,StrategyQA,commonsense_reasoning
Read the question and supporting facts carefully. Reason about the information and answer with Yes or No.,Is Pig Latin related to real Latin?,Pig Latin is based on English. It is formed by moving consonants and syllables. Real Latin is a separate language distinct from English.,No,StrategyQA,commonsense_reasoning
Read the question and supporting facts carefully. Reason about the information and answer with Yes or No.,Can dessert be made with vegetables?,A popular desert is carrot cake. Carrot cake is made with carrots. Carrots are a kind of vegetable.,Yes,StrategyQA,commonsense_reasoning
Read the question and supporting facts carefully. Reason about the information and answer with Yes or No.,Did Heracles famous labors exceed a baker's dozen?,Heracles had twelve labors he was tasked with such as cleaning the Augean stables and killing the nine-headed Lernaean Hydra. A baker's dozen is a term used in cooking that refers to 13 of anything.,No,StrategyQA,commonsense_reasoning
Read the question and supporting facts carefully. Reason about the information and answer with Yes or No.,Do women often need new shoes during their pregnancy?,"Pregnancy can cause swelling in the feet and legs. For safety and comfort, one needs to get new shoes if the size of their feet change.",Yes,StrategyQA,commonsense_reasoning
Read the question and supporting facts carefully. Reason about the information and answer with Yes or No.,NATO doesn't recognize double triangle flag countries?,NATO is a members only alliance of several countries. Nepal has a double triangle flag. Nepal has not been recognized as a member of NATO.,Yes,StrategyQA,commonsense_reasoning
Read the question and supporting facts carefully. Reason about the information and answer with Yes or No.,Do the anchors on Rede Globo speak Chinese?,Rede Globo is a Brazilian television network. The official language of Brazil is Portuguese.,No,StrategyQA,commonsense_reasoning
Read the question and supporting facts carefully. Reason about the information and answer with Yes or No.,Can an Arvanite Greek understand some of the Albanian Declaration of Independence?,"The Albanian Declaration of Independence is written in Albanian, Gheg, Tosk, and Ottoman Turkish. The Arvanite Greek's are a major Tosk speaking group of southern Albania.",Yes,StrategyQA,commonsense_reasoning
Read the question and supporting facts carefully. Reason about the information and answer with Yes or No.,Does Southwest Airlines use bulk carriers?,"Southwest Airlines requires jet fuel, which is brought in by bulk carrier transport. Southwest Airlines requires glycol for de-icing their planes, which is brought in by bulk transport.",Yes,StrategyQA,commonsense_reasoning
Read the question and supporting facts carefully. Reason about the information and answer with Yes or No.,Is British Airways the air force of the United Kingdom?,British Airways is a commercial transportation company. The military air force of the United Kingdom is named the Royal Air Force.  British Airways is headquartered in London.  Royal Air Force is part of the British Armed Forces.,No,StrategyQA,commonsense_reasoning
Read the question and supporting facts carefully. Reason about the information and answer with Yes or No.,Did the color green help Theodor Geisel become famous?,Green is a color made by mixing blue and yellow Theodor Geisel is the American writer known as Dr. Seuss One of Dr. Seuss's most famous books and lines is Green Eggs and Ham,Yes,StrategyQA,commonsense_reasoning
Read the question and supporting facts carefully. Reason about the information and answer with Yes or No.,Is cow methane safer for environment than cars?,Methane is a gas that pollutes the environment and leads to shifts in temperature. Cars produce 2.7 tons of methane per year. Cows produce 4 tons of methane gas per year.,No,StrategyQA,commonsense_reasoning
Read the question and supporting facts carefully. Reason about the information and answer with Yes or No.,Did the lead singer of Led Zepplin ever perform with Ernest Chataway?,Robert Plant is the lead singer of Led Zepplin Robert Plant was in the band The Honeydrippers Ernest Chataway was in the band The Honeydrippers,Yes,StrategyQA,commonsense_reasoning
Read the question and supporting facts carefully. Reason about the information and answer with Yes or No.,Could a delicious recipe be made with The Onion?,"Despite its name, The Onion is not a food, but rather an organization. It is not possible to eat a business organization.",No,StrategyQA,commonsense_reasoning
Read the question and supporting facts carefully. Reason about the information and answer with Yes or No.,Did George W. Bush grow up speaking Cantonese?,George Bush grew up primarily in Texas. English is the primary language spoken in Texas. Cantonese is the primary language spoken in certain parts of China.,No,StrategyQA,commonsense_reasoning
Read the question and supporting facts carefully. Reason about the information and answer with Yes or No.,Would an Evander Holyfield 2020 boxing return set age record?,Evander Holyfield will turn 58 years old at the end of 2020. Steve Ward holds the world's oldest boxer title at age 59.,No,StrategyQA,commonsense_reasoning
Read the question and supporting facts carefully. Reason about the information and answer with Yes or No.,Would Iggy Pop travel with Justin Bieber?,"Iggy Pop is a famous punk rocker.  Justin Bieber is a famous pop singer. Punk is a music subculture that clashes against mainstream topics, ideals, and subjects. Pop music is a mainstream form of music constructed to appeal to the masses.",No,StrategyQA,commonsense_reasoning
Read the question and supporting facts carefully. Reason about the information and answer with Yes or No.,Are twinkies considered artisan made products?,"Twinkies are mass produced in multiple commercial bakeries. In bakeries, Twinkies are made by machines.",No,StrategyQA,commonsense_reasoning
Read the question and supporting facts carefully. Reason about the information and answer with Yes or No.,Would Brian Warner be a good singer for a soul music band?,"Soul music is a music genre that originated in the United States African American community in the 1950s. Soul music combines elements of African-American gospel music, rhythm and blues and jazz. Brian Warner is the lead singer of the band Marilyn Manson. The band Marilyn Manson plays industrial heavy metal music.",No,StrategyQA,commonsense_reasoning
Read the question and supporting facts carefully. Reason about the information and answer with Yes or No.,Would Carrie Poppy be likely to trust a psychic?,"Carrie Poppy is an American podcaster who is on a show called 'Oh No! Ross and Carrie."" ""Oh No Ross and Carrie"" is a show that critically examines religious claims and those of the supernatural. Carrie Poppy considers herself a skeptic and an investigative reporter.",No,StrategyQA,commonsense_reasoning
Read the question and supporting facts carefully. Reason about the information and answer with Yes or No.,"Did the Gunpowder plot eliminate Mary, Queen of Scots bloodline?","Mary, Queen of Scots was the queen of Scotland whose rivalry with Elizabeth I led to her beheading. Mary, Queen of Scots son became King of England as James I. The Gunpowder plot was a 1605 plot to blow up Parliament and King James I. The Gunpowder plot failed and the conspirators were executed. King James I was succeeded by his son, Charles I of England.",No,StrategyQA,commonsense_reasoning
Read the question and supporting facts carefully. Reason about the information and answer with Yes or No.,Would a stool be useful for a Lusotitan to reach the top of an almond tree?,Almond trees can grow up to 10 meters high The Lusotitan adult was over 10 meters high,No,StrategyQA,commonsense_reasoning
Read the question and supporting facts carefully. Reason about the information and answer with Yes or No.,Was Robert Downey Jr. a good role model as a young man?,"As a young man, Robert Downey Jr. struggled with drug and alcohol addiction. Robert Downey Jr. shot a gun out of a car window while doing drugs as a young adult.",No,StrategyQA,commonsense_reasoning
Read the question and supporting facts carefully. Reason about the information and answer with Yes or No.,Did Jane Austen suffer from middle child syndrome?,"Jane Austen was the second youngest of 8 children. Middle child syndrome is the feeling of exclusion by middle children, due directly to their placement in their family's birth order.",No,StrategyQA,commonsense_reasoning
Read the question and supporting facts carefully. Reason about the information and answer with Yes or No.,Can a sea turtle play tennis using a tennis racket?,"to play tennis, a human-like hand is needed to properly hold the tennis racket sea turtles have flippers and not human-like hands",No,StrategyQA,commonsense_reasoning
Read the question and supporting facts carefully. Reason about the information and answer with Yes or No.,Does Super Mario mainly focus on a man in green?,Super Mario follows the adventures of a plumber named Mario. Mario wears a red shirt and plumber's overalls.,No,StrategyQA,commonsense_reasoning
Read the question and supporting facts carefully. Reason about the information and answer with Yes or No.,Does a Trek 9000 require an anchor in order to park?,A Trek 9000 is a mountain bike An anchor is used on water borne vehicles like boats,No,StrategyQA,commonsense_reasoning
Read the question and supporting facts carefully. Reason about the information and answer with Yes or No.,Can a banana get a virus?,"A virus is a disease that is caused by infectious agents. A banana comes from a banana plant. Blight is a disease that is caused by infections on plants. The Banana bunchy top virus (BBTV) is a plant virus of the genus Babuvirus,that causes diseased streaks.",Yes,StrategyQA,commonsense_reasoning
Read the question and supporting facts carefully. Reason about the information and answer with Yes or No.,Did Melania Trump have same profession as Olga Kurylenko?,Melania Trump is the first lady of the United States and was previously a model. Olga Kurylenko is a professional actress that also works as a model.,Yes,StrategyQA,commonsense_reasoning
Read the question and supporting facts carefully. Reason about the information and answer with Yes or No.,Should wool be hand washed only?,Felting is a process through which wool is shaped and shrunken through agitation in soapy water.  Felting will often occur if you put a wool item in the washer.,Yes,StrategyQA,commonsense_reasoning
Read the question and supporting facts carefully. Reason about the information and answer with Yes or No.,Are chinchillas cold-blooded?,Chinchillas are rodents. Rodents are mammals. All mammals are warm-blooded.,No,StrategyQA,commonsense_reasoning
Read the question and supporting facts carefully. Reason about the information and answer with Yes or No.,Are Disney's seven dwarves the original ones?,"In the original fairy tale, the dwarves were unnamed, but first named in a 1912 stage version: Blick, Flick, Glick, Snick, Plick, Whick, and Quee. In Disney's version, the dwarves are named Happy, Sleepy, Sneezy, Grumpy, Dopey, Bashful, and Doc.",No,StrategyQA,commonsense_reasoning
Read the question and supporting facts carefully. Reason about the information and answer with Yes or No.,Are there five different single-digit Fibonacci numbers?,"The first six numbers in the Fibonacci sequence are 1,1,2,3,5,8. Since 1 is doubled, there are only five different single digit numbers.",Yes,StrategyQA,commonsense_reasoning
Read the question and supporting facts carefully. Reason about the information and answer with Yes or No.,Would a Dodo hypothetically tower over Ma Petite?,A Dodo was an extinct bird that was over 3 feet tall. Ma Petite was a character on American Horror Story played by Jyoti Amge. Jyoti Amge is around 2 feet tall.,Yes,StrategyQA,commonsense_reasoning
Read the question and supporting facts carefully. Reason about the information and answer with Yes or No.,Was the French Revolution televised?,The french revolution occurred during the 1700's. Television was invented in 1927. ,No,StrategyQA,commonsense_reasoning
Read the question and supporting facts carefully. Reason about the information and answer with Yes or No.,Can children become lieutenants?,"Lieutenant the second junior-most or in some cases the junior-most commissioned officer in the armed forces, fire services, police, and other organizations of many nations. Many gangs use military rankings to describe their internal heirarchy. Many young children are inducted into gangs with heirarchies. Children can grow up to be whatever they want to be. ",Yes,StrategyQA,commonsense_reasoning
Read the question and supporting facts carefully. Reason about the information and answer with Yes or No.,Is a bengal fox likely to see the Superbowl?,The Superbowl is the championship game of the National Football League The National Football League is a sports league for American football American football enjoys the majority of its popularity in the United States The bengal fox is found exclusively on the Indian subcontinent,No,StrategyQA,commonsense_reasoning
Read the question and supporting facts carefully. Reason about the information and answer with Yes or No.,Will the Stanford Linear Accelerator fit on the Golden Gate Bridge?,"The Golden Gate Bridge is a famous suspension bridge in the San Francisco bay area. The Golden Gate Bridge is 1.7miles long. The Stanford Linear Accelerator is part of a particle physics lab in Menlo Park, California.  The Sanford Linear Accelerator is 2miles long.",No,StrategyQA,commonsense_reasoning
Read the question and supporting facts carefully. Reason about the information and answer with Yes or No.,Does Dean Cain have less days to birthday than Will Ferrell every 4th of July?,Will Ferrell was born on July 16th. Dean Cain was born on July 31st.,No,StrategyQA,commonsense_reasoning
Read the question and supporting facts carefully. Reason about the information and answer with Yes or No.,Can you conduct surveillance from a teddy bear?,Surveillance is the act of monitoring or observation Nanny cams are used for surveillance of behavior when a family leaves their home and/or children in the care of a third party Nanny cams are often placed in common household objects like teddy bears,Yes,StrategyQA,commonsense_reasoning
Read the question and supporting facts carefully. Reason about the information and answer with Yes or No.,"At midnight in Times Square on New Years Eve, are you likely to meet people in diapers?",Times Square holds an enormous gathering on New Year's Eve. There are no portable restrooms in Times Square. People begin waiting for the midnight event in Times Square before 10 a.m.,Yes,StrategyQA,commonsense_reasoning
Read the question and supporting facts carefully. Reason about the information and answer with Yes or No.,Are psychiatric patients welcome to join the United States Air Force?,Having a history of mental illness disqualifies most people from joining the Armed Forces. Psychiatric patients are being seen for management of mental illness.,No,StrategyQA,commonsense_reasoning
Read the question and supporting facts carefully. Reason about the information and answer with Yes or No.,Was King Kong (2005 film) solvent?,"Solvent refers to the assets of a project being greater than the liabilities. The assets of a movie film are the box office receipts, and the liabilities is the budget. King Kong (2005) had box office receipts of 562 million. King Kong (2005) had a budget of 207 million.",Yes,StrategyQA,commonsense_reasoning
Read the question and supporting facts carefully. Reason about the information and answer with Yes or No.,Does frost mean that it will be a snowy day?,"Frost forms regularly in areas that experience freezing temperatures and morning dew. Frost isn't deposited from the sky like snow, it forms on the ground.",No,StrategyQA,commonsense_reasoning
Read the question and supporting facts carefully. Reason about the information and answer with Yes or No.,Can you buy chlorine at a dollar store?,"Chlorine, when added to water, creates household bleach. Household bleach is available at most dollar stores.",Yes,StrategyQA,commonsense_reasoning
Read the question and supporting facts carefully. Reason about the information and answer with Yes or No.,Is viscosity unimportant in making jello shots?,"Jello shots are a combination of alcohol and jello to create an edible intoxicant.  If the liquid for the Jello shots has too low a viscosity, it will not become a semi-solid. ",No,StrategyQA,commonsense_reasoning
Read the question and supporting facts carefully. Reason about the information and answer with Yes or No.,"Could pickled cucumbers from 1,000 years ago be good still?","Pickled foods disintegrate over time. Pickling and preserving technology from 1,000 years ago was not airtight or made for longevity.",No,StrategyQA,commonsense_reasoning
Read the question and supporting facts carefully. Reason about the information and answer with Yes or No.,Would someone on Venus be unlikely to experience hypothermia?,Hypothermia typically occurs from exposure to extreme cold. The average surface temperature on Venus is 863°F. A warmer surface temperature on the planet will result in a higher body temperature for people on that planet.,Yes,StrategyQA,commonsense_reasoning
Read the question and supporting facts carefully. Reason about the information and answer with Yes or No.,Are there multiple Star Wars TV shows produced by Disney?,"Star Wars Rebels and Star Wars Resistance were released after Disney bought ownership of Star Wars. Disney also produced the first live-action TV show set in the Star Wars galaxy, The Mandalorian. Disney produced one additional revival season of Star Wars Clone Wars which was originally produced before Disney owned Star Wars.",Yes,StrategyQA,commonsense_reasoning
Read the question and supporting facts carefully. Reason about the information and answer with Yes or No.,Would many meals heavy in brussels sprouts benefit someone on Coumadin?,Brussels sprouts are high in vitamin K Eating lots of foods high in vitamin K is potentially harmful to people taking anticoagulants  Coumadin is an anticoagulant ,No,StrategyQA,commonsense_reasoning
Read the question and supporting facts carefully. Reason about the information and answer with Yes or No.,Would Paul Bunyan hypothetically be a poor choice for an urban planner?,Paul Bunyan was a legendary giant from tall tale stories. Urban planners need to design buildings and ceilings in cities. Paul Bunyan lived in the country side with a giant blue ox. New York city apartment ceilings average around 8 feet in height. Paul Bunyan was over seven feet tall.,Yes,StrategyQA,commonsense_reasoning
Read the question and supporting facts carefully. Reason about the information and answer with Yes or No.,Were the Great Pyramids built by a theocratic government?,The Great Pyramids were built by the Ancient Egyptians. A theocracy is a government that is led by religious leaders or who worships their leader as a god. The Pharaohs of Ancient Egypt were worshipped as children of the Sun god Ra.,Yes,StrategyQA,commonsense_reasoning
Read the question and supporting facts carefully. Reason about the information and answer with Yes or No.,Was The Canterbury Tales written before One Thousand and One Nights?,One Thousand and One Nights was compiled during the Islamic Golden Age. The Islamic Golden Age lasted from 800 AD to 1258 AD. The Canterbury Tales was written in 1392.,No,StrategyQA,commonsense_reasoning
Read the question and supporting facts carefully. Reason about the information and answer with Yes or No.,Is material from an aloe plant sometimes enclosed in petroleum-derived products?,Aloe vera gel is sometimes kept in plastic packaging. Plastic packaging is derived from petroleum.,Yes,StrategyQA,commonsense_reasoning
Read the question and supporting facts carefully. Reason about the information and answer with Yes or No.,Is a slime mold safe from cerebral palsy?,Cerebral palsy is a disorder caused by damage to fetal or infant brains. Slime molds are simple organisms that are similar to fungi. Slime molds do not possess a brain.,Yes,StrategyQA,commonsense_reasoning
Read the question and supporting facts carefully. Reason about the information and answer with Yes or No.,Is the best tasting part of the papaya in the center?,"The center of a papaya contains a cluster of seeds. Papaya seeds, while edible, are often discarded for the soft flesh that surrounds them.",No,StrategyQA,commonsense_reasoning
Read the question and supporting facts carefully. Reason about the information and answer with Yes or No.,"In teenagers and young adults with depression, are SSRI medications less safe than they are for adults?","In teens, SSRI medications may increase the risk of suicidal thinking. In adults over 25, SSRI medications are regarded as generally safe.",Yes,StrategyQA,commonsense_reasoning
Read the question and supporting facts carefully. Reason about the information and answer with Yes or No.,Would 7 zucchini's satisfy potassium USDA daily recommendation?,The USDA recommends at least 3500 mg of potassium a day. One zucchini has 512 mg of potassium.,Yes,StrategyQA,commonsense_reasoning
Read the question and supporting facts carefully. Reason about the information and answer with Yes or No.,Would James Cotton's instrument be too strident for a smooth jazz band?,Smooth jazz is an offshoot of jazz music that relies on a more melodic form. Smooth jazz employs the following instruments: saxophone. guitar. piano. trumpet. synthesizer. electric bass. and drums. James Cotton was a famous blues harmonica player.,Yes,StrategyQA,commonsense_reasoning
Read the question and supporting facts carefully. Reason about the information and answer with Yes or No.,Will Oasis cruise boat traverse the Lincoln Tunnel?,The Lincoln Tunnel has a maximum height clearance of 13 feet. The height of the Oasis cruise boat is 236 feet.,No,StrategyQA,commonsense_reasoning
Read the question and supporting facts carefully. Reason about the information and answer with Yes or No.,Would a retail associate envy the retailer's CEO's pay?,The average retail CEO makes 14 million yearly. Retail associates typically make between $8 and $13 hourly.,Yes,StrategyQA,commonsense_reasoning
Read the question and supporting facts carefully. Reason about the information and answer with Yes or No.,Is 3D printing able to make adenovirus?,"3D printers come with limitations in terms of precision. The standard nozzle output is about 0.4 mm. Therefore, if you are planning to print something that is below 0.4mm, you will not get a useful item. Adenoviruses are medium-sized (90–100 nm), nonenveloped (without an outer lipid bilayer) viruses with an icosahedral nucleocapsid containing a double stranded DNA genome.",No,StrategyQA,commonsense_reasoning
Read the question and supporting facts carefully. Reason about the information and answer with Yes or No.,Could ten gallons of seawater crush a six year old?,The average weight of a six year old is 45 pounds. One gallon of seawater weighs slightly over 8 pounds.,Yes,StrategyQA,commonsense_reasoning
Read the question and supporting facts carefully. Reason about the information and answer with Yes or No.,Would a recruit for the United States Marine Corps be turned away for self harm?,Self harm is when someone intentionally causes injury or pain to themselves. Self harm is almost always related to a mental health condition. Those experiencing mental wellness related illnesses cannot join the Marines.,Yes,StrategyQA,commonsense_reasoning
Read the question and supporting facts carefully. Reason about the information and answer with Yes or No.,Was Mark Twain a struggling inventor?,"Twain patented three inventions. Twain created and sold over 25,000 self-pasting scrapbook creations. Twain invented an improvement in adjustable and detachable straps for garments to replace suspenders.",No,StrategyQA,commonsense_reasoning
Read the question and supporting facts carefully. Reason about the information and answer with Yes or No.,Did Pink Floyd have a song about the French Riviera?,"Pink Floyd included the song San Tropez on the album Meddle San Tropez, also known as Saint Tropez, is a town located on the French Riviera",Yes,StrategyQA,commonsense_reasoning
Read the question and supporting facts carefully. Reason about the information and answer with Yes or No.,Was Dorothea Wendling from same place Porsche originated?,"Dorothea Wendling was a singer born in Stuttgart, Germany. Porsche was founded in 1931 in Stuttgart, Germany.",Yes,StrategyQA,commonsense_reasoning
Read the question and supporting facts carefully. Reason about the information and answer with Yes or No.,Does a Generation Y member satisfy NYPD police officer age requirement?,The NYPD has a minimum age requirement of 21. Members of Generation Y were born between 1980 and 1994.,Yes,StrategyQA,commonsense_reasoning
Read the question and supporting facts carefully. Reason about the information and answer with Yes or No.,Could Intel products be purchased at McDonald's?,"Intel is a technology company that produces computer products such as processors, chipsets, and GPUs. McDonald's is a fast food franchise that sells food and beverage products.",No,StrategyQA,commonsense_reasoning
Read the question and supporting facts carefully. Reason about the information and answer with Yes or No.,Would it be uncommon for a high schooler to use the yellow pages?,"High school students are between 14-19 years old.  Teenagers now are considered 'digital natives'.  'Digital natives' are individuals who have grown up during the computer age, being exposed to technology from early childhood.",Yes,StrategyQA,commonsense_reasoning
Read the question and supporting facts carefully. Reason about the information and answer with Yes or No.,Was Black fly upstaged by another insect in Jeff Goldblum's 1986 film?,Jeff Goldnlum starred in the 1986 movie The Fly. The fly used in the movie The Fly was a common Housefly. The Black fly is most closely related to Chironomidae since they both feed on mammals.,Yes,StrategyQA,commonsense_reasoning
Read the question and supporting facts carefully. Reason about the information and answer with Yes or No.,Could Jamie Brewer have attended the United States Naval Academy?,Jamie Brewer is a famous actress with down syndrome. Individuals with down syndrome are disqualified from military service.,No,StrategyQA,commonsense_reasoning
Read the question and supporting facts carefully. Reason about the information and answer with Yes or No.,Do all parts of the aloe vera plant taste good?,There is a layer of yellow latex liquid between the outside of an aloe leaf and the gel inside. The latex inside aloe tastes very bitter.,No,StrategyQA,commonsense_reasoning
Read the question and supporting facts carefully. Reason about the information and answer with Yes or No.,Is a doctorate required to teach at a SUNY School?,"At SUNY schools, there are some full time professors with doctorates. At SUNY schools, there are adjunct professors who teach with a Masters degree. ",No,StrategyQA,commonsense_reasoning
Read the question and supporting facts carefully. Reason about the information and answer with Yes or No.,Is there a full Neptunian orbit between the first two burials of women in the Panthéon?,"In 1907, Sophie Berthelot is the first woman to be interred in the Panthéon  In 1995, Marie Curie is the second woman to be interred there Neptune takes 165 years to go around the sun",No,StrategyQA,commonsense_reasoning
Read the question and supporting facts carefully. Reason about the information and answer with Yes or No.,Was Harry Potter and the Philosopher's Stone popular during the great depression?,The Great Depression started in 1929 and ended in 1933. Harry Potter and the Philosopher's Stone was first published in 1997.,No,StrategyQA,commonsense_reasoning
Read the question and supporting facts carefully. Reason about the information and answer with Yes or No.,Can Justin Timberlake ride Shipwreck Falls at Six Flags?,"Shipwreck Falls is a boat ride at Six Flags The minimum height for Shipwreck Falls is 42"" Justin Timberlake is 73"" tall",Yes,StrategyQA,commonsense_reasoning
Read the question and supporting facts carefully. Reason about the information and answer with Yes or No.,Does Final Fantasy VI require electricity to play?,Final Fantasy VI is a video game. Video games are played using a video game console and television. Video game consoles and televisions require electricity in order to function.,Yes,StrategyQA,commonsense_reasoning
Read the question and supporting facts carefully. Reason about the information and answer with Yes or No.,Did Richard Wagner support the Nazis?,Richard Wagner died in 1883. The Nazi Party was established in 1919.,No,StrategyQA,commonsense_reasoning
Read the question and supporting facts carefully. Reason about the information and answer with Yes or No.,Does crucifixion violate US eighth amendment?,The eighth amendment prohibits cruel and unusual punishment. Crucifixion was particularly barbaric as people do not die instantly and live for several days.,Yes,StrategyQA,commonsense_reasoning
Read the question and supporting facts carefully. Reason about the information and answer with Yes or No.,Did Jesus know anyone who spoke Estonian?,"Estonian is the language of Estonia, which is located in Northern Europe near Finland. Jesus is recorded to have lived and traveled almost exclusively within the borders of Galilee. Galilee is a territory within the borders of northern Israel. Israel is located on the Mediterranean sea in the Middle East. Israel is almost 2,000 miles from Estonia. ",No,StrategyQA,commonsense_reasoning
Read the question and supporting facts carefully. Reason about the information and answer with Yes or No.,Would a TMNT coloring book have pizza in it?,TMNT is an abbreviation for 'Teenage Mutant Ninja Turtles'. The Teenage Mutant Ninja Turtles canonically only ever ate pizza in the animated series. ,Yes,StrategyQA,commonsense_reasoning
Read the question and supporting facts carefully. Reason about the information and answer with Yes or No.,Is anyone at the Last Supper celebrated in Islam?,"The Last Supper was a meal between Jesus and his twelve disciples in Christianity. In Islam, Jesus is one of many revered prophets. In Islam, Jesus returns in a Second Coming to fight the ""False Messiah"" and establish peace on earth.",Yes,StrategyQA,commonsense_reasoning
Read the question and supporting facts carefully. Reason about the information and answer with Yes or No.,Do white blood cells outnumber red blood cells in the human body?,Red blood cells are about 40-50% of what makes up human blood. White blood cells make up about 1% of the blood in a human body.,No,StrategyQA,commonsense_reasoning
Read the question and supporting facts carefully. Reason about the information and answer with Yes or No.,Are Sable's a good choice of Mustelidae to weigh down a scale?,"Mustelidae is the scientific designation for animals that share similarities including polecats, sables, and ferrets. Polecats weigh between 2.2 and 3.3 pounds. Sable's weigh around 2.4 pounds. Ferrets can weigh up to 44 pounds. Sable's have sharp teeth and a painful bite and are outlawed in many states.",No,StrategyQA,commonsense_reasoning
Read the question and supporting facts carefully. Reason about the information and answer with Yes or No.,Did Karl Marx influence the communist party of China?,Communist ideology is the foundation of communist party of China. Marx produced a political pamphlet that has since come to be commonly known as the communist manifesto. ,Yes,StrategyQA,commonsense_reasoning
Read the question and supporting facts carefully. Reason about the information and answer with Yes or No.,Can you transport a primate in a backpack?,"Primates include lemurs, monkeys, apes, and humans. A Capuchin is a type of monkey that are an average height of twelve inches and weighs nine pounds. A school ruler is twelve inches. One school textbook can weigh up to six pounds.",Yes,StrategyQA,commonsense_reasoning
Read the question and supporting facts carefully. Reason about the information and answer with Yes or No.,Does Lupita Nyongo have citizenship in paternal Family of Barack Obama's origin country?,"Actress Lupita Nyongo has dual citizenship in Kenya and Mexico. Barack Obama's father was born in Nyang’oma Kogelo, Rachuonyo District, Kenya Colony. Barack Obama's father was a Kenyan of the Luo tribe.",Yes,StrategyQA,commonsense_reasoning
Read the question and supporting facts carefully. Reason about the information and answer with Yes or No.,Do some people soak in olive oil and water?,"Adding olive oil to bath water is a common practice for dry skin. In baths, people tend to soak for a period of time. ",Yes,StrategyQA,commonsense_reasoning
Read the question and supporting facts carefully. Reason about the information and answer with Yes or No.,Did Al Pacino act in a movie during World War II?,Al Pacino was born in 1940. World War II took place from 1939-1945. Al Pacino's first movie role was in 1969.,No,StrategyQA,commonsense_reasoning
Read the question and supporting facts carefully. Reason about the information and answer with Yes or No.,Would Roman Gallic Wars army struggle to build the pyramids faster?,"The pyramids were built by an estimated 30,000 workers. The Roman Gallic war army had around 75,000 soldiers.",No,StrategyQA,commonsense_reasoning
Read the question and supporting facts carefully. Reason about the information and answer with Yes or No.,Can someone with celiac disease have potato vodka?,Celiac disease makes it unsafe for someone to eat gluten. Potato vodka is a gluten free product.,Yes,StrategyQA,commonsense_reasoning
Read the question and supporting facts carefully. Reason about the information and answer with Yes or No.,Would a pacifist be opposed to hunting?,Pacifists are a group opposed to violence and war. Amish people are well known for their pacifism. Amish people hunt for meat and sport.,No,StrategyQA,commonsense_reasoning
Read the question and supporting facts carefully. Reason about the information and answer with Yes or No.,"In isopropyl alcohol, is the solubility of salt low?","Isopropyl alcohol is unique in the sense that salt remains visible. When salt has high solubility, it becomes invisible.",Yes,StrategyQA,commonsense_reasoning
Read the question and supporting facts carefully. Reason about the information and answer with Yes or No.,Can a person who knows only English read Kanji?,Kanji is a Japanese language. People who only know English can't read Japanese.,No,StrategyQA,commonsense_reasoning
Read the question and supporting facts carefully. Reason about the information and answer with Yes or No.,Would the Who concert in international space station be audible?,Sound travels through the vibration of atoms and molecules in a medium (such as air or water).  There is air in the international space station. ,Yes,StrategyQA,commonsense_reasoning
Read the question and supporting facts carefully. Reason about the information and answer with Yes or No.,Do people in middle school usually get breast exams?,Women should begin giving themselves breast exams at the age of 20. Middle school students are usually preteens or young teens.,No,StrategyQA,commonsense_reasoning
Read the question and supporting facts carefully. Reason about the information and answer with Yes or No.,Have Douglas fir been used to fight wars?,Douglas fir are a type of tree. Douglas fir are used to make ships. The Minesweeper is a small warship made from Douglas fir. The Minesweeper was made of wood to reduce it's risk magnetic signature and likely hood of detonating mines.,Yes,StrategyQA,commonsense_reasoning
Read the question and supporting facts carefully. Reason about the information and answer with Yes or No.,Can a human eat an entire 12-lb roast turkey in an hour? ,A serving of roast turkey is about 1 pound of uncooked turkey. A 12-lb roast turkey would contain about 12 servings of cooked turkey meat. One human cannot eat 12 1-lb servings of turkey in one sitting.,No,StrategyQA,commonsense_reasoning
Read the question and supporting facts carefully. Reason about the information and answer with Yes or No.,Is Lionel Richie related to Sheila E?,"Lionel Richie is an American singer and raised Nicole Richie. Nicole Richie was born to Sheila E's brother, Peter Michael Escovedo. Lionel Richie adopted Nicole Richie from Peter Michael Escovedo. Adoptive parents are not considered related to birth parents.",No,StrategyQA,commonsense_reasoning
Read the question and supporting facts carefully. Reason about the information and answer with Yes or No.,Does Nigella Lawson care about solubility?,Nigella Lawson is a chef Chefs are concerned with cooking processes and nutrition Solubility plays a role in both the chemistry of cooking processes as well as the body's interaction with substances that it ingests,Yes,StrategyQA,commonsense_reasoning
Read the question and supporting facts carefully. Reason about the information and answer with Yes or No.,Would Tom Cruise ever insult L. Ron Hubbard?,Tom Cruise is an outspoken advocate for the Church of Scientology and its associated social programs. The Church of Scientology was founded by L. Ron Hubbard. L. Ron Hubbard is a revered and god-like figure in The Church of Scientology.,No,StrategyQA,commonsense_reasoning
Read the question and supporting facts carefully. Reason about the information and answer with Yes or No.,Are the brooms from curling good for using on house floors?,"Curling brooms are designed for use within the sport specifically.  Curling brooms do not have traditional bristle heads, and the heads are costly to replace. ",No,StrategyQA,commonsense_reasoning
Read the question and supporting facts carefully. Reason about the information and answer with Yes or No.,Did the population of the Warsaw Ghetto record secret police on cell phones?,The Warsaw Ghetto existed during the second world war. Cell phones with video recording capability did not exist until the 2000s.,No,StrategyQA,commonsense_reasoning
Read the question and supporting facts carefully. Reason about the information and answer with Yes or No.,"On August 20, 2020,  does The Tonight Show Starring Jimmy Fallon air after moonset EST?","On August 20th, The Tonight Show Starring Jimmy Fallon airs at 11:35PM On August 20th, the moon on the east coast of the USA will set around 9PM",Yes,StrategyQA,commonsense_reasoning
Read the question and supporting facts carefully. Reason about the information and answer with Yes or No.,Would Eric Clapton's mother hypothetically be unable to legally purchase cigarettes in the USA at his birth?,"Eric Clapton's mother was 16 years old at the time of his birth. As of 2020, federal law required states comply with a minimum age of 21 years for sale/purchase of tobacco products.",Yes,StrategyQA,commonsense_reasoning
Read the question and supporting facts carefully. Reason about the information and answer with Yes or No.,Are the headquarters of All Nippon Airways near a beach?,The headquarters of All Nippon Airways are located in Shiodome City Center in the Shiodome area of the Minato ward of Tokyo. Tokyo is a metropolitan area. A beach is a landform alongside a body of water. Metropolitan areas typically do not have bodies of water in the surrounding area.,No,StrategyQA,commonsense_reasoning
Read the question and supporting facts carefully. Reason about the information and answer with Yes or No.,Are System of a Down opposed to globalization?,"In Boom!, System of a Down condemns globalization. The lead vocalist of the band System of a Down is outspoken against globalization. ",Yes,StrategyQA,commonsense_reasoning
Read the question and supporting facts carefully. Reason about the information and answer with Yes or No.,Was the original James Bond actor born near the Washington Monument?,"The original James Bond actor was Sean Connery. Sean Connery was born in Scotland. The Washington Monument is located in Washington, D.C. Washington, D.C. and Scotland are nearly 3,500 miles apart.",No,StrategyQA,commonsense_reasoning
Read the question and supporting facts carefully. Reason about the information and answer with Yes or No.,Would an expensive tailor use adhesive to create a shorter hem on slacks?,Adhesive hems are usually performed at home with a DIY kit. Professionally hemmed pants are created using a needle and thread.,No,StrategyQA,commonsense_reasoning
Read the question and supporting facts carefully. Reason about the information and answer with Yes or No.,Do embalmed bodies feel different at funerals?,"Embalming fluid fixates into the bodily tissues and replaces the bodily fluid. Bodies that have not been embalmed tend to feel soft. When embalming fluid fills the body, the body becomes firm.",Yes,StrategyQA,commonsense_reasoning
Read the question and supporting facts carefully. Reason about the information and answer with Yes or No.,Could all People's Volunteer Army hypothetically be transported on Symphony of the Seas?,"The People's Volunteer Army had 780,000 troops. The cruise ship, Symphony of the Seas, has a capacity of 5,518 people.",No,StrategyQA,commonsense_reasoning
Read the question and supporting facts carefully. Reason about the information and answer with Yes or No.,Does Düsseldorf have only a small number of smoggy days each year?,Mercer's 2012 Quality of Living survey ranked Düsseldorf the sixth most livable city in the world. Clean air is an important attribute for a livable city. Smog is a term for air pollution.,Yes,StrategyQA,commonsense_reasoning
Read the question and supporting facts carefully. Reason about the information and answer with Yes or No.,Did any killer Manson band members were named for exceed Charles Manson's kills?,Many of the members of the band Marilyn Manson combined the names of a model or actress with a serial killer. Marilyn Manson band memberTwiggy Ramirez took his name from model Twiggy and serial killer Richard Ramirez. Richard Ramirez was charged with 13 counts of murder. Charles Manson was charged with 9 counts of murder.,Yes,StrategyQA,commonsense_reasoning
Read the question and supporting facts carefully. Reason about the information and answer with Yes or No.,Does ancient Olympics crown fail to hide tonsure?,Tonsure refers to the religious hairstyle in which hair from the top of the head is shaved off. Winners of the ancient Olympics were given a laurel crown to wear. A laurel crown involves leaves arranged in a circle that cover only the edges of the head.,Yes,StrategyQA,commonsense_reasoning
Read the question and supporting facts carefully. Reason about the information and answer with Yes or No.,Did Mozart ever buy anything from Dolce & Gabbana?,Dolce & Gabbana was founded in 1985. Wolfgang Amadeus Mozart died in 1791.,No,StrategyQA,commonsense_reasoning
Read the question and supporting facts carefully. Reason about the information and answer with Yes or No.,Could a Diwali celebration feature a crustacean?,"Diwali is an important Hindu holiday which includes feasting. Crustaceans are shelled, mainly aquatic animals that include shrimp, lobster, and crabs. Hindus are allowed to eat any food besides beef, since cows are sacred. Hindus are allowed to eat ",Yes,StrategyQA,commonsense_reasoning
Read the question and supporting facts carefully. Reason about the information and answer with Yes or No.,Did Francois Mitterrand ever meet Barak Obama while they both held the position of President?,Mitterand was President of France from 1981 through 1995. Obama was President of the United States from 2009 to 2017,No,StrategyQA,commonsense_reasoning
Read the question and supporting facts carefully. Reason about the information and answer with Yes or No.,Could you drive from New England to a Sainsbury's?,New England is located in the United States of America. The U.K and New England are separated by a large ocean.,No,StrategyQA,commonsense_reasoning
Read the question and supporting facts carefully. Reason about the information and answer with Yes or No.,Snowboarding is a rarity in Hilo?,"Snowboarding is a sport that involves descending snow-covered slopes. Hilo, a town in Hawaii, has not had snow in almost 200 years.",Yes,StrategyQA,commonsense_reasoning
Read the question and supporting facts carefully. Reason about the information and answer with Yes or No.,Would a Beaver's teeth rival that of a Smilodon?,A beaver has teeth measuring 25 mm on average. The Smilodon was a prehistoric saber-toothed tiger. The Smilodon's teeth were around 11 inches long.,No,StrategyQA,commonsense_reasoning
Read the question and supporting facts carefully. Reason about the information and answer with Yes or No.,Were gladiators associated with the Coloseum?,"The Colosseum was a stadium in the ancient city of Rome, large by even today's standards. During the Roman era, it was primarily used to host large spectacles including gladiatorial combat, mock battles, and executions.",Yes,StrategyQA,commonsense_reasoning
Read the question and supporting facts carefully. Reason about the information and answer with Yes or No.,Is Casio's founding year a composite number?,Electronics company Casio was founded in 1946. A composite number is a number that can be divided by numbers other than 1 and itself. 1946 can be divided by 278 and 7.,Yes,StrategyQA,commonsense_reasoning
Read the question and supporting facts carefully. Reason about the information and answer with Yes or No.,Did The Who have to cancel tours due to World War II?,The Who was formed in 1964 World War II ended in 1945,No,StrategyQA,commonsense_reasoning
Read the question and supporting facts carefully. Reason about the information and answer with Yes or No.,Would it be difficult for Kami Rita to climb Mount Emei?,"Kami Rita has climbed Mount Everest 24 times. Mount Everest has an elevation of 8,848 m (29,029 ft). Mount Emei has an elevation of 3,099 metres (10,167 ft).",No,StrategyQA,commonsense_reasoning
Read the question and supporting facts carefully. Reason about the information and answer with Yes or No.,Is an ocelot a good present for a kindergartener?,"An ocelot is a small wild cat native to South America, Mexico, and the southern US. Ocelots are carnivores that hunt other animals and are aggressive, and strong for their size. Kindergarteners are usually 5 years old and weigh around 39 pounds.",No,StrategyQA,commonsense_reasoning
Read the question and supporting facts carefully. Reason about the information and answer with Yes or No.,Did Moon Jae-in's residence exist when the World Trade Center was completed?,The President of South Korea lives in the Blue House The Blue House finished construction in early 1991 The World Trade Center complex was completed in 1987,No,StrategyQA,commonsense_reasoning
Read the question and supporting facts carefully. Reason about the information and answer with Yes or No.,Can a prime number be represented by the number of days in a week?,There are seven days in a week. Seven is a prime number.,Yes,StrategyQA,commonsense_reasoning
Read the question and supporting facts carefully. Reason about the information and answer with Yes or No.,Could Eddie Murphy's children hypothetically fill a basketball court by themselves?,"Eddie Murphy has ten children. Basketball is played with two teams, each having five players on the court at one time.",Yes,StrategyQA,commonsense_reasoning
Read the question and supporting facts carefully. Reason about the information and answer with Yes or No.,Is Dungeons and Dragons a game well suited for solo play?,"Dungeons and Dragons requires one person to act as the ""Dungeon Master"" to construct the world for the other players to roleplay in. Dungeons and Dragons cannot work without at least one DM and two players.",No,StrategyQA,commonsense_reasoning
Read the question and supporting facts carefully. Reason about the information and answer with Yes or No.,Could SNL be why Jenny McCarthy does not get along with her cousin?,Jenny McCarthy is cousin's with Melissa McCarthy. Melissa McCarthy and Jenny McCarthy are not close and Melissa did not even attend Jenny's wedding. Jenny McCarthy was spoofed in n episode of SNL (Saturday Night Live) for a rant she did on The View. Melissa McCarthy has been a frequent guest on SNL (Saturday Night Live) from 2011-2017. Melissa McCarthy was nominated five times for a Primetime Emmy Award for Outstanding Guest Actress in a Comedy Series for her appearances on SNL.,Yes,StrategyQA,commonsense_reasoning
Read the question and supporting facts carefully. Reason about the information and answer with Yes or No.,Did Jack Dempsey fight the current WBC heavyweight champion?,Jack Dempsey died in 1983 The current WBC heavyweight champion is Tyson Fury Tyson Fury was born in 1988,No,StrategyQA,commonsense_reasoning
Read the question and supporting facts carefully. Reason about the information and answer with Yes or No.,Would someone in Boston not receive the Toronto Star?,The Toronto Star is only distributed in Canada. Boston is located in the United States.,Yes,StrategyQA,commonsense_reasoning
Read the question and supporting facts carefully. Reason about the information and answer with Yes or No.,Does Robert De Niro use a microscope at work?,"A microscope is a tool used by scientists. Robert De Niro works on movies and television shows, and he is not a scientist.",No,StrategyQA,commonsense_reasoning
Read the question and supporting facts carefully. Reason about the information and answer with Yes or No.,Could a student at the University of Houston see a caracal on campus?,"The caracal is native to Africa, the Middle East, Central Asia, and India. The University of Houston is located in the United States. The United States is located in North America.",No,StrategyQA,commonsense_reasoning
Read the question and supporting facts carefully. Reason about the information and answer with Yes or No.,Could Bob Marley's children hypothetically win tug of war against Kublai Khan's children?,"Bob Marley had 9 children. Kublai Khan had 23 children. Many of Bob Marley's children became singers, and followed his themes of peace and love. The children of Kublai Khan followed in his footsteps and were fierce warlords.",No,StrategyQA,commonsense_reasoning
Read the question and supporting facts carefully. Reason about the information and answer with Yes or No.,Can printing books in kanji instead of the Roman alphabet save trees?,The Kanji writing system uses less space to communicate ideas than an alphabet system. Trees are killed to make pages for books.,Yes,StrategyQA,commonsense_reasoning
Read the question and supporting facts carefully. Reason about the information and answer with Yes or No.,Would someone go to San Francisco for a nature escape?,"San Francisco is a major US city with over 800,000 people. San Francisco is known for mass transit and being a metropolitan area.",No,StrategyQA,commonsense_reasoning
Read the question and supporting facts carefully. Reason about the information and answer with Yes or No.,Do sun bears stay active during winter?,"The sun bear is a species in the family Ursidae occurring in the tropical forests of Southeast Asia.  Sun bears do not seem to hibernate. Hibernation is a seasonal heterothermy characterized by low body-temperature, slow breathing and heart-rate, and low metabolic rate. It most commonly occurs during winter months.",Yes,StrategyQA,commonsense_reasoning
Read the question and supporting facts carefully. Reason about the information and answer with Yes or No.,Did François Mitterrand serve under Napoleon Bonapart in the French army?,François Mitterrand was born in 1916. Napoleon Bonapart died in 1821.,No,StrategyQA,commonsense_reasoning
Read the question and supporting facts carefully. Reason about the information and answer with Yes or No.,Would the Cookie Monster decline an offer of free Keebler products?,The Cookie Monster has an enormous appetite and craving for cookies. The Keebler Company is an American cookie and cracker manufacturer.,No,StrategyQA,commonsense_reasoning
Read the question and supporting facts carefully. Reason about the information and answer with Yes or No.,Did either side score a touchdown during the Football War?,The Football War was a war in 1969 between Honduras and El Salvador The Football War was caused in part by rioting during a FIFA Cup qualifying match The FIFA Cup is a soccer tournament Touchdowns are scored in American football,No,StrategyQA,commonsense_reasoning
Read the question and supporting facts carefully. Reason about the information and answer with Yes or No.,Is dopamine snorted nasally by drug users?,Dopamine is a hormone and a neurotransmitter. Neurotransmitters are produced endogenously by the body and are not consumed externally.,No,StrategyQA,commonsense_reasoning
Read the question and supporting facts carefully. Reason about the information and answer with Yes or No.,Could an ocelot subsist on a single bee hummingbird per day?,"An ocelot requires 600–800 grams (21–28 oz) of food every day to satisfy its energy requirements. Bee hummingbirds are the smallest living birds, with an average weight of around 2-3 grams.",No,StrategyQA,commonsense_reasoning
Read the question and supporting facts carefully. Reason about the information and answer with Yes or No.,Can numerologists become members of Royal Society?,"The royal society fulfills a number of roles: promoting science and its benefits, recognizing excellence in science, supporting outstanding science, providing scientific advice for policy. Numerology is a superstition and a pseudoscience that uses numbers to give the subject a veneer of scientific authority.",No,StrategyQA,commonsense_reasoning
Read the question and supporting facts carefully. Reason about the information and answer with Yes or No.,Did U2 play a concert at the Polo Grounds?,U2 is an Irish rock band that formed in 1976. The Polo Grounds was a sports stadium that was demolished in 1964.,No,StrategyQA,commonsense_reasoning
Read the question and supporting facts carefully. Reason about the information and answer with Yes or No.,Will Ahura Mazda have to look down to see Abaddon's dwelling??,"Abaddon is a demon that is said to dwell in a bottomless pit below the earth that is a realm of the dead. Ahura Mazda is the chief deity of Zoroastrianism. Ahura Mazda is the Supreme Being located in heaven, high above the sky.",Yes,StrategyQA,commonsense_reasoning
Read the question and supporting facts carefully. Reason about the information and answer with Yes or No.,Would a hippie hypothetically be bummed out by Augustus's Pax Romana?,"A hippie was a member of the counterculture movement of the 1960s. One of the most prevalent hippie statements is peace and love. The Pax Romana was a near 200 year era of peace in the Roman Empire that began during the reign of Augustus. Augustus had several loves, including three wives.",No,StrategyQA,commonsense_reasoning
Read the question and supporting facts carefully. Reason about the information and answer with Yes or No.,Would Edward II of England have been born without Vikings?,Edward II was King of England from 1307-1327. Rollo was a Viking who became the first ruler of Normandy. William the Conqueror was the first Norman King of England and the great-great-great-grandson of Rollo. Edward II is related to William the Conqueror through Rollo's granddaughter's line (Empress Matilda).,No,StrategyQA,commonsense_reasoning
Read the question and supporting facts carefully. Reason about the information and answer with Yes or No.,"At a presentation about post traumatic stress disorder, would Ariana Grande be a topic of relevance?",Ariana Grande was performing in Manchester in 2017 when explosives were set off in an act of terrorism. Ariana Grande has spoken openly about her trauma experience and her PTSD regarding the Manchester Bombing.,Yes,StrategyQA,commonsense_reasoning
Read the question and supporting facts carefully. Reason about the information and answer with Yes or No.,Would it be impossible to use an Iwato scale for a twelve-tone technique composition?,The Iwato scale has 5 pitch cases. The chromatic scale has 12 pitch cases.,Yes,StrategyQA,commonsense_reasoning
Read the question and supporting facts carefully. Reason about the information and answer with Yes or No.,Can an American black bear swallow a sun bear whole?,Sun bears grow to only about half the size of an American black bear. The total length of adult bear skulls was found to average 262 to 317 mm (10.3 to 12.5 in). Black bears cannot open their mouths to half their body length.,No,StrategyQA,commonsense_reasoning
Read the question and supporting facts carefully. Reason about the information and answer with Yes or No.,Did Jackie Kennedy wear Dolce & Gabbana to her husband's inauguration?,Jackie Kennedy's husband was John F. Kennedy John F. Kennedy was inaugurated in 1961 Dolce & Gabbana was founded in 1985,No,StrategyQA,commonsense_reasoning
Read the question and supporting facts carefully. Reason about the information and answer with Yes or No.,Was Amy Winehouse familiar with Brexit?,Amy Winehouse died in 2011. Brexit began in 2017.,No,StrategyQA,commonsense_reasoning
Read the question and supporting facts carefully. Reason about the information and answer with Yes or No.,Is the rise of agriculture attributed to rivers?,"Some of the earliest civilizations on record are in river valleys. Early civilizations used water to irrigate crops, leading to the growth of agriculture.",Yes,StrategyQA,commonsense_reasoning
Read the question and supporting facts carefully. Reason about the information and answer with Yes or No.,Were some people afraid of New Years Day coming in 1999?,It was believed that computers might not know how to change from 1999 to 2000 on New Years Day. People were concerned that human services and utilities that were computerized might crash due to the Y2K bug. People believed that the year 2000 would cause computers to crash due to the 'Y2K' bug.,Yes,StrategyQA,commonsense_reasoning
Read the question and supporting facts carefully. Reason about the information and answer with Yes or No.,Is Romeo and Juliet an unusual title to teach high schoolers?,Romeo and Juliet has topped multiple 'Top Read Books In High School' lists. Romeo and Juliet is available in multiple editions targeted at school age children.,No,StrategyQA,commonsense_reasoning
Read the question and supporting facts carefully. Reason about the information and answer with Yes or No.,Would a black widow woman have use for peaches?,"A black widow woman refers to a woman who murders her husbands for money and remarries. Peach pits contain amygdalin, a type of cyanide. Cyanide is poisonous to humans.",Yes,StrategyQA,commonsense_reasoning
Read the question and supporting facts carefully. Reason about the information and answer with Yes or No.,Would a northern fur seal pass a driving test?,A driving test measures the ability to drive according to traffic laws. The northern fur seal does not have the ability to legally drive.,No,StrategyQA,commonsense_reasoning
Read the question and supporting facts carefully. Reason about the information and answer with Yes or No.,Do shrimp taste best when cooked for a long time?,Shrimp becomes tough and rubbery if cooked for a long time. The ideal texture for shrimp is soft and easily chewed.,No,StrategyQA,commonsense_reasoning
Read the question and supporting facts carefully. Reason about the information and answer with Yes or No.,Would Nancy Pelosi publicly denounce abortion?,Abortion is a topic that divides the Republican Party and the Democratic Party. Nancy Pelosi is a Democrat and appeals to that base. The Democratic base is largely pro-choice with abortion. ,No,StrategyQA,commonsense_reasoning
Read the question and supporting facts carefully. Reason about the information and answer with Yes or No.,Is Britney Spears' breakdown attributed to bipolar disorder?,In 2008 Britney Spears was detained in a psychiatric hospital for bipolar disorder. In 2007 Britney Spears shaved her head during a breakdown. ,Yes,StrategyQA,commonsense_reasoning
Read the question and supporting facts carefully. Reason about the information and answer with Yes or No.,Are brown rock fish found in the waters surrounding Saint Kitts and Nevis?,Saint Kitts and Nevis is located in the Caribbean Sea and Atlantic Sea Brown rock fish are found in the Pacific Ocean,No,StrategyQA,commonsense_reasoning
Read the question and supporting facts carefully. Reason about the information and answer with Yes or No.,Are some types of pancakes named after coins?,Silver dollar pancakes are a variety that is smaller than traditional pancakes. Silver dollars are a type of American coin.,Yes,StrategyQA,commonsense_reasoning
Read the question and supporting facts carefully. Reason about the information and answer with Yes or No.,Are there winged statuettes in the home of the creator of Law & Order?,Law & Order was created by Dick Wolf Dick Wolf won an Emmy in 2007  Dick Wolf won an Emmy in 1997 The Emmy statuette is of a winged woman holding an atom,Yes,StrategyQA,commonsense_reasoning
Read the question and supporting facts carefully. Reason about the information and answer with Yes or No.,Did Eiffel Tower contribute to a war victory?,A radio transmitter located in the Eiffel Tower. This transmitter jammed German radio communications. This hindrance in German radio communications contributing to the Allied victory at the First Battle of the Marne.,Yes,StrategyQA,commonsense_reasoning
Read the question and supporting facts carefully. Reason about the information and answer with Yes or No.,Is pickled cucumber ever red?,Koolickles are a variety of pickled cucumber made with brine and red kool-aid. Korean cucumber kimchi is flavored with korean pepper powder. Korean pepper powder is red in color. ,Yes,StrategyQA,commonsense_reasoning
Read the question and supporting facts carefully. Reason about the information and answer with Yes or No.,Do Windows or Android smartphones run newer versions of Linux?,Android smartphones are based on Linux. Windows smartphones are based on the Windows operating system.,No,StrategyQA,commonsense_reasoning
Read the question and supporting facts carefully. Reason about the information and answer with Yes or No.,Do Snow White dwarves best The Hobbit dwarves in battle?,"Snow White had seven dwarves. There are 13 dwarves in The Hobbit. Several of The Hobbit dwarves, including Thorin Oakenshield, were acclaimed warriors.",No,StrategyQA,commonsense_reasoning
Read the question and supporting facts carefully. Reason about the information and answer with Yes or No.,Can you transport a coin along a sea of mercury?,The density of an object determines if it will float. An object will float if it is less dense than the liquid it is placed in. Mercury is liquid at room temperature. The density of mercury is 13.56 g/cm3. The density of a penny is 7.15 g/cm3.,Yes,StrategyQA,commonsense_reasoning
Read the question and supporting facts carefully. Reason about the information and answer with Yes or No.,Is Batman (1989 film) likely to be shown on flight from NY to Kansas City?,A flight from NY to Kansas City is four and a half hours. The run time of Batman (1989 film) is two hours and six minutes. Batman (1989 film) is rated PG-13 The average age group of passengers is 18-34. Airlines have relaxed their rules for in-flight movies in last few years and even R rated movies have been shown.,Yes,StrategyQA,commonsense_reasoning
Read the question and supporting facts carefully. Reason about the information and answer with Yes or No.,Is Issac Newton often associated with a red fruit?,"Issac Newton claimed to have contemplated gravity for the first time after seeing an apple fall. In most illustrations of Issac Newton discovering gravity, the apple shown falling is red.",Yes,StrategyQA,commonsense_reasoning
Read the question and supporting facts carefully. Reason about the information and answer with Yes or No.,Are multiple Christmas Carol's named after Saints?,The Christmas Carol Good King Wenceslas is based on the Bohemian king Wenceslaus I. Wenceslaus I was named a Saint in the Catholic Church and has a feast day of September 28. Jolly Old Saint Nicholas is a Christmas Carol named after an early Christian bishop who became a Saint.,Yes,StrategyQA,commonsense_reasoning
Read the question and supporting facts carefully. Reason about the information and answer with Yes or No.,Could amoebas have played a part in the Black Death?,The Black Death is a bacterial disease called bubonic plague. Yersinia pestis has been found to grow and thrive inside amoebas. Bubonic plague is caused by Yersinia pestis.,Yes,StrategyQA,commonsense_reasoning
Read the question and supporting facts carefully. Reason about the information and answer with Yes or No.,Was Hundred Years' War a misnomer?,A misnomer is a wrong or inaccurate name. The Hundred Years' War lasted for longer than one hundred years. The Hundred Years' War lasted from 1337-1453.,Yes,StrategyQA,commonsense_reasoning
Read the question and supporting facts carefully. Reason about the information and answer with Yes or No.,Are slime lilies in a different scientific family than asparagus?,Asparagus is a species of plants of the Asparagaceae family. Slime lilies are the common name for the flowering albuca plant. The albuca plant belongs to the scientific family of Asparagaceae.,No,StrategyQA,commonsense_reasoning
Read the question and supporting facts carefully. Reason about the information and answer with Yes or No.,Could Goofy have counted nine planets in his first year?,Goofy was created in 1932 Pluto (the celestial object) was discovered in 1930 and labeled a planet,Yes,StrategyQA,commonsense_reasoning
Read the question and supporting facts carefully. Reason about the information and answer with Yes or No.,Would it be wise to bring a robusto into Central Park Zoo?,"A robusto is a short, fat cigar that is very popular in America. The Central Park Zoo has several rules including: no feeding the animals and no smoking. NYPD's 19th precinct is only an 11 minute walk away from the Central Park Zoo.",No,StrategyQA,commonsense_reasoning
Read the question and supporting facts carefully. Reason about the information and answer with Yes or No.,Could Oprah Winfrey buy dozens of her staff Bugatti luxury cars?,Oprah Winfrey is a billionaire A new Bugatti costs a few million dollars,Yes,StrategyQA,commonsense_reasoning
Read the question and supporting facts carefully. Reason about the information and answer with Yes or No.,Is grief always obvious when it is being experienced?,"Grief has no set external representation.  People who are grieving may laugh, cry, or even seem angry.",No,StrategyQA,commonsense_reasoning
Read the question and supporting facts carefully. Reason about the information and answer with Yes or No.,Was the Japanese street aesthetic once illuminated by noble gasses?,Japan was known for their use of brightly lit businesses and signage. The signs in Japan were lit with neon for a long time.,Yes,StrategyQA,commonsense_reasoning
Read the question and supporting facts carefully. Reason about the information and answer with Yes or No.,Was Charles Manson's body unwanted?,Charles Manson's body was debated over for so long that he had to stay on ice. Charles Manson had four people fighting over his corpse.,No,StrategyQA,commonsense_reasoning
Read the question and supporting facts carefully. Reason about the information and answer with Yes or No.,Did Lionel Richie ever have dinner with Abraham Lincoln?,Abraham Lincoln died in 1865. Lionel Richie was born in 1949.,No,StrategyQA,commonsense_reasoning
Read the question and supporting facts carefully. Reason about the information and answer with Yes or No.,Does the swastika have positive uses?,The swastika is used in the Hindu religion to represent the sun. People practicing Hindu believe the swastika represents prosperity and good luck.,Yes,StrategyQA,commonsense_reasoning
Read the question and supporting facts carefully. Reason about the information and answer with Yes or No.,Is a beard is moss that grows on a human?,Moss is a type of non-vascular and flowerless plant. Moss typically grows in dark green clumps in damp and shady locations. A beard is facial hair that grows on the chin and cheeks of a human. Facial hair is not a plant. ,No,StrategyQA,commonsense_reasoning
Read the question and supporting facts carefully. Reason about the information and answer with Yes or No.,Are pancakes typically prepared in a pot?,"Pancakes are usually fried on a shallow flat surface. Pots typically have high walls. Griddles and skillets are low, shallow flat pans appropriate for pancakes.",No,StrategyQA,commonsense_reasoning
Read the question and supporting facts carefully. Reason about the information and answer with Yes or No.,Does Andrew Johnson's presidential number exceed Elagabalus's Emperor number?,Andrew Johnson was the 17th president of the United States. Elagabalus was the 25th Roman Emperor.,No,StrategyQA,commonsense_reasoning
Read the question and supporting facts carefully. Reason about the information and answer with Yes or No.,Was the Treaty of Versailles settled over blueberry scones?,Blueberries are native to North America. Blueberries did not come to Europe until the 1930's. The treaty of Versailles was made effective in 1920. ,No,StrategyQA,commonsense_reasoning
Read the question and supporting facts carefully. Reason about the information and answer with Yes or No.,Would the author of Little Women have remembered the ratification of the 13th Amendment?,The 13th Amendment was ratified in 1865. Louisa May Alcott died in 1888.,Yes,StrategyQA,commonsense_reasoning
Read the question and supporting facts carefully. Reason about the information and answer with Yes or No.,Could you windsurf in Puerto Rico during Hurricane Maria?,Hurricane Maria was a deadly category 5 hurricane with wind speed up to 175mph. It is extremely dangerous and impossible to windsurf with wind speed higher than 100mph. ,No,StrategyQA,commonsense_reasoning
Read the question and supporting facts carefully. Reason about the information and answer with Yes or No.,Can a sesame seed grow in the human body?,"Seeds need water, oxygen, and light to grow. The human digestive system releases powerful acid that dissolves food.",No,StrategyQA,commonsense_reasoning
Read the question and supporting facts carefully. Reason about the information and answer with Yes or No.,Would a viewer of Monday Night Football be able to catch WWE Raw during commercial breaks?,Monday Night Football begins at 8pm EST on Monday nights during the NFL season WWE Raw airs on Monday nights between 8pm and 11pm EST,Yes,StrategyQA,commonsense_reasoning
Read the question and supporting facts carefully. Reason about the information and answer with Yes or No.,Did James Watson's partner in studying the double helix outlive him? ,James Watson studied the double helix with Francis Crick. Francis Crick passed away in 2004 at 88 years of age. James Watson is alive and is 92 years old.,No,StrategyQA,commonsense_reasoning
Read the question and supporting facts carefully. Reason about the information and answer with Yes or No.,Does giant panda have colors that differ from yin yang?,The giant panda is a mammal that is black and white in color. Yin yang is an ancient Chinese concept represented by the colors black and white.,No,StrategyQA,commonsense_reasoning
Read the question and supporting facts carefully. Reason about the information and answer with Yes or No.,Is art prioritized in the US education system?,"Art classes are often the first to be cut during times of low school funds.  Between 1999 and 2009, schools offering visual arts curriculum decreased by 7%. ",No,StrategyQA,commonsense_reasoning
Read the question and supporting facts carefully. Reason about the information and answer with Yes or No.,Does actress Leila George lack the height to be a model?,"Actress Leila George, the daughter of Vincent D'onofrio, is 5'9"" tall. Model Cindy Crawford is 5'9"" tall. Model Agyness Deyn is 5'8"" tall. Model Sara Sampaio is 5'8"" tall.",No,StrategyQA,commonsense_reasoning
Read the question and supporting facts carefully. Reason about the information and answer with Yes or No.,Does Lorem ipsum backwards fail to demonstrate alliteration?,"Lorem ipsum backwards is Muspi merol. Alliteration is the occurrence of the same letter or sound at the beginning of adjacent or closely connected words. Examples of alliteration are phrases like: Mixed messages, and big bang.",No,StrategyQA,commonsense_reasoning
Read the question and supporting facts carefully. Reason about the information and answer with Yes or No.,Would 1943-S penny be good for making silverware?,Modern pennies are made of zinc and copper. The 1943-S penny was made of 99% steel and 1% zinc. Modern silverware is made from stainless steel.,Yes,StrategyQA,commonsense_reasoning
Read the question and supporting facts carefully. Reason about the information and answer with Yes or No.,Is Christopher Nolan indebted to Bob Kane?,Christopher Nolan rose to fame in large part because of his trilogy of Batman movies released from 2005 to 2012 Bob Kane was the original artist and co-creator of Batman,Yes,StrategyQA,commonsense_reasoning
Read the question and supporting facts carefully. Reason about the information and answer with Yes or No.,Is Krishna similar to Holy Spirit?,"The Holy Spirit is a Christian concept of a spirit that is an aspect or agent of God that does good in the world. Krishna, from Hinduism, is a manifestation of the God Vishnu. Krishna brings compassion, tenderness, and love into the world.",Yes,StrategyQA,commonsense_reasoning
Read the question and supporting facts carefully. Reason about the information and answer with Yes or No.,Would a bodybuilder choose maize over chicken breast for dinner?,Bodybuilders aim to eat high amounts of protein in order to stimulate muscle growth. Maize contains 9.4 grams of protein per 100 grams. Baked chicken breast contains 31 grams of protein per 100 grams.,No,StrategyQA,commonsense_reasoning
Read the question and supporting facts carefully. Reason about the information and answer with Yes or No.,Is Kim Kardashian a guru?,"A guru is a teacher or guide, particularly a spiritual one. Kim Kardashian is a socialite and a model.",No,StrategyQA,commonsense_reasoning
Read the question and supporting facts carefully. Reason about the information and answer with Yes or No.,Would most grand masters know what the French Defense is?,Grand master is the highest title a chess player can get. The French Defense is a well known chess opening that is in many books.,Yes,StrategyQA,commonsense_reasoning
Read the question and supporting facts carefully. Reason about the information and answer with Yes or No.,Does Homer Simpson need two hands worth of fingers to count to 5?,"Homer Simpson is a character of the long running comedy animated series ""The Simpsons"". All characters in ""The Simpsons"" have 4 fingers on each hand.",Yes,StrategyQA,commonsense_reasoning
Read the question and supporting facts carefully. Reason about the information and answer with Yes or No.,Is Poseidon similar to the god Vulcan?,"Poseidon is the Greek god of the sea and water, and is the brother of Zeus. Neptune is the Roman god of the sea. Hephaestus is the Greek god of fire. Hephaestus's ROman equivalent is Vulcan, the Roman god of fire.",No,StrategyQA,commonsense_reasoning
Read the question and supporting facts carefully. Reason about the information and answer with Yes or No.,Would Eminem perform well at the International Mathematical Olympiad?,Eminem dropped out of Lincoln High School at age 17 and disliked math and social studies. Mathematics competitions or mathematical olympiads are competitive events where participants sit a mathematics test. The content on the International Mathematical Olympiad ranges from extremely difficult algebra and pre-calculus problems to problems on branches of mathematics not conventionally covered at school and often not at university level either.,No,StrategyQA,commonsense_reasoning
Read the question and supporting facts carefully. Reason about the information and answer with Yes or No.,Can Herpes simplex virus spread on Venus?,Herpes simplex virus is a disease that has the structure of a tiny protein cage. Venus is the hottest planet and its temperature can reach 900°F. Proteins lose their structure and break down at temperatures above 105.8°F.,No,StrategyQA,commonsense_reasoning
Read the question and supporting facts carefully. Reason about the information and answer with Yes or No.,Does Evander Holyfield eat pork products?,Evander Holyfield is a born-again Christian Mainstream Christian denominations do not observe restrictions on the kinds of animals they can eat,Yes,StrategyQA,commonsense_reasoning
Read the question and supporting facts carefully. Reason about the information and answer with Yes or No.,Did Harry Houdini appear on Chris Angel Mindfreak?,Chris Angel Mindfreak was released in 2005. Harry Houdini died in 1926.,No,StrategyQA,commonsense_reasoning
Read the question and supporting facts carefully. Reason about the information and answer with Yes or No.,Could Lil Wayne's children ride in a Chevrolet Corvette ZR1 together?,Lil Wayne has four children. A Chevrolet Corvette ZR1 has 2 seats.,No,StrategyQA,commonsense_reasoning
Read the question and supporting facts carefully. Reason about the information and answer with Yes or No.,Is the referee at a soccer match highly visible against the field?,Referees uniforms for soccer matches are usually bright neon colors. An alternative referee uniform color is black and white stripes.,Yes,StrategyQA,commonsense_reasoning
Read the question and supporting facts carefully. Reason about the information and answer with Yes or No.,Is Olivia Newton-John hyphenated celebrity name with most letters?,Olivia Newton-John has sixteen letters in her name. Actress Catherine Zeta-Jones has 18 letters in her name. Actor Joseph Gordon-Levitt has 18 letters in his name.,No,StrategyQA,commonsense_reasoning
Read the question and supporting facts carefully. Reason about the information and answer with Yes or No.,Do Armenians tend to dislike System of a Down?,System of a Down is an Armenian-American rock band. System of a Down has numerous songs bringing light to the plight of Armenian people and the Armenian Genocide.,No,StrategyQA,commonsense_reasoning
Read the question and supporting facts carefully. Reason about the information and answer with Yes or No.,Should oysters be avoided by people with ADHD?,Oysters are an excellent source of zinc. ADHD is  a mental disorder of the neurodevelopmental type characterized by difficulty paying attention. Zinc supplementation has been reported to improve symptoms of ADHD and depression.,No,StrategyQA,commonsense_reasoning
Read the question and supporting facts carefully. Reason about the information and answer with Yes or No.,Is Christmas celebrated during winter?,"Winter begins around December 20. Christmas is celebrated on December 25, a few days later.",Yes,StrategyQA,commonsense_reasoning
Read the question and supporting facts carefully. Reason about the information and answer with Yes or No.,Did Brad Peyton need to know about seismology?,Brad Peyton directed the movie San Andreas San Andreas is an earthquake disaster film Seismology is the science of earthquakes and related phenomena,Yes,StrategyQA,commonsense_reasoning
Read the question and supporting facts carefully. Reason about the information and answer with Yes or No.,Does The Jungle Book contain racist subtext?,"Baloo, the father character in The Jungle Book, refers to the money characters as ""flat-nosed flaky creeps"" mocking a common black feature feature. The antagonist snake character was made to sound like an Indian mag, and was said to hate men. King Louie is viewed socially as a racist archetype of a black man.",Yes,StrategyQA,commonsense_reasoning
Read the question and supporting facts carefully. Reason about the information and answer with Yes or No.,Could Eric Clapton's children play a regulation game of basketball among themselves?,"NBA regulations require two teams of five players each for a game, for a total of 10 players. Eric Clapton has 5 children.",No,StrategyQA,commonsense_reasoning
Read the question and supporting facts carefully. Reason about the information and answer with Yes or No.,Does Oprah Winfrey have a degree from an Ivy League university?,Oprah Winfrey has received honorary doctorates from Duke and Harvard Universities Harvard University is a member of the Ivy League,Yes,StrategyQA,commonsense_reasoning
Read the question and supporting facts carefully. Reason about the information and answer with Yes or No.,Would Immanuel Kant be disgusted by the Black Lives Matter movement?,"Immanuel Kant believed that Africans occupied the second lowest position on his racial hierarchy, below Whites and Asians. The Black Lives Matter movement advocates for racial equality and anti-racism.",Yes,StrategyQA,commonsense_reasoning
Read the question and supporting facts carefully. Reason about the information and answer with Yes or No.,Would an American feel lost due to language barriers at Disneyland Paris?,All Disneyland Paris cast members are required to know and speak English. Travelers from England go to Disneyland Paris often without issue.,No,StrategyQA,commonsense_reasoning
Read the question and supporting facts carefully. Reason about the information and answer with Yes or No.,Was Elmo an original muppet character on Sesame Street?,Sesame Street started in 1969. Elmo first appeared on the show in 1980.,No,StrategyQA,commonsense_reasoning
Read the question and supporting facts carefully. Reason about the information and answer with Yes or No.,"Would Mary, mother of Jesus have hypothetically prayed to Artemis if she was Greek?","Mary, Mother of Jesus is known for being a virgin and giving birth to Christ. Artemis was the Greek goddess of the hunt, childbirth, and virgins.",Yes,StrategyQA,commonsense_reasoning
Read the question and supporting facts carefully. Reason about the information and answer with Yes or No.,Would a slingshot be improperly classified as artillery?,"Artillery refers to ranged weaponry that is predominantly used in breaching fortifications. Examples of artillery include: howitzers, mortars, and rockets. Mortars can have a range up to 4,680m. A slingshot is a string weapon that propels a rock or other small projectile. Some slingshots can fire projectiles up to 9m.",Yes,StrategyQA,commonsense_reasoning
Read the question and supporting facts carefully. Reason about the information and answer with Yes or No.,Would a geographer use biochemistry in their work?,"A geographer is a scientist whose area of study is geography, the study of Earth's natural environment and human society. Biochemistry is the study of chemical processes within and relating to living organisms.",No,StrategyQA,commonsense_reasoning
Read the question and supporting facts carefully. Reason about the information and answer with Yes or No.,Does Steven Spielberg's 1998 film take place in a period after War Horse setting?,"Steven Spielberg's 1998 film, Saving Private Ryan, takes place during World War II. World War II took place from 1939-1945. The 2011 movie War Horse takes place during World War I. World War I took place from 1914-1918.",Yes,StrategyQA,commonsense_reasoning
Read the question and supporting facts carefully. Reason about the information and answer with Yes or No.,"Will every resident of Los Angeles County, California go to Jehovah Witnesses's heaven?","Jehovah Witnesses believe that exactly 144,000 people will be saved and go to heaven. There are over 10 million residents of Los Angeles County, California as of 2019.",No,StrategyQA,commonsense_reasoning
Read the question and supporting facts carefully. Reason about the information and answer with Yes or No.,Would Hapshetsut be considered a monarch?,A monarch is the head of a monarchy and was appointed for life. Hapshetsut was the second known female pharaoh. Pharaohs ruled for life and their wealth was even buried with them to take into the afterlife.,Yes,StrategyQA,commonsense_reasoning
Read the question and supporting facts carefully. Reason about the information and answer with Yes or No.,Would Doctor Strange like the Pittsburgh Steelers logo?,"The Pittsburgh Steelers logo features patches of red, gold and blue Doctor Strange's costume uses the colors red, gold and blue",Yes,StrategyQA,commonsense_reasoning
Read the question and supporting facts carefully. Reason about the information and answer with Yes or No.,Is Drew Carey important to the history of wrestling?,Drew Carey competed in the 2001 Royal Rumble. The Royal Rumble is one of the Big 4 yearly WWE pay per view events. Drew Carey was inducted into the WWE Hall of Fame in 2011.,Yes,StrategyQA,commonsense_reasoning
Read the question and supporting facts carefully. Reason about the information and answer with Yes or No.,Will Tokyo Tower be repainted only once during President Trump's first term?,Tokyo Tower is repainted every five years  The last repainting began in 2018 Trump's first presidential term is from 2017 to 2021,Yes,StrategyQA,commonsense_reasoning
Read the question and supporting facts carefully. Reason about the information and answer with Yes or No.,Is being 5 year Capital One Venture member more cost effective than being in Church of Satan?,The Capital One Venture card has an annual fee of around $95. The Church of Satan has a one time lifetime membership fee of $225.,No,StrategyQA,commonsense_reasoning
Read the question and supporting facts carefully. Reason about the information and answer with Yes or No.,Would Garfield like canid food?,Garfield is a fictional comic strip character that is a cat.  Garfield loves to eat spaghetti. Canid refers to the species that dogs belong to. Dogs like to eat meat and dog food.,No,StrategyQA,commonsense_reasoning
Read the question and supporting facts carefully. Reason about the information and answer with Yes or No.,Was Aristotle a member of the House of Lords?,"Aristotle died in 322 BC. The House of Lords is grown out of the Model Parliament, which was the first English Parliament. The Model Parliament was held in 1295.",No,StrategyQA,commonsense_reasoning
Read the question and supporting facts carefully. Reason about the information and answer with Yes or No.,Can native wolverines be found in Miami?,Wolverines are native to northern boreal forests Miami is not a northern boreal habitat,No,StrategyQA,commonsense_reasoning
Read the question and supporting facts carefully. Reason about the information and answer with Yes or No.,"If you bottle your own milk, would there be cream on top of it?",Milk that has been bottled straight from a cow has not been homogenized.  Homogenization causes the fats in milk to become emulsified. Non-homogenized milk will feature fats that separate and float to the top. The fats in non-homogenized milk are cream.,Yes,StrategyQA,commonsense_reasoning
Read the question and supporting facts carefully. Reason about the information and answer with Yes or No.,Does Santa Claus hypothetically give Joffrey Baratheon presents?,Santa Claus is a figure in folklore that gives good children presents and bad children coal. Joffrey Baratheon is a character in the Game of Thrones TV series. Joffrey is a young royal that has a man's tongue cut out. Joffrey shoots his crossbow into the flesh of innocent people for his amusement.,No,StrategyQA,commonsense_reasoning
Read the question and supporting facts carefully. Reason about the information and answer with Yes or No.,Can spiders help eggplant farmers control parasites?,"The potato tuber moth is a parasite that targets the plant family Solanaceae, including eggplant  Selenops radiatus is a spider genus in South Africa that effectively controls the potato tuber moth",Yes,StrategyQA,commonsense_reasoning
Read the question and supporting facts carefully. Reason about the information and answer with Yes or No.,Would Iceland lose to Amazon in a bidding war?,Iceland had a nominal GDP of $27 billion as of a 2018 estimate. Amazon recorded revenues of $232.887 billion in the 2018 fiscal year.,Yes,StrategyQA,commonsense_reasoning
Read the question and supporting facts carefully. Reason about the information and answer with Yes or No.,Can you buy Reddit at Walmart?,Reddit is an online social networking forum and community Walmart sells tangible goods and services,No,StrategyQA,commonsense_reasoning
Read the question and supporting facts carefully. Reason about the information and answer with Yes or No.,Is an internet connection essential for someone using Chrome OS?,"Most Chromebook apps require internet access to function properly. There are apps for the Chromebook that can function properly without internet access. To download any apps onto the Chromebook, including offline apps, one must connect to the internet.",Yes,StrategyQA,commonsense_reasoning
Read the question and supporting facts carefully. Reason about the information and answer with Yes or No.,Do black swan cygnets typically know both of their genetic parents?,"Up to one-quarter of monogamous black swan pairs are same-sex, with males taking over a female's nest to raise her young without her One-third of monogamous black swan pairs show extra-pair paternity, with the male aiding the female in raising another male's offspring  A cygnet is a juvenile swan",No,StrategyQA,commonsense_reasoning
Read the question and supporting facts carefully. Reason about the information and answer with Yes or No.,Did Jack Dempsey have most title fight wins in either of his weight classes?,Jack Dempsey competed as a heavyweight and a lightheavyweight. Jack Dempsey only had a handful of title defenses as heavyweight champion. Wladimir Klitschko had 25 heavyweight title fight wins. Jack Dempsey did not hold the lightheavyweight title. Dariusz Michalczewski had 23 lightheavyweight title fight wins.,No,StrategyQA,commonsense_reasoning
Read the question and supporting facts carefully. Reason about the information and answer with Yes or No.,Can furniture be made of hair?,Hair is a protein filament that grows from living bodies. Hair is durable when woven together.  Furniture cushions can be maid from horse hair. ,Yes,StrategyQA,commonsense_reasoning
Read the question and supporting facts carefully. Reason about the information and answer with Yes or No.,Did Immanuel Kant ever meet the 14th president of the United States?,"Immanuel Kant died on Feb 12, 1804 Franklin Pierce was the 14th president of the United States Franklin PIerce was born Nov 23, 1804",No,StrategyQA,commonsense_reasoning
Read the question and supporting facts carefully. Reason about the information and answer with Yes or No.,Do Chinese Americans face discrimination at a Federal level in the US?,"The President of the United States frequently referred to the COVID-19 pandemic as a 'Chinese Virus' and 'Kung Flu', encouraging the use of derogatory language towards Chinese Americans. The President of the United States has not called for the violence and hate towards Chinese Americans in response to COVID-19 to end.",Yes,StrategyQA,commonsense_reasoning
Read the question and supporting facts carefully. Reason about the information and answer with Yes or No.,Does Hades appear in a Disney Channel musical movie?,The Descendants Trilogy is a series of musical movies that aired on Disney Channel between 2015 and 2019. Hades appears as a supporting character in the third Descendants movie.,Yes,StrategyQA,commonsense_reasoning
Read the question and supporting facts carefully. Reason about the information and answer with Yes or No.,Are some adherents to Christianity in China historic enemies of Catholic Church?,"Christianity in China is comprised of several different groups including: Protestants, Catholics, Evangelicals, and Orthodox Christians. Catholics have been at war with Protestants throughout history. The 1572 St. Bartholomew's Day Massacre saw thousands of Protestants killed by Catholic mobs. English Protestant rulers killed many Irish Catholics during the Reformation.",Yes,StrategyQA,commonsense_reasoning
Read the question and supporting facts carefully. Reason about the information and answer with Yes or No.,Would members of Blue Lives Matter support every element of Grand Theft Auto III?,Blue Lives Matter is a countermovement in the United States that supports police officers and law enforcement personnel. Grand Theft Auto III allows for gratuitous violence against police officers in the game.,No,StrategyQA,commonsense_reasoning
Read the question and supporting facts carefully. Reason about the information and answer with Yes or No.,Would downloading Mario 64 on an emulator be legal?,Mario 64 is licenced to Nintendo Entertainment. Nintendo holds a copyright on all of their Mario games.,No,StrategyQA,commonsense_reasoning
Read the question and supporting facts carefully. Reason about the information and answer with Yes or No.,Could Oscar Wilde have operated a motor vehicle?,Motor vehicles were in use by the 1890s Oscar Wilde lived until 1900,Yes,StrategyQA,commonsense_reasoning
Read the question and supporting facts carefully. Reason about the information and answer with Yes or No.,Did Native American tribes teach Spaniards how to cultivate maize?,"In 1492, Spanish settlers brought Maize back to Europe from America. Native Americans cultivated and bred the first maize from wild grasses.",Yes,StrategyQA,commonsense_reasoning
Read the question and supporting facts carefully. Reason about the information and answer with Yes or No.,Has a tumulus been discovered on Mars?,"A tumulus is a mound of earth and stones raised over a grave or graves. A grave is a location where a dead body (typically that of a human, although sometimes that of an animal) is buried. Mars has only been explored by unmanned spacecraft. Evidence suggests that the planet was once significantly more habitable than it is today, but whether living organisms ever existed there remains unknown. ",No,StrategyQA,commonsense_reasoning
Read the question and supporting facts carefully. Reason about the information and answer with Yes or No.,Could James Brown's ex-wives hold a doubles game of tennis?,"James Brown had four ex-wives Doubles tennis requires two players per team, with two teams playing against each other",Yes,StrategyQA,commonsense_reasoning
Read the question and supporting facts carefully. Reason about the information and answer with Yes or No.,Is Miami a city on the American West Coast?,Miami is a city in the state of Florida. Florida is the southernmost state on the American East Coast.,No,StrategyQA,commonsense_reasoning
Read the question and supporting facts carefully. Reason about the information and answer with Yes or No.,Is the Illuminati card game still popular?,The original version of the game was released in 1982. A collectible card game version was released in 1995 but only had one set. The most recent edition of the base game was published in 2007.,No,StrategyQA,commonsense_reasoning
Read the question and supporting facts carefully. Reason about the information and answer with Yes or No.,Was P. G. Wodehouse's favorite book The Hunger Games?,P. G. Wodehouse died in 1975. The Hunger Games was published in 2008.,No,StrategyQA,commonsense_reasoning
Read the question and supporting facts carefully. Reason about the information and answer with Yes or No.,Has Oscar Wilde's most famous character ever been in an Eva Green project?,"Oscar Wilde is most famous for his book The Picture of Dorian Gray. Dorian Gray is a beautiful socialite that is the main character of The Picture of Dorian Gray. Acclaimed actress, Eva Green has starred in numerous films and TV shows including Penny Dreadful. Dorian Gray flirts with Vanessa Ives in the Penny Dreadful episode, Seance. Vanessa Ives is played by Eva Green.",Yes,StrategyQA,commonsense_reasoning
Read the question and supporting facts carefully. Reason about the information and answer with Yes or No.,Can you put bitcoin in your pocket?,"Bitcoin is a digital crypto currency. Bitcoin can be stored in tangible wallets, called hard wallets. Cryptocurrency hard wallets are the size of a thumb drive. Thumb drives can fit in your pocket.",Yes,StrategyQA,commonsense_reasoning
Read the question and supporting facts carefully. Reason about the information and answer with Yes or No.,Is LG Electronics located in a city with an official bird that has a purplish/blue tail?,LG Electronics is headquarted in Seoul. The official bird of Seoul is the Korean magpie. The Korean magpie has a purplish/blue colored tail.,Yes,StrategyQA,commonsense_reasoning
Read the question and supporting facts carefully. Reason about the information and answer with Yes or No.,Did Easy Rider make a profit at the theater when it was released?,"Easy Rider had a filming budget of about half a million dollars. Upon release in 1969, it earned about 60 million dollars.",Yes,StrategyQA,commonsense_reasoning
Read the question and supporting facts carefully. Reason about the information and answer with Yes or No.,Can a software engineer work during a power outage?,Software engineers require computers to do their work. Computers do not work without electricity. A power outage is the temporary lack of electrical power.,No,StrategyQA,commonsense_reasoning
Read the question and supporting facts carefully. Reason about the information and answer with Yes or No.,Is it normal to find parsley in multiple sections of the grocery store?,Parsley is available in both fresh and dry forms. Fresh parsley must be kept cool. Dry parsley is a shelf stable product.,Yes,StrategyQA,commonsense_reasoning
Read the question and supporting facts carefully. Reason about the information and answer with Yes or No.,"If you're reducing salt intake, are olives a healthy snack?","The average amount of sodium a healthy person should have is 2,300mg daily. A half cup serving of olives has an average of 735mg sodium in it.",No,StrategyQA,commonsense_reasoning
Read the question and supporting facts carefully. Reason about the information and answer with Yes or No.,Did Richard III's father have greater longevity than him?,"Richard III lived until the age of 32. Richard, Duke of York, Richard III's father, lived until the age of 49.",Yes,StrategyQA,commonsense_reasoning
Read the question and supporting facts carefully. Reason about the information and answer with Yes or No.,Are Naruhito's ancestors the focus of Romance of the Three Kingdoms?,"Naruhito is the Emperor of Japan. Romance of the Three Kingdoms was a 14th century historical novel about the Three Kingdoms Period. The Three Kingdoms Period was the division of China among the states of Wei, Shu, and Wu.",No,StrategyQA,commonsense_reasoning
Read the question and supporting facts carefully. Reason about the information and answer with Yes or No.,Could Lil Wayne legally operate a vehicle on his own at the beginning of his career?,"Lil Wayne's career began in 1995, at the age of 12, when he was signed by Birdman and joined Cash Money Records as the youngest member of the label. A driver's license is required to legally operate a vehicle by yourself in the USA. The eligible age to first obtain a driver's license varies substantially from state to state, from 14 years, three months, in South Dakota to 17 in New Jersey.",No,StrategyQA,commonsense_reasoning
Read the question and supporting facts carefully. Reason about the information and answer with Yes or No.,Did Switzerland support the United States in the Spanish–American War?,"The Spanish–American War was an armed conflict between Spain and the United States in 1898. Switzerland avoids alliances that might entail military, political, or direct economic action and has been neutral since the end of its expansion in 1515. Its policy of neutrality was internationally recognised at the Congress of Vienna in 1815.",No,StrategyQA,commonsense_reasoning
Read the question and supporting facts carefully. Reason about the information and answer with Yes or No.,Is the Very Large Telescope the most productive telescope in the world?,Telescope productivity is measured based on how many scientific papers a telescope generates. The Hubble Space Telescope is the most productive telescope in the world. ,No,StrategyQA,commonsense_reasoning
Read the question and supporting facts carefully. Reason about the information and answer with Yes or No.,Could an escapee swim nonstop from Alcatraz island to Siberia?,"Alcatraz Island was a San Francisco Bay prison. Siberia is over 5,217 miles away from San Francisco. The longest continuous swim record was 139 miles.",No,StrategyQA,commonsense_reasoning
Read the question and supporting facts carefully. Reason about the information and answer with Yes or No.,Was Harry Truman's presidency unaffected by the twenty-third Amendment to the US Constitution?,The 23rd Amendment to the US Constitution was passed in 1961. Harry Truman was the President from 1945-1953.,Yes,StrategyQA,commonsense_reasoning
Read the question and supporting facts carefully. Reason about the information and answer with Yes or No.,Is entire Common Era minuscule to lifespan of some trees?,"The Common Era has lasted for over 2,000 years as of 2020. A tree named Methuselah, from California's White Mountains, is almost 5,000 years old.",Yes,StrategyQA,commonsense_reasoning
Read the question and supporting facts carefully. Reason about the information and answer with Yes or No.,Is it impossible for Cheb Mami to win a Pulitzer Prize for musical composition?,"The history Pulitzer Prize can be won by any citizen, all other Pulitzer Prize winners must be a US Citizen. Cheb Mami is an Algerian singer. Cheb Mami is a citizen of Algeria.",Yes,StrategyQA,commonsense_reasoning
Read the question and supporting facts carefully. Reason about the information and answer with Yes or No.,Would a German Shepherd be welcome in an airport?,Airports in the US must be compliant with the ADA allowing for service dogs as medical equipment. Police security often use dogs like German Shepherds to search for drugs at airports. Some airlines have special travel accommodations for dogs.,Yes,StrategyQA,commonsense_reasoning
Read the question and supporting facts carefully. Reason about the information and answer with Yes or No.,Are thetan levels found in the New Testament?,The New Testament is a collection of texts related to Christianity. Thetan levels are a term used in the body of religious beliefs and practices known as Scientology.,No,StrategyQA,commonsense_reasoning
Read the question and supporting facts carefully. Reason about the information and answer with Yes or No.,Would J.K Rowling's top sellers be on a fantasy shelf?,J.K Rowling's top sellers are her Harry Potter series. Harry Potter is a series about a boy who goes to a magical school to learn wizardry.,Yes,StrategyQA,commonsense_reasoning
Read the question and supporting facts carefully. Reason about the information and answer with Yes or No.,Can I build a house on an asteroid?,"Building a house requires gravity to hold the house to the surface. The largest asteroid in our Solar System is Ceres, 583 miles across. Asteroids are not large enough to create noticeable gravity.",No,StrategyQA,commonsense_reasoning
Read the question and supporting facts carefully. Reason about the information and answer with Yes or No.,Would Jon Brower Minnoch break a chair before Voyager 2 launch mass?,"Jon Brower Minnoch was the heaviest human being ever recorded. At his peak weight, Jon Brower Minnoch weighed almost 1.400 lb. The launch mass of Voyager 2 was 1,820 lb.",No,StrategyQA,commonsense_reasoning
Read the question and supporting facts carefully. Reason about the information and answer with Yes or No.,Would it be very difficult for Nuno Gomes to dive to the Red Sea's deepest point?,"The Red Sea has a maximum depth of 3,040 m (9,970 ft). Nuno Gomes' deepest dive in the Red Sea to date is 318 metres (1,043 ft).",Yes,StrategyQA,commonsense_reasoning
Read the question and supporting facts carefully. Reason about the information and answer with Yes or No.,Did Eddie Murphy's father see his first stand up show?,Eddie Murphy's father died when Eddie Murphy was 8 years old. Eddie Murphy's stand up career began when he was 15 years old.,No,StrategyQA,commonsense_reasoning
Read the question and supporting facts carefully. Reason about the information and answer with Yes or No.,Will Elijah Cummings cast a vote in the 2020 presidential election?,"Elijah Cummings died on October 17th, 2019. It is not possible, or legal, for a dead person to cast a vote in a presidential election.",No,StrategyQA,commonsense_reasoning
Read the question and supporting facts carefully. Reason about the information and answer with Yes or No.,Was Woodrow Wilson sandwiched between two presidents from the opposing party?,Woodrow Wilson was a Democratic president and was between Taft and Harding. President William Howard Taft was a Repubican. President Warren G. Harding was a Republican.,Yes,StrategyQA,commonsense_reasoning
Read the question and supporting facts carefully. Reason about the information and answer with Yes or No.,Is a fever cured by listening to a cowbell?,A fever is an increase in body temperature above the normal range Fever can be treated with medication or will usually disappear if left alone A cowbell is a musical instrument,No,StrategyQA,commonsense_reasoning
Read the question and supporting facts carefully. Reason about the information and answer with Yes or No.,Was 1941 Operation Barbarossa related to The Crusades?,Operation Barbarossa referred to the 1941 German invasion of the Soviet Union. Frederick Barbarosa was the Holy Roman Empire that drowned while marching his army to The Crusades. The Holy Roman Empire was a medieval empire that ruled over lands including what became modern Germany.,Yes,StrategyQA,commonsense_reasoning
Read the question and supporting facts carefully. Reason about the information and answer with Yes or No.,"Did J. Edgar Hoover take his calls in Langley, Virginia?","J. Edgar Hoover was the director of the FBI The FBI is headquartered in Washington, D.C. Langley, Virginia is the headquarters of the C.I.A.",No,StrategyQA,commonsense_reasoning
Read the question and supporting facts carefully. Reason about the information and answer with Yes or No.,Is white light the absence of color?,"White light is formed by the combination of red, green, and blue light. Instead, black is considered to be the absence of color.",No,StrategyQA,commonsense_reasoning
Read the question and supporting facts carefully. Reason about the information and answer with Yes or No.,Is Fiat Chrysler associated with Japanese cars?,Fiat Chrysler is composed of the two merged automobile companies Fiat and Chrysler. Fiat is an Italian company with headquarters in Amsterdam. Chrysler is based in the United States of America. Together they own 10 car brands but none are Asian in origin.,No,StrategyQA,commonsense_reasoning
Read the question and supporting facts carefully. Reason about the information and answer with Yes or No.,Would an environmentalist advocate for preventing domestic canine reproduction?,Domestic dogs are a large contributor to species depopulation and displacement. Domestic dogs have a diet that largely contributes to a harmful environmental impact. ,Yes,StrategyQA,commonsense_reasoning
Read the question and supporting facts carefully. Reason about the information and answer with Yes or No.,Did Elle Fanning play an essential part in ending apartheid?,"Apartheid lasted from 1948 until the early 1990s. Actress Elle Fanning was born on April 9, 1998.",No,StrategyQA,commonsense_reasoning
Read the question and supporting facts carefully. Reason about the information and answer with Yes or No.,Could white rice go rancid before sesame seeds?,Sesame seeds should last 6-12 months unopened. White rice can last 4-5 years in a pantry.,No,StrategyQA,commonsense_reasoning
Read the question and supporting facts carefully. Reason about the information and answer with Yes or No.,Did the Watergate scandal help the Republican party?,Watergate resulted in President Nixon's resignation. President Nixon was a Republican. Nixon's resignation resulted in major Democratic gains in Congress during the next election.,No,StrategyQA,commonsense_reasoning
Read the question and supporting facts carefully. Reason about the information and answer with Yes or No.,Does USA fail separation of church and state in multiple ways?,"Separation of church ad state refers to keeping God and religion out of state matters. Presidents of the United States are sworn in by placing their hand on a bible. The US currency contains the words, ""In God We Trust."" The Pledge of Allegiance states, ""One Nation Under God.""",Yes,StrategyQA,commonsense_reasoning
Read the question and supporting facts carefully. Reason about the information and answer with Yes or No.,Can a computer be programmed entirely in Boolean algebra?,"Boolean algebra is the branch of algebra in which the values of the variables are the truth values true and false, usually denoted 1 and 0 respectively.  Mathematics in 1 and 0 is also called binary or machine language. Computers are programmed in machine language.",Yes,StrategyQA,commonsense_reasoning
Read the question and supporting facts carefully. Reason about the information and answer with Yes or No.,Can you make an MP3 from the Golden Gate Bridge?,MP3 is a file compression format for audio recordings The Golden Gate Bridge has been reported emitting sounds when the wind passes through its sidewalk railing slats,Yes,StrategyQA,commonsense_reasoning
Read the question and supporting facts carefully. Reason about the information and answer with Yes or No.,"Can you fit every resident of Auburn, New York, in Tropicana Field?","The capacity of Tropicana Field is 36,973 The population of Auburn, NY is 27,687",Yes,StrategyQA,commonsense_reasoning
Read the question and supporting facts carefully. Reason about the information and answer with Yes or No.,Did land owners elect their rulers in the Kingdom of Hungary?,The Kingdom of Hungary was a monarchy. Monarchies do not allow citizens to elect their own rulers.,No,StrategyQA,commonsense_reasoning
Read the question and supporting facts carefully. Reason about the information and answer with Yes or No.,Did the Qwerty keyboard layout predate computers?,"The Qwerty layout was originally developed for mechanical typewriters in the 1870s. ENIAC was considered to be the first computer, built in the late 1940s.",Yes,StrategyQA,commonsense_reasoning
Read the question and supporting facts carefully. Reason about the information and answer with Yes or No.,Would Lee Sedol understand the complexities of the Sicilian Defence?,Lee Sedol is a former South Korean professional Go player of 9 dan rank. Go has a different rule set than chess. It would not be worthwhile to spend time understanding the complexities of a game that you don't play professionally.,No,StrategyQA,commonsense_reasoning
Read the question and supporting facts carefully. Reason about the information and answer with Yes or No.,Can the Powerpuff Girls form a complete tag team wrestling match?,A tag team wrestling match is contested between at least two teams of at least two wrestlers each There are only three people in the Powerpuff Girls,No,StrategyQA,commonsense_reasoning
Read the question and supporting facts carefully. Reason about the information and answer with Yes or No.,Can amoebas get cancer?,"An amoeba is a single-celled organism. Cancer is the improper growth of a mass of cellular tissue, made of many incorrectly formed cells.",No,StrategyQA,commonsense_reasoning
Read the question and supporting facts carefully. Reason about the information and answer with Yes or No.,Did Hanuman ever experience an orgasm?,Hanuman was a life long celibate. Celibates refrain from all sexual activity. Orgasms are only experienced during sexual activity.,No,StrategyQA,commonsense_reasoning
Read the question and supporting facts carefully. Reason about the information and answer with Yes or No.,Are honey badgers and hyenas anatomically dissimilar? ,Honey Badgers and Hyenas both have anal sacs. The anal sacs of Honey Badgers and Hyenas are both able to turn inside out.,No,StrategyQA,commonsense_reasoning
Read the question and supporting facts carefully. Reason about the information and answer with Yes or No.,Would Carolina Reaper decrease sales if added to all US salsa?,"On average, Americans prefer milder salsa than Europeans. The Carolina Reaper is the hottest pepper in the world.  The Carolina Reaper is rated as 2,200,000 Scoville Heat Units.",Yes,StrategyQA,commonsense_reasoning
Read the question and supporting facts carefully. Reason about the information and answer with Yes or No.,Does the letter B's place in alphabet exceed number of 2008 total lunar eclipses?,The letter B is the second letter in the Latin Alphabet. There was one total lunar eclipse in 2008.,Yes,StrategyQA,commonsense_reasoning
Read the question and supporting facts carefully. Reason about the information and answer with Yes or No.,Were mollusks an ingredient in the color purple?,Mollusks are a group of invertebrate animals including snails and slugs. Purple dye was used in the early 15th century BC to color clothing. The purple dye used in ancient Tyre was made from a liquid extracted from a gland in snails.,Yes,StrategyQA,commonsense_reasoning
Read the question and supporting facts carefully. Reason about the information and answer with Yes or No.,Do Apollo and Baldur share similar interests?,Apollo is a Greek god of light. Baldur is a Norse god of light. They are both interested in light.,Yes,StrategyQA,commonsense_reasoning
Read the question and supporting facts carefully. Reason about the information and answer with Yes or No.,Would Jolly Green Giant's largest monument look impressive next to Pyrenees?,"The Jolly Green Giant monument in Blue Earth, Minnesota is 55.5 feet tall. The Pyrenees mountains are 11,168 feet high. The Pyrenees mountains are 305 miles wide.",No,StrategyQA,commonsense_reasoning
Read the question and supporting facts carefully. Reason about the information and answer with Yes or No.,Did Andy Warhol influence Art Deco style?,Art Deco is a visual style that first appeared in the 1920s. Andy Warhol was born in 1928. Andy Warhol started drawing when he was in third grade.,No,StrategyQA,commonsense_reasoning
Read the question and supporting facts carefully. Reason about the information and answer with Yes or No.,Is pig meat considered inedible within the cuisine of Hawaii?,"SPAM is a pork and ham product that is very popular around the world. In the cuisine of Hawaii, SPAM is a cherished and widely used ingredient.",No,StrategyQA,commonsense_reasoning
Read the question and supporting facts carefully. Reason about the information and answer with Yes or No.,Are tampons a good 24 hour solution for mentruation?,"Tampons are intended for use up to 8 hours at a time.  When left in for longer than 8 hours, tampons pose a dangerous risk for a life threatening condition. ",No,StrategyQA,commonsense_reasoning
Read the question and supporting facts carefully. Reason about the information and answer with Yes or No.,Are black and white prison uniforms made to resemble a zebra?,Prison stripes are made of parallel lines. Zebra stripes are jagged in appearance. ,No,StrategyQA,commonsense_reasoning
Read the question and supporting facts carefully. Reason about the information and answer with Yes or No.,Are more watermelons grown in Brazil than Antarctica?,"Watermelons are plants grown in climates from tropical to temperate, needing temperatures higher than about 25 °C (77 °F) to thrive. The climate of Antarctica is the coldest on Earth. The climate of Brazil comprises a wide range of weather conditions across a large area and varied topography, but most of the country is tropical.",Yes,StrategyQA,commonsense_reasoning
Read the question and supporting facts carefully. Reason about the information and answer with Yes or No.,Do you need to worry about Zika virus in Antarctica? ,Mosquitoes cannot survive in the climate of Antarctica. Zika virus is primarily spread through mosquito bites. ,No,StrategyQA,commonsense_reasoning
Read the question and supporting facts carefully. Reason about the information and answer with Yes or No.,Does Northern fur seal make good pet for six year old?,An average six year old weighs 45 pounds. An adult Northern fur seal can weigh up to 120 pounds. Northern fur seals have sharp canine teeth for tearing. Northern fur seals live near rivers to feed off of fish populations.,No,StrategyQA,commonsense_reasoning
Read the question and supporting facts carefully. Reason about the information and answer with Yes or No.,Will silicon wedding rings outsell bromine wedding rings?,Wedding rings are typically made of precious shiny stones such as diamonds. Silicon is a solid rock like element at room temperature that has a natural lustre. Bromine is a liquid at room temperature that is toxic to the touch.,Yes,StrategyQA,commonsense_reasoning
Read the question and supporting facts carefully. Reason about the information and answer with Yes or No.,Does Nicole Kidman despise Roman Josi?,Nicole Kidman supports the Nashville Predators and has been photographed almost nightly throughout the season. Roman Josi is a Swiss professional ice hockey defenceman who currently serves as captain of the Nashville Predators.,No,StrategyQA,commonsense_reasoning
Read the question and supporting facts carefully. Reason about the information and answer with Yes or No.,"Were there under 150,000 American troops in Vietnam in 1965?","In 1965 the president announced an intention to increase the amount of troops to 125,000 There were only 75,000 prior to 1965",Yes,StrategyQA,commonsense_reasoning
Read the question and supporting facts carefully. Reason about the information and answer with Yes or No.,Can you measure a Caracal with a protractor?,"A caracal is a small wild cat Cats and other animals are measured in terms of properties like length, width, and weight Protractors measure angles",No,StrategyQA,commonsense_reasoning
Read the question and supporting facts carefully. Reason about the information and answer with Yes or No.,"Would the trees in Auburn, New York be changing colors in September?","In New York, fall begins during the month of September.  When the weather gets cooler in the fall, leaves begin to change colors. ",Yes,StrategyQA,commonsense_reasoning
Read the question and supporting facts carefully. Reason about the information and answer with Yes or No.,Are emus related to elks?,"Emus are a type of flightless bird. Elks are deer, which are mammals.",No,StrategyQA,commonsense_reasoning
Read the question and supporting facts carefully. Reason about the information and answer with Yes or No.,"If someone is lactose intolerant, do they have to avoid cream?",People with lactose intolerance are unable to fully digest the sugar (lactose) in milk. Cream is a dairy product composed of the higher-fat layer skimmed from the top of milk before homogenization Cream contains milk.,Yes,StrategyQA,commonsense_reasoning
Read the question and supporting facts carefully. Reason about the information and answer with Yes or No.,Does penicillin cure a learning disability?,"Learning disabilities are neurological impairments Neurological impairments can result from genetic issues, developmental problems, and accidents like head trauma, malnutrition or exposure to toxins Penicillin is an antibiotic that treats bacterial infection",No,StrategyQA,commonsense_reasoning
Read the question and supporting facts carefully. Reason about the information and answer with Yes or No.,Is Norman Oklahoma named after a viking?,The Normans invaded England in 1066 and were originally vikings from Scandinavia. Norman Oklahoma was first surveyed by land surveyor Abner Norman in the 1800s. 1066 is said to be the end of the Viking Era.,No,StrategyQA,commonsense_reasoning
Read the question and supporting facts carefully. Reason about the information and answer with Yes or No.,Was milliner in Alice in Wonderland (1951 film) likely in need of succimer?,"A milliner is someone who makes hats. The character of the Mad Hatter was a milliner in the 1951 Alice in Wonderland film. The phrase, Mad as a Hatter, comes from the fact that hat makers used mercury to line their hats and often suffered mercury poisoning. Succimer is a chemical that is used to treat lead, mercury, and arsenic poisoning.",Yes,StrategyQA,commonsense_reasoning
Read the question and supporting facts carefully. Reason about the information and answer with Yes or No.,Is there radiation where Nikola Tesla once worked?,"Nikola Tesla built a facility called the Wardenclyffe Tower in Shoreham, New York Shoreham was the site of a nuclear power plant in the '70s and '80s",Yes,StrategyQA,commonsense_reasoning
Read the question and supporting facts carefully. Reason about the information and answer with Yes or No.,Is the BBC World Service hosted in Europe?,The BBC World Service is part of the BBC network. The BBC operates in England. England is part of Europe.,Yes,StrategyQA,commonsense_reasoning
Read the question and supporting facts carefully. Reason about the information and answer with Yes or No.,Is Europa (moon) name origin related to Amunet?,"Europa (moon) gets its name from the Greek Classical Mythology story. Europa was a woman that Zeus was in love with, and he changed into a bull to deceive her. Amunet is a primordial goddess in Ancient Egyptian religion.",No,StrategyQA,commonsense_reasoning
Read the question and supporting facts carefully. Reason about the information and answer with Yes or No.,Would a snake have reasons to fear a honey badger?,Snakes are considered prey to Honey Badgers. Honey Badgers have sharp teeth and are carnivorous. ,Yes,StrategyQA,commonsense_reasoning
Read the question and supporting facts carefully. Reason about the information and answer with Yes or No.,Can you use the T-Mobile tuesdays app if you aren't a T-Mobile customer?,T-Mobile tuesdays is a rewards app for T-Mobile subscribers. T-Mobile Tuesdays verifies users by making sure they have a T-Mobile phone number.,No,StrategyQA,commonsense_reasoning
Read the question and supporting facts carefully. Reason about the information and answer with Yes or No.,Was Charlemagne's father instrumental in outcome of the Battle of Tours?,Charlemagne's father was Pepin the Short. Pepin the Short's father was Charles Martel. Charles Martel led an army against the Umayyads at the Battle of Tours. Pepin the Short spent his early years being raised by monks.,No,StrategyQA,commonsense_reasoning
Read the question and supporting facts carefully. Reason about the information and answer with Yes or No.,Is Saturn named after king of gods in Greek mythology?,"Saturn, the sixth planet from the sun is named after the Roman god Saturn. The Roman god Saturn is derived from its Greek equivalent, Kronos. The king of the gods in Greek mythology was Zeus. Kronos was Zeus's father, and was the leader of the Titans.",No,StrategyQA,commonsense_reasoning
Read the question and supporting facts carefully. Reason about the information and answer with Yes or No.,Can an elite runner circle the Pyrenees in one day?,The Pyrenees mountains are 305 miles wide. An elite runner can cover 100 miles in around 12 hours.,No,StrategyQA,commonsense_reasoning
Read the question and supporting facts carefully. Reason about the information and answer with Yes or No.,Are paratroopers good at mountain rescue?,A paratrooper is a member of a military unit that deploys parachutes.  A PJ is the acronym name for a military parachute jumper. PJs are an elite mountain rescue unit. ,Yes,StrategyQA,commonsense_reasoning
Read the question and supporting facts carefully. Reason about the information and answer with Yes or No.,Did compact discs make computer gaming more popular?,"Compact discs contained significantly more storage space than the previously popular floppy disc format. Gaming studios were therefore able to significantly improve the graphics, sounds, and features of their games to make them more immersive. The better games led to a massive increase in popularity for computer gaming.",Yes,StrategyQA,commonsense_reasoning
Read the question and supporting facts carefully. Reason about the information and answer with Yes or No.,Is Shiva's divine dance an ancient physical fitness pose?,"In yoga as exercise, the pose called Natarajasara represents Shiva's divine dance This pose is new, originating in the early 20th century Exercise is an activity that maintains physical fitness",No,StrategyQA,commonsense_reasoning
Read the question and supporting facts carefully. Reason about the information and answer with Yes or No.,Can the President of Mexico vote in New Mexico primaries?,"Mexico is an independent country located in  North America. New Mexico is a state located in the United States. US laws require a voter to be a citizen of the United States. The President of Mexico in 2020, Andrés Manuel López Obrador, is a Mexican citizen.",No,StrategyQA,commonsense_reasoning
Read the question and supporting facts carefully. Reason about the information and answer with Yes or No.,Would an explosion at a gunpowder storage facility result in a supersonic shock wave?,Gunpowder is classified as a low explosive Low explosives burn at subsonic speeds,No,StrategyQA,commonsense_reasoning
Read the question and supporting facts carefully. Reason about the information and answer with Yes or No.,Is it common to see frost during some college commencements?,"College commencement ceremonies often happen during the months of December, May, and sometimes June.  Frost isn't uncommon to see during the month of December, as it is the winter.",Yes,StrategyQA,commonsense_reasoning
Read the question and supporting facts carefully. Reason about the information and answer with Yes or No.,Could a cat ride Panzer VIII Maus tank missile from Barcelona to Madrid?,The Panzer VIII Maus tank missile had a range of around 2.2 miles. The distance from Barcelona to Madrid is 385 miles. Motion sickness is a common problem in cats.,No,StrategyQA,commonsense_reasoning
Read the question and supporting facts carefully. Reason about the information and answer with Yes or No.,Could a chipmunk fit 100 chocolate chips in his mouth?,A chipmunk can fit up to two tbsp of food in his mouth. There are about 20-25 chocolate chips in a tbsp.,No,StrategyQA,commonsense_reasoning
Read the question and supporting facts carefully. Reason about the information and answer with Yes or No.,Would a teacher still have their job if they called a black student an ape?,'Ape' and 'monkey' are words that have been used in a derogatory manner against black people. Teachers are held to a level of professionalism and cannot act in an abusive way towards children.,No,StrategyQA,commonsense_reasoning
Read the question and supporting facts carefully. Reason about the information and answer with Yes or No.,Do people put creatures from the Black Sea on their pizza?,"Pizza toppings include pepperoni, sausage, bacon, meatball, and anchovies. The Black Sea is home to many animals including dogfish, jellyfish, and anchovies.",Yes,StrategyQA,commonsense_reasoning
Read the question and supporting facts carefully. Reason about the information and answer with Yes or No.,Did J. P. Morgan have healthy lungs?,J. P. Morgan smoked dozens of cigars per day. Smoking tobacco damages the lungs and increases the risk of lung cancer significantly.,No,StrategyQA,commonsense_reasoning
Read the question and supporting facts carefully. Reason about the information and answer with Yes or No.,Can you buy furniture and meatballs in the same store?,"IKEA is well known for selling cheap, modern furniture. IKEA is famous for serving meatballs at their in-store restaurants.",Yes,StrategyQA,commonsense_reasoning
Read the question and supporting facts carefully. Reason about the information and answer with Yes or No.,"Hypothetically, will an African elephant be crushed by Hulk on its back?","The Hulk is a Marvel comics character. The Hulk is said to be around 8 feet tall and weigh around 1400 pounds. An African elephant can carry up to 9,000 kg, or 19,841 pounds.",No,StrategyQA,commonsense_reasoning
Read the question and supporting facts carefully. Reason about the information and answer with Yes or No.,Can you write a whole Haiku in a single tweet?,A Haiku is a Japanese poetry in three phrases. The average Haiku is composed of 60 to 70 characters. A tweet is a short message sent on Twitter. The character limit of a single tweet on Twitter is 140.,Yes,StrategyQA,commonsense_reasoning
Read the question and supporting facts carefully. Reason about the information and answer with Yes or No.,Can you find a railroad engineer on TNT?,TNT is a cable television network Snowpiercer is a show airing on the TNT network Snowpiercer involves people living on an active train in a postapocalyptic future A railroad engineer is necessary to keep a train running,Yes,StrategyQA,commonsense_reasoning
Read the question and supporting facts carefully. Reason about the information and answer with Yes or No.,Will Chick-fil-A hypothetically refuse to sponsor a Pride parade?,Pride parades are annual festivals held to celebrate the gay community. Chick-fil-A is a fast food restaurant founded by S. Truett Cathy. S. Truett Cathy was a devout Southern Baptist.  Chick-fil-A's opposition to same-sex marriage has been the subject of public controversy.,Yes,StrategyQA,commonsense_reasoning
Read the question and supporting facts carefully. Reason about the information and answer with Yes or No.,Did Queen Elizabeth I read the works of Jean-Paul Sartre?,Jean-Paul Sartre was born in 1905. Queen Elizabeth I died in 1603.,No,StrategyQA,commonsense_reasoning
Read the question and supporting facts carefully. Reason about the information and answer with Yes or No.,Can Aerosmith legally drive in the carpool lane?,Aerosmith is a rock band with five members Carpool lanes require at least two occupants in each vehicle,Yes,StrategyQA,commonsense_reasoning
Read the question and supporting facts carefully. Reason about the information and answer with Yes or No.,Would alligator best saltwater crocodile in hypothetical Lake Urmia battle?,Lake Urmia is a salt lake in Iran. Saltwater crocodiles have special glands that allow them to survive in salt water. Alligators lack glands to stay in salt water for extended periods of time.,No,StrategyQA,commonsense_reasoning
Read the question and supporting facts carefully. Reason about the information and answer with Yes or No.,Is it dangerous to consume chlorine when mixed with sodium?,"Chlorine mixed with sodium is sodium chloride, also known as table salt. Table salt is one of the most commonly consumed seasonings among all cultures.",No,StrategyQA,commonsense_reasoning
Read the question and supporting facts carefully. Reason about the information and answer with Yes or No.,Were any members of Canidae in Aesop's Fables?,"Canidae is a family of mammals that includes dogs, foxes, and coyotes. Aesop's Fables was a collection of stories with animals as the main characters. One of the most famous stories involves a fox and a lion.",Yes,StrategyQA,commonsense_reasoning
Read the question and supporting facts carefully. Reason about the information and answer with Yes or No.,"Did H.G. Wells' ""War of the Worlds"" include cosmic rays?","The book ""War of the Worlds"" was published in 1898. Cosmic rays were not discovered until 1912.",No,StrategyQA,commonsense_reasoning
Read the question and supporting facts carefully. Reason about the information and answer with Yes or No.,Can you find Depala's race in World of Warcraft?,"World of Warcraft has several races including humans, night elves, and dwarves. Depala is a character in the Magic the Gathering card game that is a dwarf.",Yes,StrategyQA,commonsense_reasoning
Read the question and supporting facts carefully. Reason about the information and answer with Yes or No.,Would George Fox support stoning?,"George Fox was the founder of the Religious Society of Friends, commonly known as the Quakers or Friends. The Quakers advocate for peace and nonviolence. Stoning is a particularly violent and brutal method of capital punishment.",No,StrategyQA,commonsense_reasoning
Read the question and supporting facts carefully. Reason about the information and answer with Yes or No.,Did Johann Sebastian Bach ever win a Grammy Award?,"Johann Sebastian Bach died in 1750. The first Grammy Awards ceremony was held on May 4, 1959.",No,StrategyQA,commonsense_reasoning
Read the question and supporting facts carefully. Reason about the information and answer with Yes or No.,Would it be impossible to seat every Chief Justice of the United States on a Boeing 737?,"There have been a total of 17 Chief Justices since the Supreme Court was established. The Boeing 737 has evolved through four generations, offering several variants for 85 to 215 passengers.",No,StrategyQA,commonsense_reasoning
Read the question and supporting facts carefully. Reason about the information and answer with Yes or No.,Can Michael Jordan become a professional cook in America? ,"Based on the American Culinary Federation, the minimum requirements for entering culinary apprenticeships include being 17 years old and having a high school diploma or equivalent. Michael Jordan graduated from Laney High School in 1981. Michael Jordan was born on February 17, 1963, which makes him 57 years old in 2020.",Yes,StrategyQA,commonsense_reasoning
Read the question and supporting facts carefully. Reason about the information and answer with Yes or No.,"If your skin was turning the color of a zombie, could it be because of nickel?",Zombies are often depicted as green in pallor.  Nickel in jewelry often turns skin a greenish color.,Yes,StrategyQA,commonsense_reasoning
Read the question and supporting facts carefully. Reason about the information and answer with Yes or No.,Do people with DID have a good memory?,"DID is an abbreviation for 'Dissociative Identity Disorder.' DID is characterized by gaps in memory, as well as altered states or 'personalities' during these dissociative moments.",No,StrategyQA,commonsense_reasoning
Read the question and supporting facts carefully. Reason about the information and answer with Yes or No.,Can second row of QWERTY keyboard spell Abdastartus's kingdom?,QWERTY keyboards have one row of numbers followed by three rows of letters. The second row of the QWERTY keyboard has the letters: QWERTYUIOP. Abdastartus was king of Tyre from 929 – 921 BC.,Yes,StrategyQA,commonsense_reasoning
Read the question and supporting facts carefully. Reason about the information and answer with Yes or No.,Can a sniper shoot a fish past Bathypelagic Zone in ocean?,"The Bathypelagic Zone extends 4000 meters down in the ocean. The longest recorded sniper kill is 3,540 meters.",No,StrategyQA,commonsense_reasoning
Read the question and supporting facts carefully. Reason about the information and answer with Yes or No.,Would a lullaby be enough to wake Hellen Keller up?,Lullabies can be sung or played via instrument. Hellen Keller was deaf. ,No,StrategyQA,commonsense_reasoning
Read the question and supporting facts carefully. Reason about the information and answer with Yes or No.,Could the surface of Europa fry an egg?,"Europa is known for having an icy surface. For an egg to become firm, the ground must be at least 158 degrees Fahrenheit.  Ice forms at 32 degrees Fahrenheit. Europa's temperatures are all in the negatives on the Fahrenheit scale.",No,StrategyQA,commonsense_reasoning
Read the question and supporting facts carefully. Reason about the information and answer with Yes or No.,Could a two-year old win a Scrabble tournament?,Scrabble is a word game that requires a large vocabulary in order to play well. A two-year old has a very limited vocabulary and lacks the reasoning capability needed to perform well in Scrabble.,No,StrategyQA,commonsense_reasoning
Read the question and supporting facts carefully. Reason about the information and answer with Yes or No.,Is Michael Vick on People for the Ethical Treatment of Animals's hypothetical blacklist?,People for the Ethical Treatment of Animals (PETA) is an animal rights organization that fights for the welfare of animals. A blacklist is a list of people that are unacceptable and should be avoided or excluded. Michael Vick is an ex-football player that spent 21 months in prison for his vicious dog fighting enterprise.,Yes,StrategyQA,commonsense_reasoning
Read the question and supporting facts carefully. Reason about the information and answer with Yes or No.,Is the tibia required for floor exercises?,"The tibia is a bone in the lower leg Floor exercises are a program in gymnastics competitions Gymnastics requires use of arms and legs, as well as other parts of the body",Yes,StrategyQA,commonsense_reasoning
Read the question and supporting facts carefully. Reason about the information and answer with Yes or No.,Could the Dominican Order hypothetically defeat Blessed Gerard's order?,The Dominican Order is a Catholic group of friars that several priestly vows. Blessed Gerard was the founder of the Order of St John of Jerusalem (Knights Hospitaller).  The Order of St John of Jerusalem (Knights Hospitaller) were a well trained Catholic military order that fought in the Crusades.,No,StrategyQA,commonsense_reasoning
Read the question and supporting facts carefully. Reason about the information and answer with Yes or No.,Would a modern central processing unit circuit chip fit on a housekey?,A CPU circuit chip is about an inch across. A housekey is generally less than a half-inch across.,No,StrategyQA,commonsense_reasoning
Read the question and supporting facts carefully. Reason about the information and answer with Yes or No.,Would someone on a keto diet be able to eat Dosa?,"Dosa's main ingredients are rice and black gram, The ketogenic diet is a high-fat, adequate-protein, low-carbohydrate diet. Rice is high in carbohydrates.",No,StrategyQA,commonsense_reasoning
Read the question and supporting facts carefully. Reason about the information and answer with Yes or No.,Could a snowy owl survive in the Sonoran?,The Snowy owl is a bird native to the Arctic regions of North America. Temperatures in the North American Arctic range from -36.4F to 50F. The Sonoran is one of the hottest deserts in the world. The Sonoran Desert can get as hot as 118F.,No,StrategyQA,commonsense_reasoning
Read the question and supporting facts carefully. Reason about the information and answer with Yes or No.,Can Josh Blue participate in Paralympics Games? ,Josh Blue has cerebral palsy.  People with cerebral palsy can compete in the Paralympic Games.,Yes,StrategyQA,commonsense_reasoning
Read the question and supporting facts carefully. Reason about the information and answer with Yes or No., Is The Invisible Man more prevalent in films than Picnic at Hanging Rock?,H.G. Wells's book The Invisible Man has been adapted into more than 7 films. Joan Lindsay's book Picnic at Hanging Rock was adapted into one film and one TV series.,Yes,StrategyQA,commonsense_reasoning
Read the question and supporting facts carefully. Reason about the information and answer with Yes or No.,Was Jean Valjean imprisoned due to hunger?,Jean Valjean was sentenced to imprisonment due to theft of property. The item Jean Valjean stole was a loaf of bread for his family.,Yes,StrategyQA,commonsense_reasoning
Read the question and supporting facts carefully. Reason about the information and answer with Yes or No.,Can the original name of the zucchini be typed on the top row of a QWERTY keyboard?,"The original name for the zucchini in Mexican language or Nahuatl is ayokonetl. The top row of a QWERTY keyboard contains the keys q, w, e, r, t, y, u, i , o, and p.",No,StrategyQA,commonsense_reasoning
Read the question and supporting facts carefully. Reason about the information and answer with Yes or No.,Can you save every HD episode of Game of Thrones on Samsung Galaxy A10e?,The Samsung Galaxy A10e has 32GB of storage. The average storage requirement of an HD episode of Game of Thrones is 600MB There are 60 total episodes of Game of Thrones. There are 1000MB in one GB.,No,StrategyQA,commonsense_reasoning
Read the question and supporting facts carefully. Reason about the information and answer with Yes or No.,Could a fan of the Botany Swarm vote for John Key?,"The Botany Swarm is a hockey team based in Auckland, New Zealand John Key is the Prime Minister of New Zealand",Yes,StrategyQA,commonsense_reasoning
Read the question and supporting facts carefully. Reason about the information and answer with Yes or No.,Is a platypus immune from cholera?,Cholera is a bacteria that damages the small intestines in humans. The intestines are part of the stomach of humans. A platypus does not have a stomach.,Yes,StrategyQA,commonsense_reasoning
Read the question and supporting facts carefully. Reason about the information and answer with Yes or No.,Was Saint Vincent and the Grenadines named by an Italian explorer?,"Christopher Columbus, an Italian explorer, was the first European to discover the islands. He named them after St. Vincent because he first saw the island on the saint's feast day, and the Spanish city of Granada.",Yes,StrategyQA,commonsense_reasoning
Read the question and supporting facts carefully. Reason about the information and answer with Yes or No.,Did the Football War last at least a month?,"The Football War began on July 14 1969. It ended on July 20 1969. Therefore, it did not even last a whole week.",No,StrategyQA,commonsense_reasoning
Read the question and supporting facts carefully. Reason about the information and answer with Yes or No.,Is Noah's Ark an upgrade for Golden Age of Piracy pirates?,"The Golden Age of Piracy took place between 1650 and 1720 and had many famous pirates including Blackbeard. Noah's Ark had dimensions in feet of 450 x 75 x 45. Blackbeard's ship, Queen Anne's Revenge, had a length of 103 feet. William Kidd's ship, Adventure Galley, was 124 feet long.",Yes,StrategyQA,commonsense_reasoning
Read the question and supporting facts carefully. Reason about the information and answer with Yes or No.,Are Christmas trees typically deciduous?,Christmas trees are almost always pine trees. Christmas trees are green all year round. ,No,StrategyQA,commonsense_reasoning
Read the question and supporting facts carefully. Reason about the information and answer with Yes or No.,Could JPMorgan Chase give every American $10?,"JPMorgan Chase has total assets of US$2.687 trillion. As of November 8, 2018, the United States is estimated to have a population of 328,953,020. One trillion is equal to 1,000 billions. One billion is equal to 1,000 millions.",Yes,StrategyQA,commonsense_reasoning
Read the question and supporting facts carefully. Reason about the information and answer with Yes or No.,Could all of the people who pass through 30th Street Station every day fit in Dorton Arena?,"J. S. Dorton Arena is a 7,610-seat multi-purpose arena located in Raleigh, North Carolina. On an average day in fiscal 2013, about 12,000 people boarded or left trains at 30th Street.",No,StrategyQA,commonsense_reasoning
Read the question and supporting facts carefully. Reason about the information and answer with Yes or No.,Is the Greek alphabet as common as Sumerian cuneiform?,The Greek alphabet is still commonly used Sumerian cuneiform is not used contemporarily ,No,StrategyQA,commonsense_reasoning
Read the question and supporting facts carefully. Reason about the information and answer with Yes or No.,Did Boris Yeltsin watch the 2008 Summer Olympics?,"The 2008 Summer Olympics were held Aug 08 - 24, 2008 Boris Yeltsin died on Apr 23, 2007",No,StrategyQA,commonsense_reasoning
Read the question and supporting facts carefully. Reason about the information and answer with Yes or No.,"If one of your feet is in a leg cast, should the other be in a sandal?","If you are using crutches, it is advised to have non-slip shoes with a closed toe. Most sandals do not have non-slip traction and, by definition, don't have closed toes.  If you are in a leg cast you are likely to be using crutches.",No,StrategyQA,commonsense_reasoning
Read the question and supporting facts carefully. Reason about the information and answer with Yes or No.,Would an oil painter avoid reds from scale insects that live on a cactus?,Carmine is the product of an insect that lives on some cacti Carmine is not stable in oil paints and its usage has been discontinued Carmine is red,Yes,StrategyQA,commonsense_reasoning
Read the question and supporting facts carefully. Reason about the information and answer with Yes or No.,Did Rahul Dravid ever kick a field goal?,Rahul Dravid was a professional cricket player Field goal kicks are part of American football,No,StrategyQA,commonsense_reasoning
Read the question and supporting facts carefully. Reason about the information and answer with Yes or No.,Does handedness determine how you use American Sign Language?,Your dominant hand typically performs the moving part of a sign in ASL. Your dominant hand determines the hand you use to finger spell in ASL.,Yes,StrategyQA,commonsense_reasoning
Read the question and supporting facts carefully. Reason about the information and answer with Yes or No.,Did Pablo Escobar's nickname collection outshine Robert Moses Grove's?,"Robert Moses Grove was a baseball player nicknamed Lefty Grove. Pablo Escobar had several nicknames including: Don Pablo, El Padrino, and El Patrón.",Yes,StrategyQA,commonsense_reasoning
Read the question and supporting facts carefully. Reason about the information and answer with Yes or No.,Can Cyril Ramaphosa become Secretary General of NATO?,Cyril Ramaphosa is the President of South Africa The Secretary General of NATO comes from one of NATO's member countries South Africa is not a member of NATO,No,StrategyQA,commonsense_reasoning
Read the question and supporting facts carefully. Reason about the information and answer with Yes or No.,Is Cantonese spoken in Japan?,Cantonese is a dialect of Chinese language used in southern China. There is no relation to the Japanese language.,No,StrategyQA,commonsense_reasoning
Read the question and supporting facts carefully. Reason about the information and answer with Yes or No.,Do pediatricians perform abortions?,Pediatricians specialize in the treatment of children and adolescents.  Training in abortions is not provided to pediatricians in their schooling.,No,StrategyQA,commonsense_reasoning
Read the question and supporting facts carefully. Reason about the information and answer with Yes or No.,Do you need to schedule separate preventive healthcare and sickness visits? ,Preventive healthcare options are typically covered at no charge by health insurance. Sick visits to the doctor are billed separately from preventive healthcare visits. Sick visits and preventive healthcare visits are generally given different time allotments. ,Yes,StrategyQA,commonsense_reasoning
Read the question and supporting facts carefully. Reason about the information and answer with Yes or No.,Do pirates care about vitamin C?,Scurvy is caused by a prolonged period of time without Vitamin C People spending long periods of time at sea without to vitamin C are at high risk for scurvy Pirates spend long periods of time at sea,Yes,StrategyQA,commonsense_reasoning
Read the question and supporting facts carefully. Reason about the information and answer with Yes or No.,Does selling a 2020 Chevrolet Corvette almost pay for a year at Columbia University?,"The price of a 2020 Chevrolet Corvette is $58,900. Columbia University cost $59,430 during the 2018-2019 school year.",Yes,StrategyQA,commonsense_reasoning
Read the question and supporting facts carefully. Reason about the information and answer with Yes or No.,Is Newspeak considered very straightforward?,"The vocabulary in Newspeak is extremely restricted. In Newspeak, the Ministry of Truth manufactures lies for the public to consume. In Newspeak, the Ministry of Plenty artificially creates scarcity. To be straightforward is to be uncomplicated and easy to understand.",No,StrategyQA,commonsense_reasoning
Read the question and supporting facts carefully. Reason about the information and answer with Yes or No.,Did the 23rd amendment give Puerto Ricans the right to vote for president?,"The 23rd Amendment to the Constitution gave residents of Washington D.C. the right to vote in presidential elections. Puerto Rico is an American territory, not a state, and does not have the right to vote for president. Puerto Rico is not Washington D.C.",No,StrategyQA,commonsense_reasoning
Read the question and supporting facts carefully. Reason about the information and answer with Yes or No.,Are hippos dangerous to humans?,"Hippos are large and have large teeth. If threatened, they aggressively defend themselves.",Yes,StrategyQA,commonsense_reasoning
Read the question and supporting facts carefully. Reason about the information and answer with Yes or No.,Was John Lennon known to be a good friend to Sasha Obama?,John Lennon died in 1980. Sasha Obama was born in 2001.,No,StrategyQA,commonsense_reasoning
Read the question and supporting facts carefully. Reason about the information and answer with Yes or No.,Would baker's dozen of side by side Mac Trucks jam up Golden Gate Bridge?,The width of the Golden Gate Bridge is 90 feet.  A baker's dozen includes 13 items. The width of a Mac truck is around 8 feet.,Yes,StrategyQA,commonsense_reasoning
Read the question and supporting facts carefully. Reason about the information and answer with Yes or No.,Is Bill Gates the wealthiest of the Baby Boomers?,"The Baby Boomers are the generation born between the years 1946-1964. Bill Gates was born on October 28, 1955 and has a net worth of 108 billion as of 2020. Jeff Bezos was born on January 12, 1964 and has a net worth of 160 billion as of 2020.",No,StrategyQA,commonsense_reasoning
Read the question and supporting facts carefully. Reason about the information and answer with Yes or No.,Can you give at least one word from the Torah to all residents of Bunkie Louisiana?,"Torah scrolls must be duplicated precisely by a trained scribe. The Torah has a total of 8,674 words. The population of Bunkie Louisiana is 3,939 people according to a 2018 census.",Yes,StrategyQA,commonsense_reasoning
Read the question and supporting facts carefully. Reason about the information and answer with Yes or No.,Did producer of Easy Rider ever star in a movie with Dean Cain's Princeton girlfriend?,Easy Rider was produced by Peter Fonda. Dean Cain dated Brooke Shields while at Princeton. Brooke Shields and Peter Fonda star in the movie Wanda Nevada.,Yes,StrategyQA,commonsense_reasoning
Read the question and supporting facts carefully. Reason about the information and answer with Yes or No.,Was Florence a Theocracy during Italian Renaissance?,"The Italian Renaissance was a period of history from the 13th century to 1600. A theocracy is a type of rule in which religious leaders have power. Friar Girolamo Savonarola was the ruler of Florence, after driving out the Medici family, from November 1494 – 23 May 1498.",Yes,StrategyQA,commonsense_reasoning
Read the question and supporting facts carefully. Reason about the information and answer with Yes or No.,Does the central processing unit usually have a dedicated fan?,"The CPU is the main chip on a computer's board, and generates a lot of heat. Computer manufacturers generally include a dedicated cooling system over the CPU in addition to the main board fans.",Yes,StrategyQA,commonsense_reasoning
Read the question and supporting facts carefully. Reason about the information and answer with Yes or No.,Are blue lips normal?,"Lips and skin turn blue in response to a lack of oxygen. When oxygen flow is inadequate, someone's health can be in danger. Lips can turn blue due to extreme cold.",No,StrategyQA,commonsense_reasoning
Read the question and supporting facts carefully. Reason about the information and answer with Yes or No.,Were paparazzi directly responsible for the death of Amy Winehouse?,Amy Winehouse died at home and was found in her home by her bodyguard. Amy Winehouse's cause of death was alcohol poisoning. ,No,StrategyQA,commonsense_reasoning
Read the question and supporting facts carefully. Reason about the information and answer with Yes or No.,Did Sartre write a play about Hell?,"In 1944, Sartre released No Exit. No Exit is a play about three people mysteriously locked in a room together. Late in the play, it is revealed the room is a version of Hell.",Yes,StrategyQA,commonsense_reasoning
Read the question and supporting facts carefully. Reason about the information and answer with Yes or No.,Does autopilot rely on fossil fuels?,Autopilot is used in vehicles. Vehicles are powered by engines. Engines rely on fossil fuels to operate.,Yes,StrategyQA,commonsense_reasoning
Read the question and supporting facts carefully. Reason about the information and answer with Yes or No.,Would a pescatarian be unable to eat anchovy pizza?,Pescatarians do not eat red meat or chicken but do eat fish. Pescatarians have no restrictions with eating cheese.,No,StrategyQA,commonsense_reasoning
Read the question and supporting facts carefully. Reason about the information and answer with Yes or No.,Did Ada Lovelace die tragically young for her era?,Ada Lovelace died at the age of 36 in 1852. The life expectancy in the 1800s was between 35 and 39 years old. Tuberculosis was one of the leading causes of death in the 1800s and a vaccine was not made until the 1900s.,No,StrategyQA,commonsense_reasoning
Read the question and supporting facts carefully. Reason about the information and answer with Yes or No.,Does 50 Cent get along with Jeffrey Atkins?,"Jeffrey Atkins is a rapper better known as Ja Rule. Ja Rule released the diss track ""Loose Change"" in April 2003, where he attacks 50 Cent. In 2018 50 cent responded to a Ja Rule diss by purchasing and vacating the first 4 rows of Ja Rule's concert.",No,StrategyQA,commonsense_reasoning
Read the question and supporting facts carefully. Reason about the information and answer with Yes or No.,Could Steven Spielberg send emails as a child?,Steven Spielberg was born in 1946. Email did not become available to the general public until 1995.,No,StrategyQA,commonsense_reasoning
Read the question and supporting facts carefully. Reason about the information and answer with Yes or No.,Are Scottish people Albidosi?,"The Scottish people emerged from an amalgamation of two Celtic-speaking peoples, the Picts and Gaels, who founded the Kingdom of Scotland. What the Picts called themselves is unknown. It has been proposed that they called themselves Albidosi. The Kingdom of Scotland is also known as the Kingdom of Alba.",Yes,StrategyQA,commonsense_reasoning
Read the question and supporting facts carefully. Reason about the information and answer with Yes or No.,Did polio medicine save the life of polio vaccine creator?,Jonas Salk developed the first polio vaccine. Jonas Salk died of a heart attack in 1995. Heart attacks are commonly treated with beta blockers.,No,StrategyQA,commonsense_reasoning
Read the question and supporting facts carefully. Reason about the information and answer with Yes or No.,Does a game engine have a fuel injector?,A game engine is the software used to develop video games  A fuel injector is part of an automotive engine,No,StrategyQA,commonsense_reasoning
Read the question and supporting facts carefully. Reason about the information and answer with Yes or No.,Has Kelly Clarkson outsold season 4 American Idol winner?,Carrie Underwood was the winner of the fourth season of American Idol. Carrie Underwood has sold a little over 65 million albums. Kelly Clarkson has sold a little over 25 million albums.,No,StrategyQA,commonsense_reasoning
Read the question and supporting facts carefully. Reason about the information and answer with Yes or No.,Did Richard Wagner compose the theme songs for two television series?,Richard Wagner died in 1883. Televisions started to be developed in the 1920s.,No,StrategyQA,commonsense_reasoning
Read the question and supporting facts carefully. Reason about the information and answer with Yes or No.,Is popular science used to peer review papers?,Popular science is a simplified version of scientific work. Peer review uses detailed scientific information to verify papers. ,No,StrategyQA,commonsense_reasoning
Read the question and supporting facts carefully. Reason about the information and answer with Yes or No.,Did villain that killed Superman murder Robin?,Superman was killed by the villain Doomsday in Superman #75. Robin is killed by The Joker in the Batman comics.,No,StrategyQA,commonsense_reasoning
Read the question and supporting facts carefully. Reason about the information and answer with Yes or No.,Could someone listen to the entire U2 debut studio album during an episode of Peppa Pig?,"U2's debut studio album was titled Boy. The album, Boy, is 42 minutes and 52 seconds long. An episode of Peppa Pig has a running time of approximately 5 minutes.",No,StrategyQA,commonsense_reasoning
Read the question and supporting facts carefully. Reason about the information and answer with Yes or No.,Was Amazon involved in the lunar landing?,The lunar landing occurred in 1969. Amazon was founded in 1994.,No,StrategyQA,commonsense_reasoning
Read the question and supporting facts carefully. Reason about the information and answer with Yes or No.,Is cycling a high-risk activity for pelvis fractures?,"Cycling is a low-impact activity  Stress fractures in a pelvic bone often develop as a result of repetitive, high-impact activity that puts stress on the pelvis, such as long-distance running or ballet",No,StrategyQA,commonsense_reasoning
Read the question and supporting facts carefully. Reason about the information and answer with Yes or No.,Would Dante Alighieri hypothetically place Rupert Murdoch in 8th Circle of Hell?,"Dante Alighieri was an Italian poet that wrote Inferno. Inferno depicts several layers of Hell. The 8th Circle of Hell is reserved for liars, bribers, flatterers, and false prophets. Rupert Murdoch was involved in a News International scandal in which police were bribed and phones were hacked. Rupert Murdoch refused to take any responsibility for the actions of his employees in the News International scandal.",Yes,StrategyQA,commonsense_reasoning
Read the question and supporting facts carefully. Reason about the information and answer with Yes or No.,Would a loudspeaker be useful for most Gallaudet students?,Gallaudet is a school for the deaf in the USA. Most deaf students would not be able to accurately use or rely on information conveyed via loudspeaker.,No,StrategyQA,commonsense_reasoning
Read the question and supporting facts carefully. Reason about the information and answer with Yes or No.,Are both founders of Ben & Jerry's still involved in the company?,Ben & Jerry's was founded by Ben Cohen and Jerry Greenfield. The founders sold the company to Unilever in 2000.,No,StrategyQA,commonsense_reasoning
Read the question and supporting facts carefully. Reason about the information and answer with Yes or No.,Are parodies of the President of the United States illegal?,Parody in the US is protected under fair use in regards to copyright. Criticism of political leaders is protected under the 1st Amendment.,No,StrategyQA,commonsense_reasoning
Read the question and supporting facts carefully. Reason about the information and answer with Yes or No.,Are pennies commonly used in Canada?,Canada used pennies historically as one cent coins. Canada stopped minting pennies in 2012. ,No,StrategyQA,commonsense_reasoning
Read the question and supporting facts carefully. Reason about the information and answer with Yes or No.,Are there special traffic laws associated with funerals?,Many funerals have a religious ceremony held in a chapel separate from the cemetery. The corpse and all the attendees have to move from the memorial site to the cemetery. Everyone at the funeral lines up their cars into a procession and follow special rules as they drive to keep the line assembled in transport.,Yes,StrategyQA,commonsense_reasoning
Read the question and supporting facts carefully. Reason about the information and answer with Yes or No.,Would students at Marist have to petition to get a rowing team?,Marist is located along the Hudson River. Marist college has rowing teams for both men and women.,No,StrategyQA,commonsense_reasoning
Read the question and supporting facts carefully. Reason about the information and answer with Yes or No.,Is there a warthog on Broadway?,Disney's The Lion King is a popular Broadway musical. One of the characters is named Pumbaa. Pumbaa is a warthog.,Yes,StrategyQA,commonsense_reasoning
Read the question and supporting facts carefully. Reason about the information and answer with Yes or No.,Is Mark Cuban able to visit Northern Mariana Islands without a passport?,Citizens of the United States can visit Northern Mariana Islands without a passport. Mark Cuban is an American citizen.,Yes,StrategyQA,commonsense_reasoning
Read the question and supporting facts carefully. Reason about the information and answer with Yes or No.,Would you have to wear a coat when on Phobos?,A coat is a garment used to keep a person warm. The surface temperatures on Phobos range from about −4 °C (25 °F) on the sunlit side to −112 °C (−170 °F) on the shadowed side.,Yes,StrategyQA,commonsense_reasoning
Read the question and supporting facts carefully. Reason about the information and answer with Yes or No.,Is it normal to blow out candles during a funeral?,"Blowing out candles is typically done during a birthday celebration, prior to eating the birthday cake. Funerals are typically very somber events in which cake is not served.",No,StrategyQA,commonsense_reasoning
Read the question and supporting facts carefully. Reason about the information and answer with Yes or No.,Would King Leonidas have succeeded with an army the size of Mozart's compositions?,"King Leonidas led 300 Spartans and 700 Thespians against the Persian army at the Battle of Thermopylae. The Persian army had around 150,000 soldiers at the Battle of Thermopylae. Mozart composed 600 works.",No,StrategyQA,commonsense_reasoning
Read the question and supporting facts carefully. Reason about the information and answer with Yes or No.,Do oak trees have leaves during winter?,"Oak trees are deciduous. Deciduous trees lose their leaves during autumn, and they grow back during spring. Winter is between autumn and spring.",No,StrategyQA,commonsense_reasoning
Read the question and supporting facts carefully. Reason about the information and answer with Yes or No.,Would Communist Party of the Soviet Union hypothetically support Trickle Down Economics?,"The Communist Party of the Soviet Union believed in the main aspects of Communism. Communism believes that no private ownership of property should be allowed.  Trickle Down Economics, popularized by Ronald Reagan, involved rich businesses getting tax breaks so they could supposedly pass the wealth to the poor. Trickle Down Economics required rich business owners to have control over the means of production and property.",No,StrategyQA,commonsense_reasoning
Read the question and supporting facts carefully. Reason about the information and answer with Yes or No.,Does Pantheon in Paris have a unique name?,"The Pantheon in Paris is a historical monument. The Pantheon was a former Roman temple in antiquity. The Pantheon is a mythical or imaginary creature used in heraldry, particularly in Britain often depicted as white deer with the tail of a fox with purple stars along their back.",No,StrategyQA,commonsense_reasoning
Read the question and supporting facts carefully. Reason about the information and answer with Yes or No.,Can oysters be used in guitar manufacturing?,"Oysters produce nacre Nacre is also known as mother of pearl Mother of pearl is commonly used as an inlay on guitar fretboards, headstocks, and soundboards",Yes,StrategyQA,commonsense_reasoning
Read the question and supporting facts carefully. Reason about the information and answer with Yes or No.,Could the Spice Girls compete against ŽRK Kumanovo?,The Spice Girls had 5 members. ŽRK Kumanovo is a women's handball club from Kumanovo in the Republic of Macedonia. Handball is a sport played by two teams of seven players each.,No,StrategyQA,commonsense_reasoning
Read the question and supporting facts carefully. Reason about the information and answer with Yes or No.,"Is an inappropriate lullaby Love Song from November 11, 2000?","Lullabies are often simple and repetitive. Lullabies are used to soothe young children, usually to go to sleep. Love Song was a song released by Marilyn Manson on his November 11, 2000 record. Marilyn Manson is a heavy metal band. The lyrics to Love Song has curse words and scary imagery.",Yes,StrategyQA,commonsense_reasoning
Read the question and supporting facts carefully. Reason about the information and answer with Yes or No.,Is Steve Martin someone who would refuse a dish of shrimp pasta?,Steve Martin is allergic to shellfish. Shrimp are one of the many types of shellfish.,Yes,StrategyQA,commonsense_reasoning
Read the question and supporting facts carefully. Reason about the information and answer with Yes or No.,Can you avoid internet trolls on reddit?,Internet Trolls flock to any popular platform on the internet. Reddit is the 19th most popular website online.,No,StrategyQA,commonsense_reasoning
Read the question and supporting facts carefully. Reason about the information and answer with Yes or No.,Would an average American Public University be welcoming to Ku Klux Klan members?,"American Universities are known for being liberal in their demographics. Groups like the Ku Klux Klan are condemned by liberal groups, as they advocate for human equality.",No,StrategyQA,commonsense_reasoning
Read the question and supporting facts carefully. Reason about the information and answer with Yes or No.,Did Alan Rickman have an improperly functioning organ?,"Alan Rickman died of pancreatic cancer on 14 January 2016 at age 69. Pancreatic cancer arises when cells in the pancreas, a glandular organ behind the stomach, begin to multiply out of control and form a mass.",Yes,StrategyQA,commonsense_reasoning
Read the question and supporting facts carefully. Reason about the information and answer with Yes or No.,Would Felicity Huffman vote for Mike DeWine?,Mike DeWine is Governor of Ohio Felicity Huffman is a resident of California,No,StrategyQA,commonsense_reasoning
Read the question and supporting facts carefully. Reason about the information and answer with Yes or No.,Could a giant squid fit aboard the deck of the titanic?,Decks on the Titanic were as long as 500ft. Giant Squid grow to be around 59ft in length.,Yes,StrategyQA,commonsense_reasoning
Read the question and supporting facts carefully. Reason about the information and answer with Yes or No.,Can ham make a cut seal up quicker?,Salt helps cleanse the skin by displacing bacteria in a cut. 1 Cup of ham contains 1.684 mg of sodium. Salt is a mineral made up mostly of sodium chloride.,Yes,StrategyQA,commonsense_reasoning
Read the question and supporting facts carefully. Reason about the information and answer with Yes or No.,Is the bull shark more bull than shark?,The bull shark is a fish species that lives in warm shallow waters along coasts and rivers. Bull sharks feed on bony fish and other smaller sharks. A bull is an adult male mammal that lives on land. Bulls feed on plants located on land.,No,StrategyQA,commonsense_reasoning
Read the question and supporting facts carefully. Reason about the information and answer with Yes or No.,Are some chiropractic manipulations dangerous?,Manipulations of the neck can lead to complications such as stroke or paralysis. Manipulation of the lower back can lead to herniated disks.,Yes,StrategyQA,commonsense_reasoning
Read the question and supporting facts carefully. Reason about the information and answer with Yes or No.,Would Cuba Libre consumption help with insomnia?,"Cuba Libre is a highball cocktail consisting of cola, rum, and in many recipes lime juice on ice. Traditionally, the cola ingredient is Coca-Cola (""Coke""), and the alcohol is a light rum such as Bacardi.  Coca-Cola typically contains caffeine. Caffeine consumption often promotes insomnia.",No,StrategyQA,commonsense_reasoning
Read the question and supporting facts carefully. Reason about the information and answer with Yes or No.,Has Drew Carey outshined Doug Davidson's tenure?,Drew Carey has been the host of the Price is Right for over 13 years. Doug Davidson hosted the Price is Right from 1994-1995.,Yes,StrategyQA,commonsense_reasoning
Read the question and supporting facts carefully. Reason about the information and answer with Yes or No.,Could Arnold Schwarzenegger hypothetically defeat Hafþór Björnsson in a powerlifting competition if both are at their peak strength?,"A powerlifting competition is won by the person who lifts the most combined weight across the squat, deadlift, and bench press. Arnold Schwarzenegger's powerlifting personal records are a 545 lb squat, 520 lb bench press, and a 710 lb deadlift. Hafþór Björnsson's powerlifting personal records in competition are a 970 lb squat, 551 lb bench press, and a 904 lb deadlift.",No,StrategyQA,commonsense_reasoning
Read the question and supporting facts carefully. Reason about the information and answer with Yes or No.,Does the human stomach destroy a bee if ingested?,"Bees have an outer protective exoskeleton made of chitin, a polymer of glucose. The human stomach releases harsh acids that break down materials. The human stomach breaks down glucose in about 33 hours.",Yes,StrategyQA,commonsense_reasoning
Read the question and supporting facts carefully. Reason about the information and answer with Yes or No.,Is dysphoria around one's pelvis treatable without surgery?,"For individuals experiencing dysphoria around having a vagina, packers can relieve symptoms. For people experiencing dysphoria about having a penis, there are tucking underwear and comfort gaffs available.",Yes,StrategyQA,commonsense_reasoning
Read the question and supporting facts carefully. Reason about the information and answer with Yes or No.,Can a lemon aggravate dyspepsia?,"Dyspepsia is a condition where the stomach is irritated. Lemons are highly acidic fruits. Common stomach irritants include alcohol, coffee, and acidic foods.",Yes,StrategyQA,commonsense_reasoning
Read the question and supporting facts carefully. Reason about the information and answer with Yes or No.,Does Olympia Washington share name with Hephaestus's workshop location?,"Olympia Washington, is named after Mount Olympus. Mount Olympus is a mountain range in Washington named after the ancient Greek Mount Olympus. Hephaestus was the ancient Greek god of the forge and had a workshop on Mount Olympus.",Yes,StrategyQA,commonsense_reasoning
Read the question and supporting facts carefully. Reason about the information and answer with Yes or No.,Is strep throat harmless to singer Rita Ora after her 2020 tonsilitis surgery?,Tonsilitis is an inflammation of the tonsils. Singer Rita Ora had her tonsils removed in February of 2020 due to tonsilitis. Strep throat can still grow in the throat of people without tonsils.,No,StrategyQA,commonsense_reasoning
Read the question and supporting facts carefully. Reason about the information and answer with Yes or No.,Can Centurylink max internet plan upload 1000GB in a fortnight?,"A fortnight refers to a period of two weeks. Centurylink's max internet plan speed is 1,000MB per second. 1000GB takes 2.5 hours to upload for every 1000MB speed.",Yes,StrategyQA,commonsense_reasoning
Read the question and supporting facts carefully. Reason about the information and answer with Yes or No.,Would Hannah Nixon be proud of Richard Nixon following the Watergate scandal?,Hannah Nixon was the mother of Richard Nixon. Richard Nixon resigned due to the unethical actions that he committed during the Watergate scandal. Parents are typically not proud of their children when they act immorally or unethically.,No,StrategyQA,commonsense_reasoning
Read the question and supporting facts carefully. Reason about the information and answer with Yes or No.,Would a diet of ice eventually kill a person?,"Humans can survive without water for four days. Ice can be melted into water, which consists of hydrogen and oxygen, using a simple cigarette lighter. Humans can survive without food for 30 to 40 days on average. Humans need carbohydrates, proteins, and fats that are contained in foods. Water does not contain fat, carbohydrates or protein.",Yes,StrategyQA,commonsense_reasoning
Read the question and supporting facts carefully. Reason about the information and answer with Yes or No.,Is a cory catfish likely to eat another living fish?,"The cory catfish is a fish that is described as a bottom feeder. The cory catfish feeds on food located at the bottom of an ocean. Fish cannot live too deep in oceans for very long because of the intense water pressure. The bottom of oceans is populated by algae, coral, and microorganisms.",No,StrategyQA,commonsense_reasoning
Read the question and supporting facts carefully. Reason about the information and answer with Yes or No.,Does a sea otter eat spiders?,Sea otters prey mostly on marine invertebrates and other aquatic creatures. Spiders are not aquatic creatures and they reside on land.,No,StrategyQA,commonsense_reasoning
Read the question and supporting facts carefully. Reason about the information and answer with Yes or No.,Are you likely to hear Rammstein playing in smooth jazz clubs?,Smooth jazz is a combination of jazz with easy-listening pop music and lightweight R&B. Smooth jazz began in the United States in the 1970s. Rammstein is a German band that plays heavy metal music.,No,StrategyQA,commonsense_reasoning
Read the question and supporting facts carefully. Reason about the information and answer with Yes or No.,Did breakdancing grow in popularity during WW2?,Breakdancing was created by the African American youth in the early 1970s. World War II was a global war that lasted from 1939 to 1945.,No,StrategyQA,commonsense_reasoning
Read the question and supporting facts carefully. Reason about the information and answer with Yes or No.,Do Squidward Tentacles and Alan Greenspan have different musical passions?,Squidward Tentacles plays the clarinet. Alan Greenspan played clarinet and saxophone along with Stan Getz. Alan Greenspan studied clarinet at the Juilliard School from 1943 to 1944.,No,StrategyQA,commonsense_reasoning
Read the question and supporting facts carefully. Reason about the information and answer with Yes or No.,Are vinegar pickled cucumbers rich in lactobacillus?,Pickles made with vinegar are not probiotic and are simply preserved. Pickles made through a soak in a salt brine solution begin to ferment because of lactobacillus. ,No,StrategyQA,commonsense_reasoning
Read the question and supporting facts carefully. Reason about the information and answer with Yes or No.,"Would moon cakes be easy to find in Chinatown, Manhattan?",Moon cakes are a Chinese traditional desert. Chinatown offers many 'tastes of home' to Chinese locals and travelers. ,Yes,StrategyQA,commonsense_reasoning
Read the question and supporting facts carefully. Reason about the information and answer with Yes or No.,Would a physician be unlikely to recommend Reiki?,"Physicians typically only recommend treatments that have a significant amount of clinical evidence behind them. Reiki has no clinical evidence of effectiveness, and there is no scientific basis for its utility.",Yes,StrategyQA,commonsense_reasoning
Read the question and supporting facts carefully. Reason about the information and answer with Yes or No.,Has Aretha Franklin ever collaborated with a suicidal person?,"Donny Hathaway was a singer and session musician that worked with Staple Singers, Jerry Butler, Aretha Franklin, the Impressions  and Curtis Mayfield. Donny Hathaway jumped from his 15th floor room and his death was ruled a suicide.",Yes,StrategyQA,commonsense_reasoning
Read the question and supporting facts carefully. Reason about the information and answer with Yes or No.,Is Statue of Unity hypothetically more level with Statue of Liberty than Lighthouse of Alexandria?,The Statue of Liberty rises 305 feet into the air. The Statue of Unity is 597 feet high. The Lighthouse of Alexandria was between 338 and 387 feet tall.,No,StrategyQA,commonsense_reasoning
Read the question and supporting facts carefully. Reason about the information and answer with Yes or No.,Are there Pink music videos that are triggering for eating disorder patients?,The video for 'Stupid Girls' features a scene where Pink and a woman share a toothbrush to induce vomiting in the bathroom. Images or discussion of purging activity can be triggering for people with Eating Disorders.,Yes,StrategyQA,commonsense_reasoning
Read the question and supporting facts carefully. Reason about the information and answer with Yes or No.,Does someone from Japan need a passport to go to a Nordic country?,"The Nordic Passport Union allows citizens of the Nordic countries: Denmark (Faroe Islands included since 1 January 1966, Greenland not included), Sweden, Norway (Svalbard, Bouvet Island and Queen Maud Land not included), Finland and Iceland (since 24 September 1965) to cross approved border districts without carrying and having their passport checked. Japan is not one of the approved countries.",Yes,StrategyQA,commonsense_reasoning
Read the question and supporting facts carefully. Reason about the information and answer with Yes or No.,Do hamsters provide food for any animals?,Hamsters are prey animals. Prey animals provide food for predators. ,Yes,StrategyQA,commonsense_reasoning
Read the question and supporting facts carefully. Reason about the information and answer with Yes or No.,Do solo pianists require a conductor?,Conductors direct a group of musicians by ensuring they all keep the same beat and place in the music. A solo pianist performing alone can keep their own pace.,No,StrategyQA,commonsense_reasoning
Read the question and supporting facts carefully. Reason about the information and answer with Yes or No.,Should someone prone to jealousy be in a polyamorous relationship?,"Polyamorous people are those who seek to have an intimate relationship with more than one partner. In relationships, untreated jealousy typically leads to a breakup.",No,StrategyQA,commonsense_reasoning
Read the question and supporting facts carefully. Reason about the information and answer with Yes or No.,Did the Cherokee people send a delegation to oppose allotment?,"The Four Mothers Society or Four Mothers Nation is a religious, political, and traditionalist organization of Muscogee Creek, Cherokee, Choctaw and Chickasaw people. The Four Mothers Society sent a delegation to Congress in 1906 to oppose the Curtis Act and the Dawes Act. With the passage of the Curtis Act in 1898 and Dawes Act, allotment became US policy and the various tribal governments were forced to allot land.",Yes,StrategyQA,commonsense_reasoning
Read the question and supporting facts carefully. Reason about the information and answer with Yes or No.,Are there multiple Disney Zorro?,"Zorro is a man who is a famous fictional Spanish hero and crime fighter featured in a novel. Disney produced a 1957 TV show featuring Zorro the spanish crime fighter.  Zorro is spanish for ""fox"". ""El Zorro y El Sabueso"" is the spanish title for Disney's animated movie called ""The Fox and The Hound"".",Yes,StrategyQA,commonsense_reasoning
Read the question and supporting facts carefully. Reason about the information and answer with Yes or No.,Hydrogen's atomic number squared exceeds number of Spice Girls?,"Hydrogen is the first element and has an atomic number of one. To square a number, you multiply it by itself. The Spice Girls has five members.",No,StrategyQA,commonsense_reasoning
Read the question and supporting facts carefully. Reason about the information and answer with Yes or No.,Can a cell fit inside of a shoebox?,The average shoebox is around 14 inches by 10 inches by 5 inches The average eukaryotic cell is between 1 and 100 micrometers in diameter,Yes,StrategyQA,commonsense_reasoning
Read the question and supporting facts carefully. Reason about the information and answer with Yes or No.,Are fossil fuels reducing jobs in the Gulf of Mexico?,An oil spill is still polluting the Gulf of Mexico Workers such as fishermen are out of work due to pollution,Yes,StrategyQA,commonsense_reasoning
Read the question and supporting facts carefully. Reason about the information and answer with Yes or No.,Was Mother Theresa a follower of atheism?,"Mother Theresa was a Catholic nun. Atheism is the absence of belief in a diety. Catholics believe in the Holy Trinity, which is a representation of God.",No,StrategyQA,commonsense_reasoning
Read the question and supporting facts carefully. Reason about the information and answer with Yes or No.,Can Kate Gosselin's household fill out a Bandy team?,The game of Bandy includes 11 players on each team. Reality star Kate Gosselin has eight children.,No,StrategyQA,commonsense_reasoning
Read the question and supporting facts carefully. Reason about the information and answer with Yes or No.,Would a model be appropriate to star in a LA Femme Nikita remake?,La Femme Nikita is a French movie about a beautiful female assassin. Models are known for their beauty and height. Peta Wilson and Maggie Q have played the lead role in La Femme Nikita spinoffs. Peta Wilson and Maggie Q have both done extensive modeling work.,Yes,StrategyQA,commonsense_reasoning
Read the question and supporting facts carefully. Reason about the information and answer with Yes or No.,Did Johann Sebastian Bach leave his first wife for his second wife?,Johann Sebastian Bach was married to Maria Barbara Bach from 1707–1720. Johann Sebastian Bach was married to Anna Magdalena Bach from 1721–1750. Maria Barbara Bach died suddenly in 1720.,No,StrategyQA,commonsense_reasoning
Read the question and supporting facts carefully. Reason about the information and answer with Yes or No.,Can a jet plane be made without society?,A jet plane requires many materials to build. A jet plane requires much prior knowledge to build. The specialized knowledge and materials is not obtainable without other people.,No,StrategyQA,commonsense_reasoning
Read the question and supporting facts carefully. Reason about the information and answer with Yes or No.,Do all crustaceans live in the ocean?,The woodlice family of crustaceans is terrestrial. There are also many crustacean species living in fresh water rivers and lakes.,No,StrategyQA,commonsense_reasoning
Read the question and supporting facts carefully. Reason about the information and answer with Yes or No.,Is it dark is Basel during the day in Los Angeles?,Basel is located in the CEST time zone. Los Angeles is located in the PDT time zone.,Yes,StrategyQA,commonsense_reasoning
Read the question and supporting facts carefully. Reason about the information and answer with Yes or No.,Would you be likely to see storks at a baby shower?,Storks are a symbol of the arrival of a new baby. Baby showers are parties held to celebrate a woman who will soon give birth.,Yes,StrategyQA,commonsense_reasoning
Read the question and supporting facts carefully. Reason about the information and answer with Yes or No.,Can you find a snow leopard in the Yucatan?,Snow leopards are native to mountain ranges in Central and South Asia The Yucatan is a peninsula in Mexico Mexico is located in North America,No,StrategyQA,commonsense_reasoning
Read the question and supporting facts carefully. Reason about the information and answer with Yes or No.,Are two cans of Campbell's Soup a day good for hypertension?,Hypertension is a medical condition in which the blood pressure is high. Salt increases blood pressure. Campbell's Soup has an average of 1400 to 1800 mg of sodium (salt). The FDA states that sodium intake per day should not exceed 2300 mg.,No,StrategyQA,commonsense_reasoning
Read the question and supporting facts carefully. Reason about the information and answer with Yes or No.,If someone loves buffalo wings do they enjoy capsaicin?,Buffalo wings are fried chicken wings covered in a spicy sauce. Spicy foods are provided their spice from capsaicin from peppers.,Yes,StrategyQA,commonsense_reasoning
Read the question and supporting facts carefully. Reason about the information and answer with Yes or No.,Are the knights in the Medieval Times show not authentic knights?,"The Medieval Times show is popular in the United States. The United States does not actually bestow knighthood on its citizens. Authentic knights are citizens of certain countries, mainly the United Kingdom, who are given the honorary title by their country.",Yes,StrategyQA,commonsense_reasoning
Read the question and supporting facts carefully. Reason about the information and answer with Yes or No.,Would Carmine's kitchen staff be panicked if they had no olive oil?,Carmine's is an Italian restaurant. Olive oil is a large component of a lot of Italian cooking.,Yes,StrategyQA,commonsense_reasoning
Read the question and supporting facts carefully. Reason about the information and answer with Yes or No.,Would East India Company prefer China's modern trade?,China accounts for 4.6 trillion or 12.4% of global trade. The East India Company took part in half of the world's trade from the 16th to 19th century.,No,StrategyQA,commonsense_reasoning
Read the question and supporting facts carefully. Reason about the information and answer with Yes or No.,Do you need different colored pens for sudoku?,Sudoku is played both online and offline. Sudoku has no color component in the game.,No,StrategyQA,commonsense_reasoning
Read the question and supporting facts carefully. Reason about the information and answer with Yes or No.,Could someone in the Canary Islands fish for largemouth bass?,The Canary Islands are located in the Atlantic Ocean The Atlantic Ocean is a body of salt water Largemouth bass live in fresh water,No,StrategyQA,commonsense_reasoning
Read the question and supporting facts carefully. Reason about the information and answer with Yes or No.,Are anchovies associated with Italian food?,Pizza is an Italian food. Anchovies are occasionally used as a pizza topping.,Yes,StrategyQA,commonsense_reasoning
Read the question and supporting facts carefully. Reason about the information and answer with Yes or No.,Can you hide a basketball in a sand cat's ear?,The diameter of a standard NBA basketball is around 9.5 inches A sand cat's ear grows to 2.8 inches tall,No,StrategyQA,commonsense_reasoning
Read the question and supporting facts carefully. Reason about the information and answer with Yes or No.,Can paratroopers be used in a vacuum?,Paratroopers use parachutes to glide Parachutes function by creating drag in an atmosphere There is no atmosphere in a vacuum,No,StrategyQA,commonsense_reasoning
Read the question and supporting facts carefully. Reason about the information and answer with Yes or No.,Is Central Park Zoo located on an island?,Central Park Zoo is located in Manhattan. Manhattan is an island.,Yes,StrategyQA,commonsense_reasoning
Read the question and supporting facts carefully. Reason about the information and answer with Yes or No.,Are grapes essential to winemaking?,Winemaking involves a process known as fermentation where energy is extracted from carbohydrates. A cup of cherries has about 19 grams of carbohydrates. Cherry wine does not contain any grapes.,No,StrategyQA,commonsense_reasoning
Read the question and supporting facts carefully. Reason about the information and answer with Yes or No.,Do most college students own a fax machine?,"College students typically must submit assignments via email, web portal, or on paper. Most colleges have on-campus fax machines available for student use.",No,StrategyQA,commonsense_reasoning
Read the question and supporting facts carefully. Reason about the information and answer with Yes or No.,Did Teri Hatcher last twice as many episodes on Desperate Housewives as her Superman show?,Actress Teri Hatcher completed a total of 180 episodes of Desperate Housewives. Teri Hatcher starred in Lois & Clark: The New Adventures of Superman based on the Superman comic. Teri Hatcher was in 87 episodes of Lois & Clark: The New Adventures of Superman.,Yes,StrategyQA,commonsense_reasoning
Read the question and supporting facts carefully. Reason about the information and answer with Yes or No.,Would Jackie Chan have trouble communicating with a deaf person?,"Jackie Chan speaks Cantonese, Mandarin, English, and American Sign Language. American Sign Language (ASL) is a natural language that serves as the predominant sign language of Deaf communities in the United States and most of Anglophone Canada.",No,StrategyQA,commonsense_reasoning
Read the question and supporting facts carefully. Reason about the information and answer with Yes or No.,Is it normal for people to sing when the YMCA is mentioned?,"The YMCA was written about in a widely popular song by ""The Village People"" The Village People's song ""YMCA"" had an easy to do and very popular dance routine that went with it.  The song ""YMCA"" is extremely well known.",Yes,StrategyQA,commonsense_reasoning
Read the question and supporting facts carefully. Reason about the information and answer with Yes or No.,Will speed reader devour The Great Gatsby before the Raven?,F. Scott Fitzgerald's The Great Gatsby is 218 pages. Edgar Allan Poe's The Raven is 42 pages.,No,StrategyQA,commonsense_reasoning
Read the question and supporting facts carefully. Reason about the information and answer with Yes or No.,Can an art dealer buy Boeing 737-800 with a Da Vinci painting?,"The Boeing 737-800 plane costs 106 million dollars in 2019. Salvator Mundi, a painting attributed to Leonardo Da Vinci, is the most expensive painting ever sold. Salvator Mundi sold for over 450 million dollars.",Yes,StrategyQA,commonsense_reasoning
Read the question and supporting facts carefully. Reason about the information and answer with Yes or No.,Did Julio Gonzalez like acetylene?,Julio Gonzalez was an artist who welded metal to create sculptures Welding is achieved by using a blowtorch on metal Blowtorches use acetylene as fuel,Yes,StrategyQA,commonsense_reasoning
Read the question and supporting facts carefully. Reason about the information and answer with Yes or No.,Would  bald eagle deliver an urgent message before B-52?,A bald eagle can travel up to 99 MPH. The B-52 is a US air bomber that can travel up to 650 MPH.,No,StrategyQA,commonsense_reasoning
Read the question and supporting facts carefully. Reason about the information and answer with Yes or No.,Can a copy of The Daily Mirror sustain a campfire?,The Daily Mirror is a British tabloid made of paper. Kindling helps sustain a fire because easily combustible help a fire keep igniting. Paper is capable of igniting and burning easily.,Yes,StrategyQA,commonsense_reasoning
Read the question and supporting facts carefully. Reason about the information and answer with Yes or No.,Do most people only memorize slightly over half of their ZIP code?,ZIP codes in the US are 9 digits in length.  Most forms in the US only require and have space for the first 5 digits of a ZIP code?,Yes,StrategyQA,commonsense_reasoning
Read the question and supporting facts carefully. Reason about the information and answer with Yes or No.,Would a triples tandem bike support Apollo 15 crew?,A tandem bike has seats for more than one rider. A triples tandem bike has three seats and can support three riders. The crew of Apollo 15 consisted of three people.,Yes,StrategyQA,commonsense_reasoning
Read the question and supporting facts carefully. Reason about the information and answer with Yes or No.,Can Curiosity (rover) kill a cat?,"Cats weigh on average between 7 to 10 pounds. Curiosity (rover), a space vehicle that explores Mars, weighs 1,982 pounds. As mass falls, it picks up acceleration and adds to the force of impact.",Yes,StrategyQA,commonsense_reasoning
Read the question and supporting facts carefully. Reason about the information and answer with Yes or No.,Has Alan Greenspan lived through at least a baker's dozen of president's?,A baker's dozen refers to the number 13. Alan Greenspan was born in 1926 and turned 94 years old in March of 2020. There have been 16 different president's from 1926-2020.,Yes,StrategyQA,commonsense_reasoning
Read the question and supporting facts carefully. Reason about the information and answer with Yes or No.,Would someone typically confuse a sweet potato with a pineapple?,"Sweet potatoes have a smooth skin and are orange in color. Pineapples have a short, stocky stem with tough, waxy leaves and the fruit is yellow in color.",No,StrategyQA,commonsense_reasoning
Read the question and supporting facts carefully. Reason about the information and answer with Yes or No.,Does the history of Europe include the age of dinosaurs?,"Dinosaurs went extinct many millions of years ago. In contrast, ancient humans only started recording history several thousand years ago.",No,StrategyQA,commonsense_reasoning
Read the question and supporting facts carefully. Reason about the information and answer with Yes or No.,Can Ford F-350 tow entire Yale University student body?,"The Yale University student body consists of 12,385 people according to a 2015 poll. The average US male weighs 195 pounds. The average US female weighs 168 pounds. The maximum towing capacity of the Ford F-350 is 15,000 pounds.",No,StrategyQA,commonsense_reasoning
Read the question and supporting facts carefully. Reason about the information and answer with Yes or No.,Can you purchase General Motors products at a movie theater?,"General Motors sells automobiles, automobile parts, and financial services Movie theaters sell movie tickets, snacks, and beverages",No,StrategyQA,commonsense_reasoning
Read the question and supporting facts carefully. Reason about the information and answer with Yes or No.,Would Rime of the Ancient Mariner make a good sonnet?,A sonnet is a form of poetry that sticks to a strict 14 line rule. The Rime of the Ancient Mariner is a story by Samuel Taylor Coleridge and contains over thirty lines.,No,StrategyQA,commonsense_reasoning
Read the question and supporting facts carefully. Reason about the information and answer with Yes or No.,Did Terry Pratchett write about quantum mechanics?,"“What're quantum mechanics?""  ""I don't know. People who repair quantums, I suppose.” ""Granny Weatherwax wouldn’t know what a pattern of quantum inevitability was if she found it eating her dinner. If you mentioned the words ‘paradigm of space-time’ to her she’d just say ‘What?’ But that didn’t mean she was ignorant. It just meant that she didn’t have truck with words, especially gibberish.""",Yes,StrategyQA,commonsense_reasoning
Read the question and supporting facts carefully. Reason about the information and answer with Yes or No.,Did Elizabeth I of England own any viscose fiber?,Viscose is a rayon fiber invented in 1892. Elizabeth I of England died in the 1600s.,No,StrategyQA,commonsense_reasoning
Read the question and supporting facts carefully. Reason about the information and answer with Yes or No.,Would it be unusual to find a yellow perch in the Red Sea?,The Red Sea is one of the saltiest bodies of water in the world. The yellow perch is a freshwater perciform fish native to much of North America.,Yes,StrategyQA,commonsense_reasoning
Read the question and supporting facts carefully. Reason about the information and answer with Yes or No.,Does ontology require a scalpel?,"A scalpel is used during surgery. Ontology is a philosophical domain, not a medical one.",No,StrategyQA,commonsense_reasoning
Read the question and supporting facts carefully. Reason about the information and answer with Yes or No.,Is Rosemary outclassed as plant found in most song titles?,"Rosemary appears in a few popular song titles such as Love Grows (Where My Rosemary Goes) and Randy Newman's Rosemary. Rose appears in many song titles including: Kiss From a Rose, The Rose, Desert Rose, Beauty of the Rose, and I Never Promised You a Rose Garden.",Yes,StrategyQA,commonsense_reasoning
Read the question and supporting facts carefully. Reason about the information and answer with Yes or No.,Is there a Marvel villain with the same name as a kind of citrus fruit?,Mandarins are a type of orange popular in Asian cuisine. The Mandarin is also the name of a villain associated with Iron Man in the Marvel universe.,Yes,StrategyQA,commonsense_reasoning
Read the question and supporting facts carefully. Reason about the information and answer with Yes or No.,Did Benito Mussolini wear bigger shoes than Hafþór Björnsson?,"Benito Mussolini was 5' 6​1⁄2"" tall. Hafþór Björnsson is 6 feet 9 inches tall. Shoe size increases proportionally as height increases.",No,StrategyQA,commonsense_reasoning
Read the question and supporting facts carefully. Reason about the information and answer with Yes or No.,Do some religions look forward to armageddon?,"Evangelicals cite that we are living in the beginning of Armageddon and that the rapture will happen soon as a good thing. Jehova's Witnesses believe that destroying the present world system and Armageddon is imminent, and that the establishment of God's kingdom over the earth is the only solution for all problems faced by humanity",Yes,StrategyQA,commonsense_reasoning
Read the question and supporting facts carefully. Reason about the information and answer with Yes or No.,Could common warthog be useful for scrimshaw?,"Scrimshaw is the process of carving designs or symbols into materials such as ivory, whalebone, and tusks. The common warthog has two sets of long tusks. The common warthog has large teeth that are harnessed for ivory. The common warthog is not an endangered species.",Yes,StrategyQA,commonsense_reasoning
Read the question and supporting facts carefully. Reason about the information and answer with Yes or No.,Was a person sold a Creative Commons License for Boticelli's The Birth of Venus ripped off?,A Creative Commons license allows for the free distribution of an otherwise copyrighted piece of work. Works that are deemed in the public domain do not require a copyright or permission to use. Any work created before 1923 is in the public domain. Sandro Boticelli's The Birth of Venus painting was from 1486.,Yes,StrategyQA,commonsense_reasoning
Read the question and supporting facts carefully. Reason about the information and answer with Yes or No.,Does Alec Baldwin have more children than Clint Eastwood?,Alec Baldwin has 5 children as of 2020. Actor Clint Eastwood has 7 children as of 2020.,No,StrategyQA,commonsense_reasoning
Read the question and supporting facts carefully. Reason about the information and answer with Yes or No.,Are the founders of Skype from Asia?,"Skype was created by the Niklas Zennström and the Dane Janus Friis. Niklas Zennström and Dane Janus Friis are from Sweden. Sweden is located in Europe, not Asia. ",No,StrategyQA,commonsense_reasoning
Read the question and supporting facts carefully. Reason about the information and answer with Yes or No.,Are implants from an ORIF surgery affected by the magnetic field of the Earth?,"An ORIF surgery is an Open Reduction Internal Fixation, done to fix broken bones. Most hardware from ORIF surgeries is made of titanium. Titanium is only slightly magnetic and does not affect metal detectors.",No,StrategyQA,commonsense_reasoning
Read the question and supporting facts carefully. Reason about the information and answer with Yes or No.,Was Morris County named after a chief justice?,The Morris County was named after Colonel Lewis Morris. Colonel Lewis Morris was the chief justice of New York.,Yes,StrategyQA,commonsense_reasoning
Read the question and supporting facts carefully. Reason about the information and answer with Yes or No.,Gandalf hypothetically defeats Rincewind in a wizard battle?,Gandalf is a 2000 plus year old wizard that has fought orcs and spirits in Middle Earth. Rincewind is the protagonist of the Discworld series. Rincewind is a failed student at the Unseen University for wizards in Ankh-Morpork. Rincewind is described by other wizards as the magical equivalent to the number zero.,Yes,StrategyQA,commonsense_reasoning
Read the question and supporting facts carefully. Reason about the information and answer with Yes or No.,Do people still see Henry Ford's last name often?,Henry Ford is the founder of Ford Motor Company. Every Ford vehicle still bears Henry's last name on the brand logo.,Yes,StrategyQA,commonsense_reasoning
Read the question and supporting facts carefully. Reason about the information and answer with Yes or No.,Did the Eastern Orthodox Church and the Byzantine Empire ever use the same calendar?,Eastern Orthodox Church used the Byzantine calendar from c. 691 to 1728 The Byzantine Empire used the Byzantine calendar from c. 988 to 1453,Yes,StrategyQA,commonsense_reasoning
Read the question and supporting facts carefully. Reason about the information and answer with Yes or No.,Would the average American family find Adam Sandler's home to be too small?,The average American family has about 3 people in it. Adam Sandler's home has 14 bedrooms and 7 bathrooms.,No,StrategyQA,commonsense_reasoning
Read the question and supporting facts carefully. Reason about the information and answer with Yes or No.,Could an NBA game be completed within the span of the Six-Day War?,"The Six-Day War took place between June 5th-June 10th, 1967. There are 24 hours in a day. An NBA game consists of four quarters that are 12 minutes long and a 15 minute long halftime. There are 60 minutes in an hour.",Yes,StrategyQA,commonsense_reasoning
Read the question and supporting facts carefully. Reason about the information and answer with Yes or No.,Is 1936 Summer Olympics venue too small for a Superbowl crowd?,"The 1936 Summer Olympics was held at the Olympiastadion Berlin. The Olympiastadion Berlin has a capacity of over 74,000 people. The 2020 Superbowl was attended by 62,417 fans.",No,StrategyQA,commonsense_reasoning
Read the question and supporting facts carefully. Reason about the information and answer with Yes or No.,Are ropes required to operate a frigate?,Frigates are a kind of sailing ship. Many features of ships require rope to use.,Yes,StrategyQA,commonsense_reasoning
Read the question and supporting facts carefully. Reason about the information and answer with Yes or No.,Does butter industry survive cow extinction?,"Butter is a dairy product made from milk. Cows are the predominant source of milk in the US. Goats, sheep, buffalo, and other mammals produce milk. Goat butter, made from 100% Goat's Milk, is an excellent source of Vitamin A.",Yes,StrategyQA,commonsense_reasoning
Read the question and supporting facts carefully. Reason about the information and answer with Yes or No.,Would LeBron James hypothetically glance upwards at Yuri Gagarin?,LeBron James is 6 feet 9 inches tall. Yuri Gagarin was 5 feet 2 inches tall. Typically shorter individuals look up at taller individuals when they are speaking as it is polite to look face to face at someone when you are speaking to them.,No,StrategyQA,commonsense_reasoning
Read the question and supporting facts carefully. Reason about the information and answer with Yes or No.,Would Sophist's have hypothetically made good lawyers?,Sophist's were teachers in ancient Greece that used rhetoric. Lawyers must persuade juries that their side of the case is correct. Rhetoric is the ancient art of persuasion that was meant to sway audiences in specific situations.,Yes,StrategyQA,commonsense_reasoning
Read the question and supporting facts carefully. Reason about the information and answer with Yes or No.,Are people banned from entering the Forbidden City?,The Forbidden City is a tourist attraction. Tourist attractions allow people to enter.,No,StrategyQA,commonsense_reasoning
Read the question and supporting facts carefully. Reason about the information and answer with Yes or No.,Did Lamarck and Darwin agree about the origin of species diversity?,Darwin theorized that evolution was driven by the fittest animals surviving and passing their genes on. Lamarck theorized that animals' responses to needs in their life would influence the growth of their offspring.,No,StrategyQA,commonsense_reasoning
Read the question and supporting facts carefully. Reason about the information and answer with Yes or No.,Is it safe to share silverware with an HIV positive person?,"HIV is transmitted through blood and mucous membrane contact, not saliva. Silverware is used in the mouth and contacts saliva but not other bodily fluids. ",Yes,StrategyQA,commonsense_reasoning
Read the question and supporting facts carefully. Reason about the information and answer with Yes or No.,Would Christopher Hitchens be very unlikely to engage in tonsure?,"Tonsure is the practice of cutting or shaving some or all of the hair on the scalp as a sign of religious devotion or humility. Christopher Hitchens was an anti-theist, and he regarded all religions as false, harmful, and authoritarian.",Yes,StrategyQA,commonsense_reasoning
Read the question and supporting facts carefully. Reason about the information and answer with Yes or No.,Was a Tiny House ceiling out of Osama bin Laden's reach?,"Osama bin Laden was 6'5"" tall. Tiny Houses have ceilings that are between 7 and 8 feet tall. The standing reach of the average 6 foot man is around 8 feet.",No,StrategyQA,commonsense_reasoning
Read the question and supporting facts carefully. Reason about the information and answer with Yes or No.,Did Dr. Seuss make himself famous?,Dr. Seuss's wife was Helen Palmer. Helen Palmer suggested that Dr. Seuss become an artist rather than a professor. Helen Palmer inspired much of Dr. Seuss's work.,No,StrategyQA,commonsense_reasoning
Read the question and supporting facts carefully. Reason about the information and answer with Yes or No.,Did Bill Gates achieve Latin honors?,Bill Gates left Harvard after two years. Latin honors are Latin phrases used in some colleges and universities to indicate the level of distinction with which an academic degree has been earned. You cannot earn an academic degree if you drop out of the program.,No,StrategyQA,commonsense_reasoning
Read the question and supporting facts carefully. Reason about the information and answer with Yes or No.,Is the saltwater crocodile less endangered than the European otter?,"The saltwater crocodile is listed as ""least concern"" on the International Union for the Conservation of Nature Red List. The European otter is listed as ""near threatened"" on the International Union for the Conservation of Nature Red List. The International Union for the Conservation of Nature Red List starts with ""least concern"", then ""near threatened"", ""vulnerable"", ""endangered"", ""critically endangered"", ""extinct in the wild"", and ""extinct"".",Yes,StrategyQA,commonsense_reasoning
Read the question and supporting facts carefully. Reason about the information and answer with Yes or No.,Could a firewall be destroyed by a hammer?,A firewall is not a physical entity and only exists on a network. Hammers cannot be used to destroy non-physical entities.,No,StrategyQA,commonsense_reasoning
Read the question and supporting facts carefully. Reason about the information and answer with Yes or No.,Could a dichromat probably easily distinguish chlorine gas from neon gas?,A dichromat is someone with color blindness that can have difficulty distinguishing red and green Chlorine gas is green or yellow-green Neon gas is red,No,StrategyQA,commonsense_reasoning
Read the question and supporting facts carefully. Reason about the information and answer with Yes or No.,Does Kenny G hold the qualifications to be a tax collector?,The qualifications to be a tax collector in the US inlude a bachelor's degree in accounting. Kenny G studied accounting at the University of Washington and graduated magna cum laude.,Yes,StrategyQA,commonsense_reasoning
Read the question and supporting facts carefully. Reason about the information and answer with Yes or No.,Can a Kia Rio fit inside the Oval Office?,The Oval Office is 35' long and 29' wide. A Kia Rio is 14.3' long and 5.6' wide. ,Yes,StrategyQA,commonsense_reasoning
Read the question and supporting facts carefully. Reason about the information and answer with Yes or No.,If you add water to rice pudding is it horchata?,"Horchata is a drink made from soaking dry rice in water for hours, then pulverizing and straining the mixture and adding spices and sweetener. Rice pudding includes ingredients like eggs, and whole grains of cooked rice. ",No,StrategyQA,commonsense_reasoning
Read the question and supporting facts carefully. Reason about the information and answer with Yes or No.,Is the Fibonacci number sequence longer than every number discovered in Pi?,The Fibonaacci number is a sequence of numbers that adds a number to the one before it and goes on forever. Pi is a sequence of numbers and 2.7 trillion digits were discovered in 2010.,Yes,StrategyQA,commonsense_reasoning
Read the question and supporting facts carefully. Reason about the information and answer with Yes or No.,Can you see live harbor seals in Washington DC?,The Smithsonian National Zoo is in Washington DC. There is a harbor seal exhibit at the Smithsonian National Zoo. ,Yes,StrategyQA,commonsense_reasoning
Read the question and supporting facts carefully. Reason about the information and answer with Yes or No.,Could Barron Trump have lived through the Mexican Revolution?,The Mexican Revolution took place over a period of ten years Barron Trump is 14 years old,Yes,StrategyQA,commonsense_reasoning
Read the question and supporting facts carefully. Reason about the information and answer with Yes or No.,Does a lapidary work with items that are studied by geologists?,"Some of the things geologists study include gemstones, minerals, and stone Lapidarists work with stone, minerals and gemstones",Yes,StrategyQA,commonsense_reasoning
Read the question and supporting facts carefully. Reason about the information and answer with Yes or No.,Should you wrap a gift for a mother of a stillborn in stork wrapping paper?,Storks are used as a symbol of a new baby on the way. Stillborn babies are those who are born lifeless.,No,StrategyQA,commonsense_reasoning
Read the question and supporting facts carefully. Reason about the information and answer with Yes or No.,Is there historic graffiti on Alcatraz?,"Native Americans occupied the island of Alcatraz in 1969. Wall writings from the Native American occupation has been preserved and in some cases, restored completely.",Yes,StrategyQA,commonsense_reasoning
Read the question and supporting facts carefully. Reason about the information and answer with Yes or No.,Was it typical to see Johnny Cash on stage in a rainbow-colored outfit?,"Johnny Cash regularly performed dressed all in black, wearing a long, black, knee-length coat. A rainbow-colored outfit would consist of the colors red, orange, yellow, green, blue, indigo, and violet.",No,StrategyQA,commonsense_reasoning
Read the question and supporting facts carefully. Reason about the information and answer with Yes or No.,Can brewing occur in a prison environment?,Pruno is a product made almost exclusively in prisons. Pruno is a fermented beverage that is made of fruit to produce alcohol.,Yes,StrategyQA,commonsense_reasoning
Read the question and supporting facts carefully. Reason about the information and answer with Yes or No.,Did Northwest Airlines' longevity surpass Betty White?,Northwest Airlines lasted 84 years from 1926-2010. Betty White is 98 years old as of 2020.,No,StrategyQA,commonsense_reasoning
Read the question and supporting facts carefully. Reason about the information and answer with Yes or No.,Do urban legends always have to occur in cities?,An urban legend is commonly accepted folk lore.  Urban means related to a city. Many urban legends occur in rural towns that lack dense population. Most Urban legends are unverified due to lack of witnesses. ,No,StrategyQA,commonsense_reasoning
Read the question and supporting facts carefully. Reason about the information and answer with Yes or No.,Was Raphael's paintings influenced by the country of Guam?,Raphael was a European painter that died in 1520. Magellan's 1521 voyage was Europe's first trip to Guam.,No,StrategyQA,commonsense_reasoning
Read the question and supporting facts carefully. Reason about the information and answer with Yes or No.,Does Julia Roberts lose the prolific acting contest in her family?,"As of May 2020, Julia Roberts has acted in 64 projects. Julia Roberts has a brother in acting, Eric Roberts, and a niece in acting, Emma Roberts. As of May 2020, Eric Roberts has acted in 577 projects.",Yes,StrategyQA,commonsense_reasoning
Read the question and supporting facts carefully. Reason about the information and answer with Yes or No.,Do most fans follow Katy Perry for gospel music?,"Katy Perry's gospel album sold about 200 copies. Katy Perry's most recent pop albums sold over 800,000 copies.",No,StrategyQA,commonsense_reasoning
Read the question and supporting facts carefully. Reason about the information and answer with Yes or No.,Would a 75 degree Fahrenheit day be unusual on the Antarctic Peninsula? ,"The warmest days on record in the Antarctic Peninsula are in the high 50's.  On average, the Antarctic Peninsula is between -4 and 36 degrees Fahrenheit. ",Yes,StrategyQA,commonsense_reasoning
Read the question and supporting facts carefully. Reason about the information and answer with Yes or No.,Is one blast from double-barreled shotgun likely to kill all squid brains?,A double-barreled shotgun fires two rounds in one single blast. Squids have three brains.,No,StrategyQA,commonsense_reasoning
Read the question and supporting facts carefully. Reason about the information and answer with Yes or No.,Do calico cat patterns cover every drain fly color variety?,"Drain flies come in two color varieties, black and grey. Calico cats have a traditional color pattern that includes white, orange, and black.",No,StrategyQA,commonsense_reasoning
Read the question and supporting facts carefully. Reason about the information and answer with Yes or No.,Is it normally unnecessary to wear a coat in Hollywood in July?,The average high temperature in Hollywood in July is 77.2°F. The average low temperature in Hollywood in July is 61.5°F. A coat is a garment worn on the upper body for warmth.,Yes,StrategyQA,commonsense_reasoning
Read the question and supporting facts carefully. Reason about the information and answer with Yes or No.,Should you ask a neighbor for candy on New Year's Eve?,Halloween is a holiday where children knock on doors of houses in their neighborhood asking for treats Halloween falls on October 31st New Year's Eve is a celebration of the end of the year held on December 31st,No,StrategyQA,commonsense_reasoning
Read the question and supporting facts carefully. Reason about the information and answer with Yes or No.,Would it be safe to have a jackfruit thrown at your head?,Jackfruit can weigh between 22-55 lbs.  Jackfruit are covered in small spikes.,No,StrategyQA,commonsense_reasoning
Read the question and supporting facts carefully. Reason about the information and answer with Yes or No.,Is Rand Paul guilty of catch-phrase used to attack John Kerry in 2004?,John Kerry was attacked by his opponents in the 2004 Presidential Campaign by being called a Flip-Flopper. A Flip-Flopper is someone that makes a complete change in policy from one thing to another. In May 2010 Rand Paul called for an electronic fence to keep out immigrants and deplored amnesty in any form. In 2013 Rand Paul said he was in favor of undocumented immigrants being granted  legal status.,Yes,StrategyQA,commonsense_reasoning
Read the question and supporting facts carefully. Reason about the information and answer with Yes or No.,Did Bruiser Brody wrestle on WWE Raw?,"WWE Raw debuted on TV January 11, 1993. Bruiser Brody was a wrestler that was stabbed to death in 1988.",No,StrategyQA,commonsense_reasoning
Read the question and supporting facts carefully. Reason about the information and answer with Yes or No.,Is waltz less injurious than slam dance?,The waltz is a rhythmic dance performed in triple time by a couple. A slam dance is a type of dance in which leaping dancers collide against each other.,Yes,StrategyQA,commonsense_reasoning
Read the question and supporting facts carefully. Reason about the information and answer with Yes or No.,Do most religious people in Quebec refer to the Quran?,Christianity is the major religion in Quebec. Christians refer to the Bible as their book of reference.,No,StrategyQA,commonsense_reasoning
Read the question and supporting facts carefully. Reason about the information and answer with Yes or No.,Can the Department of Defense perform a solo?,A solo is the part of a musical piece performed by a single musician The Department of Defense is a US government agency composed of many individuals and unrelated to music,No,StrategyQA,commonsense_reasoning
Read the question and supporting facts carefully. Reason about the information and answer with Yes or No.,Are any mollusks on Chinese New Year calendar?,"A mollusk is an invertebrate animal such as snails, slugs, mussles, and octopuses. The animals on Chinese New Year calendar are: rat, ox, tiger, rabbit, dragon, snake, horse, goat, monkey, rooster, dog, and pig.",No,StrategyQA,commonsense_reasoning
Read the question and supporting facts carefully. Reason about the information and answer with Yes or No.,Does Sockington enjoy onions?,Sockington is a domestic cat Onions can cause toxicity in cats by breaking down their red blood cells,No,StrategyQA,commonsense_reasoning
Read the question and supporting facts carefully. Reason about the information and answer with Yes or No.,Was Snoop Dogg an adult when Tickle Me Elmo was popular?,Tickle Me Elmo was first popular in 1996. Snoop Dogg would have been 25 when the Tickle Me Elmo craze took off.,Yes,StrategyQA,commonsense_reasoning
Read the question and supporting facts carefully. Reason about the information and answer with Yes or No.,Is the Yellow Pages the fastest way to find a phone number?,The Yellow Pages is a book that contains alphabetized phone listings. Yellow pages involves going through many listings and remembering your alphabet. Google allows a person to type in a name quickly and look for a phone number. Household AI assistants like Echo allow people to merely speak a name and ask for number.,No,StrategyQA,commonsense_reasoning
Read the question and supporting facts carefully. Reason about the information and answer with Yes or No.,Are most books written as a Haiku?,Haiku is a very short poem Haiku is written with 3 short phrases.,No,StrategyQA,commonsense_reasoning
Read the question and supporting facts carefully. Reason about the information and answer with Yes or No.,Did Alfred Nobel write a banned book?,"Banned books are works which are not available for free access due to government restrictions. Alfred Nobel is the author of Nemesis, a prose tragedy in four acts about Beatrice Cenci The entire stock of Nemesis was destroyed immediately after Nobel's death except for three copies, being regarded as scandalous and blasphemous. ",Yes,StrategyQA,commonsense_reasoning
Read the question and supporting facts carefully. Reason about the information and answer with Yes or No.,Will a rock float in the atmosphere of Earth?,Things only float if they are less dense than the surrounding material. Rocks are denser than air. The atmosphere of Earth is made up of air.,No,StrategyQA,commonsense_reasoning
Read the question and supporting facts carefully. Reason about the information and answer with Yes or No.,Does the Prime Minister of the United Kingdom have poor job security?,The Prime Minister of the United Kingdom is an elected official. Elected officials can be recalled with a vote of no confidence in UK parliament. ,Yes,StrategyQA,commonsense_reasoning
Read the question and supporting facts carefully. Reason about the information and answer with Yes or No.,Could Christopher Nolan's movies finance Cyprus's entire GDP?,The films of Christopher Nolan have grossed around 4.7 billion at the box office. The GDP of Cyprus was 24.96 billion in 2018.,No,StrategyQA,commonsense_reasoning
Read the question and supporting facts carefully. Reason about the information and answer with Yes or No.,Do people of the Iyer caste eat meat?,Iyer is a caste of Hindu Brahmin. Brahmin is the priest caste of Hinduism. Devout Hindus do not eat meat.  Priests of a religion are devout followers of that religion.,No,StrategyQA,commonsense_reasoning
Read the question and supporting facts carefully. Reason about the information and answer with Yes or No.,Would a Frigatebird in Ontario be a strange sight?,Ontario is a province of Canada. Canada is surrounded by temperate oceans.,Yes,StrategyQA,commonsense_reasoning
Read the question and supporting facts carefully. Reason about the information and answer with Yes or No.,Did the confederate states speak Old English before the Civil War?,"Old English is the earliest form of English during the middle ages. Modern English replaced old English during the seventeenth century. American English was created and spoken during the formation of the first US colonies.  The civil war started in 1861, and was a war between the northern states and southern states. ",No,StrategyQA,commonsense_reasoning
Read the question and supporting facts carefully. Reason about the information and answer with Yes or No.,Are tumors in the lymph nodes ignorable?,Lymphoma is a serious type of cancer that can begin with tumors in the lymph nodes. Lymphoma can kill when left untreated.,No,StrategyQA,commonsense_reasoning
Read the question and supporting facts carefully. Reason about the information and answer with Yes or No.,Does Disney own a major comic book publisher?,"The three biggest comic book publishers are DC, Marvel, and IDW. Disney has owned Marvel since 2007.",Yes,StrategyQA,commonsense_reasoning
Read the question and supporting facts carefully. Reason about the information and answer with Yes or No.,Is the Sea of Japan landlocked within Japan?,"The sea of Japan touches Japan, Russia and the Koreas Japan has no landlocked sea",No,StrategyQA,commonsense_reasoning
Read the question and supporting facts carefully. Reason about the information and answer with Yes or No.,Is the Riksdag a political entity in Scandinavia?,The Riksdag is the legislative branch of the Swedish government. Sweden is part of Scandinavia.,Yes,StrategyQA,commonsense_reasoning
Read the question and supporting facts carefully. Reason about the information and answer with Yes or No.,Are looks the easiest way to tell rosemary from lavender? ,"Before blooming, lavender and rosemary look remarkably similar. Rosemary has a pine-like scent. Lavender has a lighter, more floral scent.",No,StrategyQA,commonsense_reasoning
Read the question and supporting facts carefully. Reason about the information and answer with Yes or No.,Did the writer of Christmas carol fast during Ramadan? ,"The writer of Christmas carol is Charles Dickens, who is a Christian.  Christians do not fast during Ramadan. ",No,StrategyQA,commonsense_reasoning
Read the question and supporting facts carefully. Reason about the information and answer with Yes or No.,Is xenophobia hypothetically unimportant between Saladin and Ali Askari?,Xenophobia is the dislike of someone that is foreign or from a different background. Saladin was a Kurdish leader that became sultan of Egypt. Ali Askari was a Kurdish politician.,Yes,StrategyQA,commonsense_reasoning
Read the question and supporting facts carefully. Reason about the information and answer with Yes or No.,Can someone in Uberlandia work for Mitsubishi?,"Mitsubishi is a Japanese auto manufacturer Mitsubishi operates a plant in Catalao, Brazil Uberlandia is just under 70 miles from Catalao",Yes,StrategyQA,commonsense_reasoning
Read the question and supporting facts carefully. Reason about the information and answer with Yes or No.,Do members of NFL teams receive infantry training?,Members of NFL teams play football Infantry training is provided to members of the US armed forces,No,StrategyQA,commonsense_reasoning
Read the question and supporting facts carefully. Reason about the information and answer with Yes or No.,Would Jesus understand the Easter Bunny?,"During the time of Jesus, Easter was not a holiday yet. Rabbits were not of any profound significance to Jesus.",No,StrategyQA,commonsense_reasoning
Read the question and supporting facts carefully. Reason about the information and answer with Yes or No.,Does Ukrainian Greek Catholic Church recognize Alexander Nevsky as a saint?,Alexander Nevsky was a Prince of Novgorod that fought against German and Swiss Invaders. The Russian Orthodox Church named Alexander Nevsky.a saint in 1547. The Russian Orthodox Church is a member of the Eastern Orthodox Church and has their own list of saints. The Catholic Church and the Eastern Orthodox Church have been in a state of official schism since the East–West Schism of 1054. The Ukrainian Greek Catholic Church is a branch of the Catholic Church.,No,StrategyQA,commonsense_reasoning
Read the question and supporting facts carefully. Reason about the information and answer with Yes or No.,Does James Webb Space Telescope fail astronomer in locating planet Krypton?,The James Webb Space Telescope is the most powerful telescope created. Krypton is a planet in the fictional Superman comic book series.,Yes,StrategyQA,commonsense_reasoning
Read the question and supporting facts carefully. Reason about the information and answer with Yes or No.,Would Jacques Duèze have been friends with Richard Dawkins?,"Jacques Duèze was later Pope John XXII. The Pope is the head of the Catholic Church, a Christian organization. Christianity is a religion. Richard Dawkins is a prominent critic of religion.",No,StrategyQA,commonsense_reasoning
Read the question and supporting facts carefully. Reason about the information and answer with Yes or No.,Does Hammurabi's Code violate Christians Golden Rule?,The Golden Rule of Christianity states to do unto others as you would want them to do to you. Hammurabi's Code states an eye for an eye and a tooth for a tooth.,Yes,StrategyQA,commonsense_reasoning
Read the question and supporting facts carefully. Reason about the information and answer with Yes or No.,Could the Jackson 5 play a full game of rugby with each other?,The Jackson 5 consisted of five members. A full game of rugby is played between 2 teams of 15 players each.,No,StrategyQA,commonsense_reasoning
Read the question and supporting facts carefully. Reason about the information and answer with Yes or No.,Is it impossible to tell if someone is having a stroke?,"Strokes have numerous physical symptoms including facial unevenness and trouble walking. Strokes have behavioral symptoms including slurred speech, disorientation, and trouble understanding speech.",No,StrategyQA,commonsense_reasoning
Read the question and supporting facts carefully. Reason about the information and answer with Yes or No.,Is shrimp scampi definitely free of plastic?,Shrimp scampi is a dish made with shrimp. Shrimp have been found to contain microplastics. Microplastics are plastic material.,No,StrategyQA,commonsense_reasoning
Read the question and supporting facts carefully. Reason about the information and answer with Yes or No.,Would a Rabbi celebrate Christmas?,A Rabbi is a spiritual leader or religious teacher in Judaism. Christmas is a holiday observed by Christians.,No,StrategyQA,commonsense_reasoning
Read the question and supporting facts carefully. Reason about the information and answer with Yes or No.,Do Christians anticipate an existence in Sheol after death?,"Sheol appears in the Christian Bible, in the Old Testament. Christians do not recognize Sheol as part of their afterlife.",No,StrategyQA,commonsense_reasoning
Read the question and supporting facts carefully. Reason about the information and answer with Yes or No.,Would it be difficult to snowboard on Venus?,Snowboarding involves descending a snow-covered slope while standing on a snowboard. Snow is formed by the freezing of water. Water has a freezing point of 32°F. Venus has a mean surface temperature of 737 K (464 °C; 867 °F).,Yes,StrategyQA,commonsense_reasoning
Read the question and supporting facts carefully. Reason about the information and answer with Yes or No.,Are all characters in Legend of Robin Hood fictional?,"The Legend of Robin Hood tells of an archer that stole from the rich and gave to the poor. Robin Hood's main antagonist is the Sheriff of Nottingham. The Sheriff of Nottingham is an agent for Prince John who has usurped the throne from his brother Richard. Richard I was King of England from 1189-1199. Prince John became John, King of England and reigned from 1199-1216.",No,StrategyQA,commonsense_reasoning
Read the question and supporting facts carefully. Reason about the information and answer with Yes or No.,Can food be cooked in the cosmic microwave background?,"The cosmic microwave background is faint electromagnetic radiation in space that is a remnant of the Big Bang. Food can be cooked in a microwave oven, but not in the remnants of space radiation.",No,StrategyQA,commonsense_reasoning
Read the question and supporting facts carefully. Reason about the information and answer with Yes or No.,Is clementine pith highly sought after?,Pith is the white part of the clementine fruit between the orange colored peel and the edible fruit. Most people discard the pith after peeling.,No,StrategyQA,commonsense_reasoning
Read the question and supporting facts carefully. Reason about the information and answer with Yes or No.,Was ethanol beneficial to Jack Kerouac's health?,"In 1969, at age 47, Kerouac died from an abdominal hemorrhage caused by a lifetime of heavy drinking of alcohol. Ethanol is the main ingredient in alcoholic beverages.",No,StrategyQA,commonsense_reasoning
Read the question and supporting facts carefully. Reason about the information and answer with Yes or No.,Do Youtube viewers get unsolicited audiobook advice often?,Audible is one of the most common sponsors for Youtubers to have. Audible is an audiobook subscription service.  Audible ads typically involve discussing a book that the speaker has recently listened to.,Yes,StrategyQA,commonsense_reasoning
Read the question and supporting facts carefully. Reason about the information and answer with Yes or No.,Does the JPEG acronym stand for a joint committee?,"The term ""JPEG"" is an initialism/acronym for the Joint Photographic Experts Group. They created the standard in 1992. The Joint Photographic Experts Group (JPEG) is the joint committee between ISO/IEC JTC 1 and ITU-T Study Group 16 (formerly CCITT) .  The Joint Photographic Experts Group created and maintains the JPEG, JPEG 2000, and JPEG XR standards. ",Yes,StrategyQA,commonsense_reasoning
Read the question and supporting facts carefully. Reason about the information and answer with Yes or No.,Did the first Duke of Valentinois play a key role in the Hundred Years' War?,"The Hundred Years' War was a conflict between England and France from 1337-1453 Cesare Borgia, the son of Pope Alexander VI, was the first Duke of Valentinois. Cesare Borgia was born in 1475.",No,StrategyQA,commonsense_reasoning
Read the question and supporting facts carefully. Reason about the information and answer with Yes or No.,Did Hamlet's author use email?,Hamlet was written by William Shakespeare. William Shakespeare was born in 1564. Email was not widely used until the 1970s.,No,StrategyQA,commonsense_reasoning
Read the question and supporting facts carefully. Reason about the information and answer with Yes or No.,Were there fifty English kings throughout the Middle Ages?,The Middle Ages was a period of history from 476-1453 AD. From 476 to 1453 AD  there were around 36 Kings of England including disputed claimants to the throne.,No,StrategyQA,commonsense_reasoning
Read the question and supporting facts carefully. Reason about the information and answer with Yes or No.,Does cell biology teach about the life cycle of Al Qaeda?,Cell biology is a subdiscipline of biology that deals with the structure and function of cells in living organisms Al Qaeda is made up of terrorist cells Terrorist cells are small groups of terrorists acting semi-independently for the same cause,No,StrategyQA,commonsense_reasoning
Read the question and supporting facts carefully. Reason about the information and answer with Yes or No.,Did Van Gogh suffer from a mental disorder?,Mental disorders can be characterized by psychotic episodes and delusions Van Gogh suffered from psychotic episodes and delusions,Yes,StrategyQA,commonsense_reasoning
Read the question and supporting facts carefully. Reason about the information and answer with Yes or No.,Will Chick Fil A be open on Halloween 2021?,Chick Fil A restaurants close on Sundays. Halloween 2021 falls on a Sunday.,No,StrategyQA,commonsense_reasoning
Read the question and supporting facts carefully. Reason about the information and answer with Yes or No.,Can bottlenose dolphins hypothetically outbreed human women?,Bottlenose dolphins have a gestation period of 12 months. Human women have a gestation period around 9 months.,No,StrategyQA,commonsense_reasoning
Read the question and supporting facts carefully. Reason about the information and answer with Yes or No.,Has Freemasonry been represented on the Moon?,Freemasonry is a group of fraternal organizations rooted in fraternities of stonemasons of the fourteenth century. Buzz Aldrin was initiated into the Freemason fraternity in 1955 Buzz Aldrin and Neil Armstrong were the first men to land on the moon in 1969.,Yes,StrategyQA,commonsense_reasoning
Read the question and supporting facts carefully. Reason about the information and answer with Yes or No.,Did France win the French Revolution?,The French Revolution was a period of  social and political upheaval in France and its colonies. War is an intense military conflict between two states. The French Revolution involved only France as citizens overthrew the monarchy.,No,StrategyQA,commonsense_reasoning
Read the question and supporting facts carefully. Reason about the information and answer with Yes or No.,Does a person need a college degree to become a bartender?,College degrees require at least 2 years of study to obtain. Bartender training generally takes 40 hours.,No,StrategyQA,commonsense_reasoning
Read the question and supporting facts carefully. Reason about the information and answer with Yes or No.,Does parsley sink in milk?,Items sink if they are denser than the surrounding material. Parsley has a density of 0.26 g/cm^3 when fresh. Milk has a density of 1.026 g/cm^3.,No,StrategyQA,commonsense_reasoning
Read the question and supporting facts carefully. Reason about the information and answer with Yes or No.,Is an Eastern chipmunk likely to die before seeing two leap years?,A leap year happens every four years. The Eastern chipmunk has an average lifespan of three years.,Yes,StrategyQA,commonsense_reasoning
Read the question and supporting facts carefully. Reason about the information and answer with Yes or No.,Will Justin Bieber take over Mike Pence's position in 2020?,Mike Pence is Vice President of the United States. The Vice President must be a US citizen. The Vice President must be at least 35 years of age. Justin Bieber is a Canadian citizen. Justin Bieber is 26 years old in 2020.,No,StrategyQA,commonsense_reasoning
Read the question and supporting facts carefully. Reason about the information and answer with Yes or No.,Does Nicole Kidman know any Scientologists?,Nicole Kidman was married to Tom Cruise. Tom Cruise is a Scientologist. ,Yes,StrategyQA,commonsense_reasoning
Read the question and supporting facts carefully. Reason about the information and answer with Yes or No.,"When the shuttle Columbia 11 landed, was it the season for Christmas carols?",The Columbia 11 shuttle landed on December 10th 1990. Christmas is celebrated during the month of December every year.,Yes,StrategyQA,commonsense_reasoning
Read the question and supporting facts carefully. Reason about the information and answer with Yes or No.,Will a person survive a fever of NY's highest recorded temperature?,The highest recorded temperature in NY was 108 degrees Fahrenheit. A temperature of 104 degrees Fahrenheit is life threatening and requires immediate medical attention.,No,StrategyQA,commonsense_reasoning
Read the question and supporting facts carefully. Reason about the information and answer with Yes or No.,Did Harvey Milk ever run for governor?,"In 1977 Harvey Milk was elected to the San Francisco Board of Supervisors. Less than a year later, he was assassinated before he could run for higher offices.",No,StrategyQA,commonsense_reasoning
Read the question and supporting facts carefully. Reason about the information and answer with Yes or No.,Is Home Depot a one stop shop for crucifixion supplies?,"A one stop shop is a store where multiple items are supplied. Crucifixion is a form of punishment in which a person is nailed to a wooden cross. Home Depot sells numerous supplies including: hammers, nails, and wood.",Yes,StrategyQA,commonsense_reasoning
Read the question and supporting facts carefully. Reason about the information and answer with Yes or No.,Is video surveillance of a room possible without an obvious camera or new item?,Surveillance cameras can be built into light socket covers that look no different from a normal one. Surveillance cameras can be installed in special light bulbs to document activity in a room.,Yes,StrategyQA,commonsense_reasoning
Read the question and supporting facts carefully. Reason about the information and answer with Yes or No.,Did Jay-Z ever collaborate with Louis Armstrong?,Jay-Z was born in 1969. Louis Armstrong died in 1971.,No,StrategyQA,commonsense_reasoning
Read the question and supporting facts carefully. Reason about the information and answer with Yes or No.,Can shooting bald eagle get a person more prison time than Michael Vick?,Michael Vick spent 21 months in prison for an illegal dog fighting ring. Shooting a bald eagle carries a penalty of up to two years in prison for a second conviction.,Yes,StrategyQA,commonsense_reasoning
Read the question and supporting facts carefully. Reason about the information and answer with Yes or No.,Does the density of helium cause voices to sound deeper?,"Helium is less dense than air. Sound travels more quickly through helium than it does through air.  When sound travels more quickly, the tone of it raises and sounds higher.",No,StrategyQA,commonsense_reasoning
Read the question and supporting facts carefully. Reason about the information and answer with Yes or No.,Is clerk of Supreme Court of Canada safe profession for someone with seismophobia?,Seismophobia is the extreme fear of earthquakes. The Supreme Court of Canada is located in Ottawa. The Ottawa-Gattineau region is located far from active tectonic plates.,Yes,StrategyQA,commonsense_reasoning
Read the question and supporting facts carefully. Reason about the information and answer with Yes or No.,Was Rumi's work serialized in a magazine?,Rumi was a poet who wrote poetry Magazines serialize long-form prose like novels,No,StrategyQA,commonsense_reasoning
Read the question and supporting facts carefully. Reason about the information and answer with Yes or No.,Were there greater landslides than 1980 United States presidential election?,A landslide refers to a competitor beating their opponent by a wide margin. Ronald Reagan defeated Jimmy carter in the 1980 United States presidential election by around 8 million votes. Franklin D. Roosevelt won the 1936 United States presidential election over Alf Landon by more than 11 million votes. In 1804 Thomas Jefferson received 162 (92%) of the electoral votes while Charles Cotesworth Pinckney received only 14 (8%).,Yes,StrategyQA,commonsense_reasoning
Read the question and supporting facts carefully. Reason about the information and answer with Yes or No.,Did the phone Alexander Graham Bell use have call waiting?,Call waiting was invented in the 1970's to allow phone users to suspend one call to accept another. Alexander Graham Bell's phone was used in 1876.,No,StrategyQA,commonsense_reasoning
Read the question and supporting facts carefully. Reason about the information and answer with Yes or No.,Did Sojourner Truth use the elevator at the Washington Monument?,"The Washington Monument was opened to the public in October 1888. Sojourner Truth died November 26, 1883. ",No,StrategyQA,commonsense_reasoning
Read the question and supporting facts carefully. Reason about the information and answer with Yes or No.,Do mail carriers need multiple uniforms?,Mail carriers work throughout the year independent of the weather. Mail carriers must often leave their vehicle in various weather conditions.,Yes,StrategyQA,commonsense_reasoning
Read the question and supporting facts carefully. Reason about the information and answer with Yes or No.,Is watching  Star Wars necessary to know who Darth Vader is?,"Star Wars is one of the most widely parodied film series to be produced. Star Wars merchandise, from tees to Halloween costumes, is widely available and is plentiful. ",No,StrategyQA,commonsense_reasoning
Read the question and supporting facts carefully. Reason about the information and answer with Yes or No.,Are all the elements plants need for photosynthesis present in atmosphere of Mars?,"Plants need three elements for photosynthesis: Hydrogen, Oxygen, and Carbon. The atmosphere of Mars is composed of carbon dioxide, nitrogen, argon, and trace levels of water vapor, oxygen, carbon monoxide, hydrogen and other noble gases.",Yes,StrategyQA,commonsense_reasoning
Read the question and supporting facts carefully. Reason about the information and answer with Yes or No.,Are sea turtles enjoying life during quarantine?,Sea turtles nest on beaches Quarantine due to COVID has resulted in far fewer people using beaches More sea turtles have been able to nest and reproduce on beaches during quarantine,Yes,StrategyQA,commonsense_reasoning
Read the question and supporting facts carefully. Reason about the information and answer with Yes or No.,Do Jews believe in any New Testament angels?,"The New Testament is a book central to Christianity. The New Testament features a number of angels including Michael, and Gabriel. The Talmud is the central text of Rabbinic Judaism. The Talmud names four angels who would later be known as archangels, surrounding God's throne: Michael, Gabriel, Uriel, and Raphael.",Yes,StrategyQA,commonsense_reasoning
Read the question and supporting facts carefully. Reason about the information and answer with Yes or No.,Could you watch a new Seinfeld episode every day for a year?,There are 365 days in a year. There are a total of 180 Seinfeld episodes.,No,StrategyQA,commonsense_reasoning
Read the question and supporting facts carefully. Reason about the information and answer with Yes or No.,Would an art dealer prize a print of a Van Goh? ,Van Goh painted many valuable pieces of artwork in his lifetime. Prints of Van Goh's artwork are readily available at a low price.,No,StrategyQA,commonsense_reasoning
Read the question and supporting facts carefully. Reason about the information and answer with Yes or No.,"Could Elizabeth I of England have seen the play Dido, Queen of Carthage ?","Elizabeth I of England lived from 1533 - 1603. Dido, Queen of Carthage is a short play written by the English playwright Christopher Marlowe.  It was probably written between 1587 and 1593.",Yes,StrategyQA,commonsense_reasoning
Read the question and supporting facts carefully. Reason about the information and answer with Yes or No.,Can you cure hepatitis with a tonsillectomy?,"A tonsillectomy removes the tonsils, glands found in the back of the throat Hepatitis is a disease that targets the liver",No,StrategyQA,commonsense_reasoning
Read the question and supporting facts carefully. Reason about the information and answer with Yes or No.,Did Cynthia Powell celebrate a silver anniversary with John Lennon?,A silver anniversary takes place during the 25th year of marriage. Cynthia Powell married John Lennon in 1962. Cynthia Powell and John Lennon got divorced in 1968.,No,StrategyQA,commonsense_reasoning
Read the question and supporting facts carefully. Reason about the information and answer with Yes or No.,Would Statue of Liberty be visible if submerged in Bohai Sea?,The Bohai Sea is 230 feet deep. The Statue of Liberty is 305 feet tall.,Yes,StrategyQA,commonsense_reasoning
Read the question and supporting facts carefully. Reason about the information and answer with Yes or No.,Can voice actors for Goofy and Bugs Bunny each get one stripe from American flag?,"The American flag has 13 stripes on it. Since the role originated in 1932, six people have voiced the character of Goofy. Since 1940, seven people have voiced the character of Bugs Bunny.",Yes,StrategyQA,commonsense_reasoning
Read the question and supporting facts carefully. Reason about the information and answer with Yes or No.,Does Magnus Carlsen enjoy KFC?,Magnus Carlsen is a chess grandmaster from Norway There are no KFC locations in Norway,No,StrategyQA,commonsense_reasoning
Read the question and supporting facts carefully. Reason about the information and answer with Yes or No.,Would a bodybuilder enjoy wearing a cast for several weeks?,Casts encase a limb and prevent it from moving. Movement of limbs under resistance promote muscle growth. An absence of limb movement will result in decreased muscle size. The goal of bodybuilding is to increase the size of your muscles. Individuals are not happy when they are prevented from pursuing their goals.,No,StrategyQA,commonsense_reasoning
Read the question and supporting facts carefully. Reason about the information and answer with Yes or No.,Would someone with a nosebleed benefit from Coca?,"Coca constricts blood vessels. As a result, it serves to stop bleeding.  Someone with a nosebleed would want the bleeding to stop.",Yes,StrategyQA,commonsense_reasoning
Read the question and supporting facts carefully. Reason about the information and answer with Yes or No.,Is Godzilla's image likely grounds for a lawsuit in 2050?,The copyright for Godzilla is owned by Toho Company Limited. The first Godzilla film was released by Toho in 1954. Works that are significantly old enter the public domain and can be used without copyright permission. Godzilla will enter the public domain in the year 2049.,No,StrategyQA,commonsense_reasoning
Read the question and supporting facts carefully. Reason about the information and answer with Yes or No.,Would Gordon Ramsey use uranium as a seasoning?,Gordon Ramsey is a chef known for producing high quality food  Uranium is a toxic and weakly radioactive metal,No,StrategyQA,commonsense_reasoning
Read the question and supporting facts carefully. Reason about the information and answer with Yes or No.,Can a firewall protect against a short circuit?,"A firewall is a computer program that protects unwanted attacks from penetrating a computer. Firewalls are installed on computers and conduct routine background maintenance. A short circuit is an electrical failure resulting from wires unable to conduct currents. Short circuits, especially during updates can lead to the dreaded Windows Blue Screen of Death in which a computer is unable to restart.",No,StrategyQA,commonsense_reasoning
Read the question and supporting facts carefully. Reason about the information and answer with Yes or No.,Is chaff produced by hydropower?,Chaff is excess material from milled grain. Some mills use hydropower to mill grain.,Yes,StrategyQA,commonsense_reasoning
Read the question and supporting facts carefully. Reason about the information and answer with Yes or No.,"Did the founders of the biggest city in Orange County, California speak Italian?","Anaheim is the biggest city in Orange County, California Anaheim was founded by fifty German families People from Germany speak German",No,StrategyQA,commonsense_reasoning
Read the question and supporting facts carefully. Reason about the information and answer with Yes or No.,Could a monarch butterfly rule a kingdom?,A monarch butterfly would be easily killed by a human due to its small size. A monarch butterfly does not have the intellectual capacity to rule over a kingdom of humans.,No,StrategyQA,commonsense_reasoning
Read the question and supporting facts carefully. Reason about the information and answer with Yes or No.,Did Johann Sebastian Bach influence heavy metal?,"Johann Sebastian Bach was a classical German composer born in 1685. Lead singer of heavy metal band Skid Row, Sebastian Bach, took his name from German composer Johann Sebastian Bach. Heavy Metal band Metallica released a live album with the San Francisco Symphony. Deep Purple, n English hard rock/heavy metal band has cited classical musicians as their inspiration. Deep Purple's keyboard and guitar solos on ""Highway Star,"" have been called Bach-like in harmonic progression and virtuosic arpeggio figuration.",Yes,StrategyQA,commonsense_reasoning
Read the question and supporting facts carefully. Reason about the information and answer with Yes or No.,Could $1 for each 2009 eclipse buy a copy of TIME magazine in 2020?,The 2020 Newsstand price of TIME magazine is $5.99. There were six eclipses in 2009 including 2 solar and 4 lunar eclipses.,Yes,StrategyQA,commonsense_reasoning
Read the question and supporting facts carefully. Reason about the information and answer with Yes or No.,Is Jack Black's height enough to satisfy Coronavirus distancing?,"Jack Black is 5'6"" tall. The CDC recommends people stay 6 feet apart.",No,StrategyQA,commonsense_reasoning
Read the question and supporting facts carefully. Reason about the information and answer with Yes or No.,Do children send their Christmas letters to the South Pole?,Children send Christmas letters to Santa Claus. Santa Claus is fabled to live in the North Pole.,No,StrategyQA,commonsense_reasoning
Read the question and supporting facts carefully. Reason about the information and answer with Yes or No.,Is Anakin Skywalker from Star Wars associated with the color black?,"As a Jedi during the Clone Wars, Anakin Skywalker often wore black robes. After he was burned and transformed into the cyborg Darth Vader, he received a distinctive and famous all-black outfit including a black mask.",Yes,StrategyQA,commonsense_reasoning
Read the question and supporting facts carefully. Reason about the information and answer with Yes or No.,Could a silverfish reach the top of the Empire State Building?,"Silverfish cannot fly. Animals that cannot fly can only access objects at or near ground level without mechanical assistance. The top of the Empire State Building is 	1,454 ft high.",No,StrategyQA,commonsense_reasoning
Read the question and supporting facts carefully. Reason about the information and answer with Yes or No.,Will someone die without white blood cells?,White blood cells protect people against disease. Disease kills people.,Yes,StrategyQA,commonsense_reasoning
Read the question and supporting facts carefully. Reason about the information and answer with Yes or No.,Has Justin Timberlake ever written a song about Britney Spears?,"Justin Timberlake and Britney Spears dated in 1999. In 2002, Justin Timberlake released a music video for his breakup song 'Cry Me A River' and featured an actress who resembled his then ex Britney Spears.",Yes,StrategyQA,commonsense_reasoning
Read the question and supporting facts carefully. Reason about the information and answer with Yes or No.,Would Atlantic Salmon be within David Duchovny's dietary guidelines?,"David Duchovny is a pescatarian.  Pescatarians do not eat chicken, pork, or beef, but will eat fish.",Yes,StrategyQA,commonsense_reasoning
Read the question and supporting facts carefully. Reason about the information and answer with Yes or No.,Is Lord Voldemort associated with a staff member of Durmstrang?,Igor Karkaroff is the headmaster of Durmstrang school. Karkaroff is a former Death Eater. The Death Eaters were Voldemort's minions.,Yes,StrategyQA,commonsense_reasoning
Read the question and supporting facts carefully. Reason about the information and answer with Yes or No.,Is Disneyland Paris the largest Disney resort?,"Disneyland Paris contains two parks, several hotels, and a shopping district. By comparison, Walt Disney World in Florida contains four parks, two waterparks, a shopping district, and many hotels. Disney World is bigger than Disneyland Paris Resort and Disneyland California Resort combined.",No,StrategyQA,commonsense_reasoning
Read the question and supporting facts carefully. Reason about the information and answer with Yes or No.,Is eating a Dicopomorpha echmepterygis size Uranium pellet fatal?,"Dicopomorpha echmepterygis is a wingless insect that is .13mm large. Uranium is a radioactive element that is dangerous if ingested in large doses. 25mg of Uranium would cause kidney damage, while 50mg would cause complete kidney failure in humans.",No,StrategyQA,commonsense_reasoning
Read the question and supporting facts carefully. Reason about the information and answer with Yes or No.,Could someone in Tokyo take a taxi to the The Metropolitan Museum of Art?,Tokyo is located in Japan. Japan and the United States are separated by the Pacific Ocean. A taxi is not capable of travelling over water.,No,StrategyQA,commonsense_reasoning
Read the question and supporting facts carefully. Reason about the information and answer with Yes or No.,Are the Great Lakes part of an international border?,The lakes are bordered on the north by Canada. The lakes are bordered on the south by United States. Canada and United States are two different countries.,Yes,StrategyQA,commonsense_reasoning
Read the question and supporting facts carefully. Reason about the information and answer with Yes or No.,Could a camel fit in a dog house?,"Camels are approximately 5.5 to 6 feet tall. The largest dog ever was 3'8"" tall. Dog houses are built to fit dogs.",No,StrategyQA,commonsense_reasoning
Read the question and supporting facts carefully. Reason about the information and answer with Yes or No.,Did the iPhone usher in the scientific revolution?,The scientific revolution took place in the 16th and 17th centuries. The iPhone came out in the 21st century.,No,StrategyQA,commonsense_reasoning
Read the question and supporting facts carefully. Reason about the information and answer with Yes or No.,Could a single bitcoin ever cover cost of a Volkswagen Jetta?,"The all time high price of bitcoin was $19,783 in 2017. The suggested retail price of a 2020 Volkswagen Jetta is $18,895.",Yes,StrategyQA,commonsense_reasoning
Read the question and supporting facts carefully. Reason about the information and answer with Yes or No.,Could an infant solve a sudoku puzzle?,Solving a sudoku puzzle requires the use of logic and a basic understanding of numbers. Infants are too young to understand the numerical system involved in sudoku.,No,StrategyQA,commonsense_reasoning
Read the question and supporting facts carefully. Reason about the information and answer with Yes or No.,Would Benito Mussolini hypothetically play well in the NBA?,Height is an important factor in playing basketball at a high level. The average NBA player is 6 feet 7 inches tall. Benito Mussolini was 5 feet 6.5 inches tall.,No,StrategyQA,commonsense_reasoning
Read the question and supporting facts carefully. Reason about the information and answer with Yes or No.,Is Jennifer Lawrence's middle name similar to the name of a Scorsese collaborator?,"Jennifer Lawrence's middle name is Shrader. Paul Schrader is a screenwriter and director. Paul Schrader wrote the screenplay for Taxi Driver, Raging Bull, The Last Temptation of Christ, and Bringing Out the Dead. Martin Scorsese directed Taxi Driver, Raging Bull, The Last Temptation of Christ, and Bringing Out the Dead.",Yes,StrategyQA,commonsense_reasoning
Read the question and supporting facts carefully. Reason about the information and answer with Yes or No.,Was San Antonio the site of a major battle in the 19th century?,The Alamo is located in San Antonio. The Alamo was the site of a major battle during the Texan Revolution against Mexico in 1836.,Yes,StrategyQA,commonsense_reasoning
Read the question and supporting facts carefully. Reason about the information and answer with Yes or No.,Would Hades and Osiris hypothetically compete for real estate in the Underworld?,Hades was the Greek god of death and the Underworld. Osiris was the Egyptian god of the Underworld.,Yes,StrategyQA,commonsense_reasoning
Read the question and supporting facts carefully. Reason about the information and answer with Yes or No.,Can a honey bee sting a human more than once?,"Human skin is tough, and the bee's stinger gets lodged in the skin. The stinger becomes separated from the bee which dies soon after.",No,StrategyQA,commonsense_reasoning
Read the question and supporting facts carefully. Reason about the information and answer with Yes or No.,Would Downton Abbey finale viewership defeat every Kazakhstan citizen in tug of war?,Downton Abbey's finale had a total of 9.6 million viewers. Kazakhstan has 18.7 million citizens as of 2020.,No,StrategyQA,commonsense_reasoning
Read the question and supporting facts carefully. Reason about the information and answer with Yes or No.,Are there people who are men who experience menstruation?,Menstruation can occur in any human being who has a uterus and vagina.  People who are born with a vagina may transition socially and/or medically to being male.  Someone with a vagina who has transitioned to being male is a man. ,Yes,StrategyQA,commonsense_reasoning
Read the question and supporting facts carefully. Reason about the information and answer with Yes or No.,Is an espresso likely to assuage fear?,Fear raises heart rate Caffeine raises heart rate Coffee may also increase symptoms such as jitteriness and nausea ,No,StrategyQA,commonsense_reasoning
Read the question and supporting facts carefully. Reason about the information and answer with Yes or No.,Is narcissism's origin a rare place to get modern words from?,"Narcissism comes from the ancient Greek story of Narcissus, who fell in love with his own reflection. Aphrodisiac comes from stories about the ancient Greek goddess Aphrodite. Europe comes from Europa, an ancient Greek princess. The word stygian relates to the river of Hades in Greek mythology. Hypnosis comes from Hypnos, the Greek god of sleep.",No,StrategyQA,commonsense_reasoning
Read the question and supporting facts carefully. Reason about the information and answer with Yes or No.,Could Christopher Nolan borrow pants from Danny Devito?,"Christopher Nolan is 6 feet tall. Danny Devito is 4'10"" tall. Pant sizes relate to height.",No,StrategyQA,commonsense_reasoning
Read the question and supporting facts carefully. Reason about the information and answer with Yes or No.,Are there multiple American government holidays during winter?,"Winter runs from about December 20 to about March 20. Government holidays include Christmas, New Year, King Day, and President's Day. Christmas is always December 25, New Year is always January 1, King Day is a Monday in the middle of January, and President's Day is a Monday in late February.",Yes,StrategyQA,commonsense_reasoning
Read the question and supporting facts carefully. Reason about the information and answer with Yes or No.,Would Matt Damon be afraid of parachuting?,Parachuting involves jumping from high places or airplanes. Matt Damon is afraid of heights. ,Yes,StrategyQA,commonsense_reasoning
Read the question and supporting facts carefully. Reason about the information and answer with Yes or No.,Is Maruti Suzuki Baleno an efficient car for Linus Torvald's family?,Linus Torvald has a family consisting of five people including his wife and children. The Maruti Suzuki Baleno is and Indian car that can seat five people.,Yes,StrategyQA,commonsense_reasoning
Read the question and supporting facts carefully. Reason about the information and answer with Yes or No.,Could casualties from deadliest war rival France's population?,The deadliest war in history was World War II. Over 56 million people died during World War II. The population of France as of 2019 is 66 million.,No,StrategyQA,commonsense_reasoning
Read the question and supporting facts carefully. Reason about the information and answer with Yes or No.,Would United States Air Force consider Return of the Jedi's Han Solo bad hypothetical candidate?,"Han Solo is an ace pilot ally in the Star Wars universe. The US Air Force requires candidates to be between 18 and 35 years old. Return of the Jedi's Han Solo is 36 years of age. The US Air Force requires a candidate to be an American citizen. Han Solo is from the planet Corellia in a galaxy far, far, away.",Yes,StrategyQA,commonsense_reasoning
Read the question and supporting facts carefully. Reason about the information and answer with Yes or No.,Does Sam Harris worship Shiva?,"Sam Harris is an atheist. Atheism is, in the broadest sense, an absence of belief in the existence of deities.",No,StrategyQA,commonsense_reasoning
Read the question and supporting facts carefully. Reason about the information and answer with Yes or No.,Is Sea World hazardous to leopard seal's health?,"Leopard seals have only one natural predator, the killer whale. Sea World is an aquatic show that involves many water animals. Killer Whales, such as Tilikum, are headliners at Sea World.",Yes,StrategyQA,commonsense_reasoning
Read the question and supporting facts carefully. Reason about the information and answer with Yes or No.,Have rhinoceroses been killed to improve human sex lives?,Rhinoceros horns are used for folk treatment of sexual impotency. Rhinoceroses are killed to remove their horns.,Yes,StrategyQA,commonsense_reasoning
Read the question and supporting facts carefully. Reason about the information and answer with Yes or No.,Is H's most common two letter pair partner a freebie in Wheel of Fortune bonus round?,"H forms the most common two letter pair in the English language along with the letter T. The Wheel of Fortune bonus round gives the player six free letters: R, S, T, L, N, E.",Yes,StrategyQA,commonsense_reasoning
Read the question and supporting facts carefully. Reason about the information and answer with Yes or No.,Is it foolish to stand on giraffe's head to see over Eiffel Tower?,"The neck of a giraffe can be up to 7 feet in length. Including their necks, giraffes can be as tall as 20 feet. The Eiffel Tower is 1,063 feet tall.",Yes,StrategyQA,commonsense_reasoning
Read the question and supporting facts carefully. Reason about the information and answer with Yes or No.,Has type of political association Pompey had with Caesar influenced reality TV?,"Pompey, Julius Caesar, and Marcus Licinius Crassus formed a political association called a triumvirate. A triumvirate spits rule between three powerful people that get to make decisions. Reality show The Challenge: Total Madness appoints three weekly winners to make decisions for the group, known as the Tribunal. Reality show American Idol has had three judges making decisions about which contestants advance.",Yes,StrategyQA,commonsense_reasoning
Read the question and supporting facts carefully. Reason about the information and answer with Yes or No.,Did Operation Barbarossa or Barbarossa's last expedition succeed?,"Operation Barbarossa was the Nazi advance on Russia during World War II. Operation Barbarossa was a failure that resulted in Nazi Germany being pushed back by a Soviet counter offensive. Operation Barbarossa was named after Holy Roman Emperor Frederick Barbarossa. On his final expedition, Frederick Barbarossa drowned while leading an army to help the Crusaders during the Third Crusade. The Crusaders failed to recapture Jerusalem during the Third Crusade without the support of Barbarossa and his troops.",No,StrategyQA,commonsense_reasoning
Read the question and supporting facts carefully. Reason about the information and answer with Yes or No.,Can a diamond float on water?,Diamonds are formed by extreme heat and pressure being applied to carbon under the earth's crust. The density of a diamond is 3.51 g/cm³. The density of water is 997 kg/m³. A diamond is more dense than water. A diamond will sink in water.,No,StrategyQA,commonsense_reasoning
Read the question and supporting facts carefully. Reason about the information and answer with Yes or No.,Does Hades have a loose grip on the Underworld?,Hades alone can allow passage out of the Underworld. Hades created a terribly difficult task for Orpheus to complete to bring Eurydice from the Underworld.  The subjects of Hades in the Underworld are under his complete control.,No,StrategyQA,commonsense_reasoning
Read the question and supporting facts carefully. Reason about the information and answer with Yes or No.,Does the United States Navy create radioactive waste?,Radioactive waste is created by nuclear material processing The United States Navy uses many nuclear submarines,Yes,StrategyQA,commonsense_reasoning
Read the question and supporting facts carefully. Reason about the information and answer with Yes or No.,Could a young Wizard of Oz Scarecrow have gotten Cerebral palsy?,Cerebral palsy is a disease that results from damage to a young person's brain. The Scarecrow in the Wizard of Oz did not have a brain and was on a quest to get one.,No,StrategyQA,commonsense_reasoning
Read the question and supporting facts carefully. Reason about the information and answer with Yes or No.,Are peaches best eaten when firm?,Peaches are sweeter and easier to digest when they are soft to the touch. People tend to let their peaches sit until they soften. ,No,StrategyQA,commonsense_reasoning
Read the question and supporting facts carefully. Reason about the information and answer with Yes or No.,Are seasons of Survivor surpassed by number of Ancient Greek letters?,The reality show Survivor has aired 40 seasons as of 2020. The Ancient Greek alphabet consisted of 24 letters.,No,StrategyQA,commonsense_reasoning
Read the question and supporting facts carefully. Reason about the information and answer with Yes or No.,Would somebody leave reiki with bruises?,Bruises are caused by blunt trauma to the body. Reiki is performed without touching the recipient. ,No,StrategyQA,commonsense_reasoning
Read the question and supporting facts carefully. Reason about the information and answer with Yes or No.,Is the use of the word Gypsy by non-Romani people considered okay?,'Gypsy' is considered a slur in the Americas by Romani people. Lady Gaga has faced online criticism regarding her use of the word 'Gypsy' as the title and lyrics of a song.,No,StrategyQA,commonsense_reasoning
Read the question and supporting facts carefully. Reason about the information and answer with Yes or No.,Did goddess Friday is named after despise felines?,"Felines are a species of animals that include lions, tigers, and domestic cats. Friday is named after the Norse goddess Freya.  Freya is often depicted in art with cats. Freya had two cats that pulled her magical chariot.",No,StrategyQA,commonsense_reasoning
Read the question and supporting facts carefully. Reason about the information and answer with Yes or No.,Was Daniel thrown into the lion's den in the New Testament?,The Book of Daniel is a book in the Old Testament of the Bible. The Bible is divided into the Old Testament and the New Testament. The New Testament focuses on four Gospels regarding the life of Jesus.,No,StrategyQA,commonsense_reasoning
Read the question and supporting facts carefully. Reason about the information and answer with Yes or No.,Would Şerafeddin Sabuncuoğlu have eaten Börek?,Börek originated in Ottoman cuisine Şerafeddin Sabuncuoğlu was an Ottoman scientist,Yes,StrategyQA,commonsense_reasoning
Read the question and supporting facts carefully. Reason about the information and answer with Yes or No.,Did Christopher Columbus condone multiple deadly sins?,"The seven deadly sins are:  pride, greed, wrath, envy, lust, gluttony, and sloth. Under Columbus, every native of fourteen years of age or upward was to pay a large hawk's bell of gold dust or cotton and those who could not pay were punished.  in just two years under Columbus's governorship, over 125,000 of the 250,000–300,000 natives in Haiti were dead.",Yes,StrategyQA,commonsense_reasoning
Read the question and supporting facts carefully. Reason about the information and answer with Yes or No.,Does Darth Vader's character resemble Severus Snape?,"Darth Vader is portrayed as a man who always appears in black full-body armor and a mask. Severus Snape is portrayed as a white man with long, greasy black hair who often wears a cloak. ",No,StrategyQA,commonsense_reasoning
Read the question and supporting facts carefully. Reason about the information and answer with Yes or No.,Was Gandalf present at the death of Eomer?,Eomer died in a skirmish with orcs outside Rohan at the beginning of Two Towers. Gandalf had been killed by the Balrog at the end of Fellowship of the Ring. Gandalf returns with improved powers later on in Two Towers.,No,StrategyQA,commonsense_reasoning
Read the question and supporting facts carefully. Reason about the information and answer with Yes or No.,Was Lil Jon's top ranked Billboard song a collaboration with a member of The Lox?,"Lil Jon's highest ranked billboard song was Yeah. Yeah was a collaboration between Lil Jon, Usher, and Ludacris. The Lox is a rap trio consisting of: Styles P, Sheek Louch, and Jadakiss.",No,StrategyQA,commonsense_reasoning
Read the question and supporting facts carefully. Reason about the information and answer with Yes or No.,Was proofreading Edgar Allan Poe works lucrative?,"Proofreaders get paid a set rate based on the number of words in a document. Edgar Allan Poe wrote many short stories including the Oval Portrait which is two pages in length. Edgar Allan Poe's only complete novel: The Narrative of Arthur Gordon Pym of Nantucket was a mere 166 pages. A book like Jeyamohan's Venmurasu is 11,159 pages.",No,StrategyQA,commonsense_reasoning
Read the question and supporting facts carefully. Reason about the information and answer with Yes or No.,Did President William Howard Taft read DC Comics?,"DC Comics were founded in 1934. President William Howard Taft died on March 8, 1930.",No,StrategyQA,commonsense_reasoning
Read the question and supporting facts carefully. Reason about the information and answer with Yes or No.,Is Bactrian Camel most impressive animal when it comes to number of humps?,The Bactrian Camel is a camel with two humps native to Central Asia. Three humped camels were discovered on the Arabian peninsula in 2019.,No,StrategyQA,commonsense_reasoning
Read the question and supporting facts carefully. Reason about the information and answer with Yes or No.,Would it be difficult for Will Ferrell to win Empire Award for Best Newcomer?,The Empire Award for Best Newcomer was awarded for an actor in their debut role. Will Ferrell debuted in 1995.,Yes,StrategyQA,commonsense_reasoning
Read the question and supporting facts carefully. Reason about the information and answer with Yes or No.,Would costumes with robes and pointy hats be helpful for Macbeth?,Macbeth features scenes with three witches throughout the play.  Witches are often displayed with pointy hats and long black robes.,Yes,StrategyQA,commonsense_reasoning
Read the question and supporting facts carefully. Reason about the information and answer with Yes or No.,Is coal needed to practice parachuting?,Parachuting requires a parachute. Parachutes are made from nylon. Nylon is made from coal. ,Yes,StrategyQA,commonsense_reasoning
Read the question and supporting facts carefully. Reason about the information and answer with Yes or No.,Do bald eagles nest on Mount Sharp?,"Bald eagles are birds found on earth Mount Sharp is a mountain on Mars To date, no life forms have been detected on Mars",No,StrategyQA,commonsense_reasoning
Read the question and supporting facts carefully. Reason about the information and answer with Yes or No.,Would Lord Voldemort hypothetically be an effective fighter after Final Fantasy silence is cast?,Lord Voldemort is a powerful wizard from the Harry Potter Series. Lord Voldemort casts magical curses and charms on his enemies. Silence spell in Final Fantasy mutes the enemies spells. Mute makes it impossible for characters to cast any spells.,No,StrategyQA,commonsense_reasoning
Read the question and supporting facts carefully. Reason about the information and answer with Yes or No.,Were karaoke and the turtle power tiller patented in the same country?,Roberto L. del Rosario holds the patent for the karaoke system del Rosario is Filipino Magdalena Smith Villaruz patented the turtle power tiller Villaruz is Filipino ,Yes,StrategyQA,commonsense_reasoning
Read the question and supporting facts carefully. Reason about the information and answer with Yes or No.,Could you go to New York Public Library and the Six Flags Great Escape in the same day?,"Six Flags Great Escape is located in Lake George, NY. New York Public Library is located in New York City. Lake George is 3.5 driving hours from New York City.",Yes,StrategyQA,commonsense_reasoning
Read the question and supporting facts carefully. Reason about the information and answer with Yes or No.,"Is Olympia, Washington part of ""Ish river country""?","Poet Robert Sund called the Puget Sound region ""Ish River country"". Olympia is in the Puget Sound region.",Yes,StrategyQA,commonsense_reasoning
Read the question and supporting facts carefully. Reason about the information and answer with Yes or No.,Would early Eastern Canadian Natives language have use of the letter B?,"The Early Eastern Canadian Natives were a group of people that spoke the Inuktitut language. The Inuktitut language began as an oral language with no letters, only uvular sounds. The later Inuktitut language has no letters that resemble the Latin alphabet.",No,StrategyQA,commonsense_reasoning
Read the question and supporting facts carefully. Reason about the information and answer with Yes or No.,Was historical Dracula from a town in Bucharest?,"Vlad III Prince of Wallachia, also called Vlad the Impaler, is believed to be the historical inspiration for Dracula. Vlad III was born in Sighișoara, Romania, which is located in the historic region of Transylvania. Bucharest is located 276 km away from Transylvania.",No,StrategyQA,commonsense_reasoning
Read the question and supporting facts carefully. Reason about the information and answer with Yes or No.,Is average number of peas in a pod enough commas for a billion?,The average number of peas in a pod is 6 or 7. A billion is a number that has three commas in it.,Yes,StrategyQA,commonsense_reasoning
Read the question and supporting facts carefully. Reason about the information and answer with Yes or No.,Is the largest city in New Mexico also known as Yootó?,Yootó stands for Bead Water Place. The area Santa Fe occupied was known by the Navajo people as Yootó. The largest city in New Mexico is Albuquerque.,No,StrategyQA,commonsense_reasoning
Read the question and supporting facts carefully. Reason about the information and answer with Yes or No.,Was King Arthur at the beheading of Anne Boleyn?,"King Arthur was a legendary British leader who, according to medieval histories and romances, led the defence of Britain against Saxon invaders in the late 5th and early 6th centuries. Anne Boleyn was beheaded May 19, 1536.",No,StrategyQA,commonsense_reasoning
Read the question and supporting facts carefully. Reason about the information and answer with Yes or No.,Would an aerodynamic cactus benefit from more frequently closed stomata?,Cactus spines help the plant retain water by reducing air flow around the plant Aerodynamic objects have smooth surfaces  Crassulacean acid metabolism is used by cactuses  Crassulacean acid metabolism is when a plant's stomata stay closed during daylight or times of drought to prevent water loss,Yes,StrategyQA,commonsense_reasoning
Read the question and supporting facts carefully. Reason about the information and answer with Yes or No.,Could the children of Greek hero Jason hypothetically fill a polo team?,"The Greek mythological hero is known for his quest to obtain the Golden Fleece. The Greek mythological hero had four children: Euneus, Nebrophonus, Mermerus, and Pheres. Polo is a sport played between two teams of 4 players.",Yes,StrategyQA,commonsense_reasoning
Read the question and supporting facts carefully. Reason about the information and answer with Yes or No.,Did the Paramount leader produce Titanic?,The Paramount leader is the highest leader of China Titanic was produced by Paramount Pictures Paramount Pictures is an American film studio,No,StrategyQA,commonsense_reasoning
Read the question and supporting facts carefully. Reason about the information and answer with Yes or No.,Did Jesus go to school to study railroad engineering?,The steam locomotive to drive a train was invented in the 19th century. Jesus lived around 0 AD. ,No,StrategyQA,commonsense_reasoning
Read the question and supporting facts carefully. Reason about the information and answer with Yes or No.,Have any members of the 2020 British royal family allegedly committed a felony?,The 2020 British royal family includes Queen Elizabeth II and her children. Prince Andrew is the son of Queen Elizabeth II. Prince Andrew was accused of sexual abuse in 2019. Sexual assault is classified as a felony.,Yes,StrategyQA,commonsense_reasoning
Read the question and supporting facts carefully. Reason about the information and answer with Yes or No.,Was the Mentalist filmed in black and white?,The Mentalist first aired in 2008. Black and white television shows were no longer being made in 2008.,No,StrategyQA,commonsense_reasoning
Read the question and supporting facts carefully. Reason about the information and answer with Yes or No.,Did people in Korea under Japanese Rule watch a lot of Iron Chef?,The first televisions were sold in 1946. Iron Chef started airing in 1993.,No,StrategyQA,commonsense_reasoning
Read the question and supporting facts carefully. Reason about the information and answer with Yes or No.,Are there any official American knights?,The English monarchy bestows the title of knighthood upon deserving English citizens. They only knight English people. The American government does not do knightings of its own.,No,StrategyQA,commonsense_reasoning
Read the question and supporting facts carefully. Reason about the information and answer with Yes or No.,Is it safe to use Ammonia with Clorox?,Clorox is a brand name of a line of bleach products. Ammonia and bleach react together to produce toxic gas.,No,StrategyQA,commonsense_reasoning
Read the question and supporting facts carefully. Reason about the information and answer with Yes or No.,Can you house a giant squid at Soldier Field?,"Soldier Field is a football stadium Football fields are 120 yards long, or 360 feet The maximum length of a giant squid is 43 feet",Yes,StrategyQA,commonsense_reasoning
Read the question and supporting facts carefully. Reason about the information and answer with Yes or No.,Would a Pict be confused by Old English?,"Old English was spoken by the Anglo-Saxons, a Germanic tribe that inhabited England. The Picts were a Celtic-speaking people that lived in what is now Scotland. The Pictish language died out by 1100AD and was replaced by Gaelic. Gaelic and Old English are completely different languages from different branches of the Indo-European language family. Gaelic vocabulary is very different from Old English  and verbs are also conjugated differently.",Yes,StrategyQA,commonsense_reasoning
Read the question and supporting facts carefully. Reason about the information and answer with Yes or No.,Did Jeremy Irons master sweep picking as a child?,Jeremy Irons was the drummer and harmonica player in a four-man school band called the Four Pillars of Wisdom. Sweep picking is a guitar playing technique.,No,StrategyQA,commonsense_reasoning
Read the question and supporting facts carefully. Reason about the information and answer with Yes or No.,Are there bones in an anchovy pizza?,Anchovies used on pizza are typically packed whole in oil or water.  Anchovies on pizza are not usually cut or filleted in any way.,Yes,StrategyQA,commonsense_reasoning
Read the question and supporting facts carefully. Reason about the information and answer with Yes or No.,Will a 2 Euro coin float across the Red Sea?,A 2 Euro coin is made of a mix of copper and brass. Objects float if their density is less than water. Ancient bronze metal ingots were found on the sea floor off the coast of Italy in 2015.,No,StrategyQA,commonsense_reasoning
Read the question and supporting facts carefully. Reason about the information and answer with Yes or No.,Is retail a job anybody can be suited for?,"Most retail jobs require employees to be able to lift, push, and pull 25-50 lbs.  Retail positions require employees to interact with customers regularly. Various disabilities can diminish one's ability to interact with the public.",No,StrategyQA,commonsense_reasoning
Read the question and supporting facts carefully. Reason about the information and answer with Yes or No.,Could Buzz Aldrin have owned a computer?,Buzz Aldrin was born in 1930 and is still alive in 2020.  Home computers were first available for sale in 1977. ,Yes,StrategyQA,commonsense_reasoning
Read the question and supporting facts carefully. Reason about the information and answer with Yes or No.,Would a model be likely to frequently enjoy the menu at Cookout?,Models are known for being very thin on average. Cookout serves high calorie American style barbecue food. Models often have pressure put on them to maintain a slim figure.,No,StrategyQA,commonsense_reasoning
Read the question and supporting facts carefully. Reason about the information and answer with Yes or No.,Would Mickey Mouse blend in with the American flag?,"The American Flag is colored red, white, and blue. Mickey Mouse typically wears red shorts, large yellow shoes, and white gloves. The color yellow stands out distinctly from red, white, and blue. Things that are colored similarly or identically will blend in with each other.",No,StrategyQA,commonsense_reasoning
Read the question and supporting facts carefully. Reason about the information and answer with Yes or No.,Was Mozart accused of stealing from Richard Wagner?,Mozart died in 1791. Richard Wagner was born in 1813.,No,StrategyQA,commonsense_reasoning
Read the question and supporting facts carefully. Reason about the information and answer with Yes or No.,Does a person using tonsure have hair at the top of their scalp?,Tonsure involves shaving some or all of the hair from the head. Tonsure styles include a large bald spot at the top of the scalp.,No,StrategyQA,commonsense_reasoning
Read the question and supporting facts carefully. Reason about the information and answer with Yes or No.,Can you watch the Borgia's World of Wonders before Ludacris's Release Therapy finishes?,"World of Wonders is an episode of the Showtime TV series The Borgias, with a run time of 49 minutes. Ludacris's 2006 album Release Therapy has a run time of 62 minutes.",Yes,StrategyQA,commonsense_reasoning
Read the question and supporting facts carefully. Reason about the information and answer with Yes or No.,Did the swallow play a role in a famous film about King Arthur?,"Monty Python and the Holy Grail was a famous film about King Arthur In Monty Python and the Holy Grail, swallows are mentioned several times",Yes,StrategyQA,commonsense_reasoning
Read the question and supporting facts carefully. Reason about the information and answer with Yes or No.,Did any of Maya Angelou's children follow in her footsteps?,Maya Angelou was a civil rights activist and author. Maya Angelou had a son named Guy Johnson in 1945. Guy Johnson is an author that has written over twenty books and essays. Guy Johnson's books explore many civil rights themes.,Yes,StrategyQA,commonsense_reasoning
Read the question and supporting facts carefully. Reason about the information and answer with Yes or No.,Would someone buying crickets be likely to own pets?,Reptiles are a popular pet for people. Reptiles enjoy eating crickets.  Crickets are sold at many pet stores.,Yes,StrategyQA,commonsense_reasoning
Read the question and supporting facts carefully. Reason about the information and answer with Yes or No.,Is watermelon safe for people with a tricarboxylic acid allergy?,Tricarboxylic acid as an acid that manifests itself in fruits as citric acid. Citric acid can be found in citrus fruits such as oranges and lemon. Watermelon is not a citrus fruit.,Yes,StrategyQA,commonsense_reasoning
Read the question and supporting facts carefully. Reason about the information and answer with Yes or No.,Is the Golden eagle considered a scavenger bird?,"Scavengers are defined as animals that feed on dead carcasses of animals they have not killed themselves. Vultures are scavengers that hover in the air and swoop down to feed once they see an animal killed by another animal. The Golden eagle has sharp talons to hunt its own prey. Golden eagles kill and feed on hares, rabbits, and ground squirrels.",No,StrategyQA,commonsense_reasoning
Read the question and supporting facts carefully. Reason about the information and answer with Yes or No.,Would Glen Beck and Stephen Colbert be likely to tour together?,Glenn Beck is a right wing commentator known for strong opinions and serious tone. Stephen Colbert is a liberal political commentator who takes a comedic approach to his work.,No,StrategyQA,commonsense_reasoning
Read the question and supporting facts carefully. Reason about the information and answer with Yes or No.,Was dynamite used during Middle Ages warfare?,The Middle Ages ended with the Fall of Constantinople in 1453. Dynamite was invented by Swedish chemist Alfred Nobel in the 1870s.,No,StrategyQA,commonsense_reasoning
Read the question and supporting facts carefully. Reason about the information and answer with Yes or No.,Are some Brazilian Navy ships built in Britian?,"The Brazilian Navy stated in 2018 that they had purchased the helicopter carrier ship HMS Ocean. HMS stands for ""His/Her Majesty's Ship"", which is emblazoned on ships of the British Royal Navy.  Some of the ships in the Brazilian Navy are guided missile frigates built in Britian.",Yes,StrategyQA,commonsense_reasoning
Read the question and supporting facts carefully. Reason about the information and answer with Yes or No.,Are saltwater crocodiles related to alligators?,Crocodiles belong to the family Crocodylinae. Alligators belong to the family Alligatoridae. Crocodylinae and Alligatoridae both belong to the order Crocodilia.,Yes,StrategyQA,commonsense_reasoning
Read the question and supporting facts carefully. Reason about the information and answer with Yes or No.,Is the Easter Bunny popular in September?,The Easter Bunny is a symbol of the Christian holiday of Easter Easter occurs in March or April each year,No,StrategyQA,commonsense_reasoning
Read the question and supporting facts carefully. Reason about the information and answer with Yes or No.,Are gorillas closely related to humans?,"Gorillas are part of the animal family Hominidae. Hominidae also includes the genus Homo, which only contains the human species.",Yes,StrategyQA,commonsense_reasoning
Read the question and supporting facts carefully. Reason about the information and answer with Yes or No.,Did Woodrow Wilson consider Blacks to be equal members of society?,Woodrow Wilson supported the Ku Klux Klan. The Ku Klux Klan consider Blacks to be inferior. ,No,StrategyQA,commonsense_reasoning
Read the question and supporting facts carefully. Reason about the information and answer with Yes or No.,Would a Common warthog starve in a greenhouse?,"A greenhouse is an enclosed building in which plants are grown. The Common warthog is an animal that feeds on grasses, roots, berries, and small insects. Aphids, fungus gnats, and caterpillars, are common insects found in greenhouses.",No,StrategyQA,commonsense_reasoning
Read the question and supporting facts carefully. Reason about the information and answer with Yes or No.,Do placozoa get learning disabilities?,Learning disabilities are neurodevelopmental conditions afflicting a portion of the human population Neurodevelopmental conditions affect the nervous system Placozoa are multicellular microscopic organisms which do not have a nervous system,No,StrategyQA,commonsense_reasoning
Read the question and supporting facts carefully. Reason about the information and answer with Yes or No.,As of 2020 have more women succeeded John Key than preceded him?,"John Key, the 38th Prime Minister of New Zealand, has had one woman succeed him as Prime Minister. John key was preceded by two women as Prime Minister of New Zealand.",No,StrategyQA,commonsense_reasoning
Read the question and supporting facts carefully. Reason about the information and answer with Yes or No.,Are you more likely to find bipolar disorder in a crowd than diabetes?,Bipolar disorder is a condition that effects around 1% of the population. It is estimated that around 10% of the population suffers from diabetes.,No,StrategyQA,commonsense_reasoning
Read the question and supporting facts carefully. Reason about the information and answer with Yes or No.,Would a duck ever need a Caesarean section?,"A Caesarean section is a medical procedure in which surgery is performed to remove the baby from inside the mother. Ducks do not give live birth, they lay eggs.",No,StrategyQA,commonsense_reasoning
Read the question and supporting facts carefully. Reason about the information and answer with Yes or No.,Is Ludacris in same music genre as 2000's Binaural?,"Ludacris is a rapper, particularly in the southern rap style. Binaural was a 2000 album released by Pearl Jam. Pearl Jam is a grunge rock band formed in Seattle.",No,StrategyQA,commonsense_reasoning
Read the question and supporting facts carefully. Reason about the information and answer with Yes or No.,"Is Albany, Georgia the most populous US Albany?","Albany, Georgia had a population of 75,249 in 2018. Albany, New York had a population of 97,279 in 2018.",No,StrategyQA,commonsense_reasoning
Read the question and supporting facts carefully. Reason about the information and answer with Yes or No.,Were muskets used in the Pacific War?,The Pacific War took place between 1941 and 1945. The musket became obsolete in modern warfare starting near 1870.,No,StrategyQA,commonsense_reasoning
Read the question and supporting facts carefully. Reason about the information and answer with Yes or No.,Is the Hobbit more profitable for proofreader than Constitution of the United States?,"Proofreaders typically get paid per the number of words in a document. The Constitution of the United States contains around 7,500 words. The Hobbit contains 95,356 words.",Yes,StrategyQA,commonsense_reasoning
Read the question and supporting facts carefully. Reason about the information and answer with Yes or No.,Does Thiago Moises May 13 2020 submission move hypothetically hurt Achilles?,"Thiago Moises is a mixed martial arts fighter in the UFC. Thiago Moises beat Michael Johnson by a heel hook submission. Greek hero Achilles had one weakness, his heel.",Yes,StrategyQA,commonsense_reasoning
Read the question and supporting facts carefully. Reason about the information and answer with Yes or No.,Are the events of Star Trek: The Next Generation in the history of the world?,The history of the world includes factual events. Star Trek: TNG is a fictional television show. ,No,StrategyQA,commonsense_reasoning
Read the question and supporting facts carefully. Reason about the information and answer with Yes or No.,Would the top of Mount Fuji stick out of the Sea of Japan? ,"The average depth of the Sea of Japan is  5,748 feet (1,752 metres) and its maximum depth is 12,276 feet (3,742 metres) Mount Fuji is 3,776.24 metres (12,389.2 ft) tall. ",Yes,StrategyQA,commonsense_reasoning
Read the question and supporting facts carefully. Reason about the information and answer with Yes or No.,Would nickel boil in the outer core of the earth?,"The boiling point of nickel is 3003 Kelvin The temperature of earth's outer core is 3,000–4,500 Kelvin",Yes,StrategyQA,commonsense_reasoning
Read the question and supporting facts carefully. Reason about the information and answer with Yes or No.,Was Krishna skilled at using the bow?,Lord Krishna was known as the eighth manifestation of the god Vishnu. Vishnu had a trove of weapons including the Sudarshana Chakra and Sharanga. Sharanga was a celestial bow and a favored weapon of Vishnu.,Yes,StrategyQA,commonsense_reasoning
Read the question and supporting facts carefully. Reason about the information and answer with Yes or No.,Can a single honey bee sting multiple humans?,"When a honey bee stings a human, the stinger becomes stuck in the skin and detaches from the bee. This usually results in the bee's death. Even if it survives, it no longer has a stinger to attack another person with.",No,StrategyQA,commonsense_reasoning
Read the question and supporting facts carefully. Reason about the information and answer with Yes or No.,Could someone theoretically use an armadillo as a shield?,Armadillos have hard armor made of dermal bone. Humans have ended up in the hospital due to bullets ricocheting against an armadillo's shell.,Yes,StrategyQA,commonsense_reasoning
Read the question and supporting facts carefully. Reason about the information and answer with Yes or No.,Do workers at Nissan's headquarters eat with chopsticks?,"Nissan's headquarters are located in Yokohama, Japan. It is customary to eat with chopsticks in East Asian countries. Japan is a country in East Asia.",Yes,StrategyQA,commonsense_reasoning
Read the question and supporting facts carefully. Reason about the information and answer with Yes or No.,"During the Cuban revolution, did the US experience a population boom?","After WWII, the US experienced a baby boom. WWII ended in 1945.",Yes,StrategyQA,commonsense_reasoning
Read the question and supporting facts carefully. Reason about the information and answer with Yes or No.,Could an American confuse breakfast in British cuisine for dinner?,"In British Cuisine, baked beans are served with toast for breakfast. In the US, baked beans are served alongside barbecue dinners. British 'Full breakfasts' include grilled vegetables like mushrooms and whole cherry tomatoes. Grilled mushrooms and tomatoes are used more often in evening dishes in the US.",Yes,StrategyQA,commonsense_reasoning
Read the question and supporting facts carefully. Reason about the information and answer with Yes or No.,Can you worship Ahura Mazda at a mosque?,Ahura Mazda is a deity in Zoroastrianism A mosque is a place of worship for Muslims,No,StrategyQA,commonsense_reasoning
Read the question and supporting facts carefully. Reason about the information and answer with Yes or No.,Is a Coca plant farm likely to be found in Yakutsk?,Coca is a plant originating in South America and used as a cash crop. Yakutsk is a city in east Siberia. The Coca plant grows in a humid tropical climate. Siberia has an extremely cold subarctic climate.,No,StrategyQA,commonsense_reasoning
Read the question and supporting facts carefully. Reason about the information and answer with Yes or No.,Is the kayak a traditional boat in New Zealand?,"Kayaks were developed by native peoples to hunt in northern waters of the Arctic Ocean, North Atlantic, Bering Sea and North Pacific.  New Zealand is in the Southern Hemisphere. The native Maori people of New Zealand arrived there in canoes.",No,StrategyQA,commonsense_reasoning
Read the question and supporting facts carefully. Reason about the information and answer with Yes or No.,Does Guam have a state capital?,Guam is not a state. Only states can have a state capital.,No,StrategyQA,commonsense_reasoning
Read the question and supporting facts carefully. Reason about the information and answer with Yes or No.,Will parma ham be ready for New Year's if the pig is slaughtered in December?,Parma ham requires two months to cure New Year's is at most one month away from December,No,StrategyQA,commonsense_reasoning
Read the question and supporting facts carefully. Reason about the information and answer with Yes or No.,Would a vegan prefer a natural bongo drum over a synthetic one?,Natural bongo drums are made with leather. Synthetic bongo drums are made with plastic or leather substitutes. Vegans do not use or consume any animal products.,No,StrategyQA,commonsense_reasoning
Read the question and supporting facts carefully. Reason about the information and answer with Yes or No.,Are any of the words that CAPTCHA stands for palindromes?,A palindrome is a word that reads the same backwards and forwards like madam. CAPTCHA stands for: Completely Automated Public Turing test to tell Computers and Humans Apart.,No,StrategyQA,commonsense_reasoning
Read the question and supporting facts carefully. Reason about the information and answer with Yes or No.,Would Lord Voldemort have been barred from Hogwarts under his own rules?,"Lord Voldemort wanted to rid the wizarding world of half blood wizards. Lord Volemort was born a half blood, part muggle part wizard.",Yes,StrategyQA,commonsense_reasoning
Read the question and supporting facts carefully. Reason about the information and answer with Yes or No.,Is Earth Day celebrated in summer?,Earth Day is celebrated on April 22. Summer runs from about June 20 to September 20.,No,StrategyQA,commonsense_reasoning
Read the question and supporting facts carefully. Reason about the information and answer with Yes or No.,Can Lamborghini's fastest model win a race against a Porsche 911?,Lamborghini's fastest model is the Lamborghini Aventador SVJ Roadster. The Lamborghini Aventador SVJ Roadster has a top speed of 217 MPH. The Porsche 911 has a top speed of 191 MPH.,Yes,StrategyQA,commonsense_reasoning
Read the question and supporting facts carefully. Reason about the information and answer with Yes or No.,Can a Toyota Supra make a vlog?,"A vlog is a ""video blog"" about one's experience A Toyota Supra does not have consciousness to recount any experiences",No,StrategyQA,commonsense_reasoning
Read the question and supporting facts carefully. Reason about the information and answer with Yes or No.,Are any of the destinations of Japan Airlines former Axis Powers?,"Japan Airlines flies all over the world to places such as Germany, Ireland, and Australia. The Axis Powers were the countries that fought against the Allies during World War II. Axis Powers included countries such as Germany, Italy, and Japan.",Yes,StrategyQA,commonsense_reasoning
Read the question and supporting facts carefully. Reason about the information and answer with Yes or No.,Did Modern Family win a Slammy award?,Modern Family is a television sitcom The Slammy Awards were presented to people involved in professional wrestling,No,StrategyQA,commonsense_reasoning
Read the question and supporting facts carefully. Reason about the information and answer with Yes or No.,Is World of Warcraft heavier than a loaf of bread?,World of Warcraft is a piece of software. Software is digital. Digital items do not have weight. ,No,StrategyQA,commonsense_reasoning
Read the question and supporting facts carefully. Reason about the information and answer with Yes or No.,Is polyamory allowed in the Catholic Church?,"A central tenet of the Catholic Church is a one-to-one match between man and woman. The ten commandments claim that ""coveting your neighbors wife"" is a sin.",No,StrategyQA,commonsense_reasoning
Read the question and supporting facts carefully. Reason about the information and answer with Yes or No.,Would Alexander Hamilton have known about koalas?,Alexander Hamilton died in 1804. The first published depiction of a koala was in 1810.,No,StrategyQA,commonsense_reasoning
Read the question and supporting facts carefully. Reason about the information and answer with Yes or No.,"In order to work in district management, does one need a car?",District managers are responsible for supervising many stores within an area. District managers must travel to the various stores they supervise to ensure peak performance.,Yes,StrategyQA,commonsense_reasoning
Read the question and supporting facts carefully. Reason about the information and answer with Yes or No.,Will more people go in and out of Taco Bell than a Roy Rogers each year?,"Taco Bell has over 7,072 restaurants as of 2018. Roy Rogers had over 600 restaurants at its peak. Roy Rogers has 48 locations as of 2019.",Yes,StrategyQA,commonsense_reasoning
Read the question and supporting facts carefully. Reason about the information and answer with Yes or No.,Could Edward Snowden join MENSA?,"Snowden scored above 145 on two separate IQ tests. The minimum accepted IQ score for MENSA on the Stanford–Binet is 132, while for the Cattell it is 148.",Yes,StrategyQA,commonsense_reasoning
Read the question and supporting facts carefully. Reason about the information and answer with Yes or No.,Were paparazzi involved in the death of a member of the royal family?,Diana Spencer was being pursued by paparazzi when her vehicle was involved in a fatal accident. Diana Spencer was known as 'Princess Diana' and was the Princess of Wales.,Yes,StrategyQA,commonsense_reasoning
Read the question and supporting facts carefully. Reason about the information and answer with Yes or No.,Does Ariana Grande's signature style combine comfort items and high fashion?,"Ariana Grande's signature style is a long, over-sized pullover sweater with thigh high heels. Oversized pullovers are considered lounge wear, for relaxing at home in.  High heels are associated with high style. ",Yes,StrategyQA,commonsense_reasoning
Read the question and supporting facts carefully. Reason about the information and answer with Yes or No.,Is the Federal Reserve a quick walk from Space Needle?,"The Federal Reserve building is headquartered in Washington, D.C. The Space Needle is located in Seattle, Washington. There are over 2700 miles from Seattle, Washington to Washington, D.C.",No,StrategyQA,commonsense_reasoning
Read the question and supporting facts carefully. Reason about the information and answer with Yes or No.,"While on a liquid diet, are there some types of soup you cannot eat?",Italian wedding soup has large chunks including meatballs and pasta which require chewing. Chicken Noodle soup has chunks of chicken and large noodles in it that require chewing.,Yes,StrategyQA,commonsense_reasoning
Read the question and supporting facts carefully. Reason about the information and answer with Yes or No.,Would a Bengal cat be afraid of catching a fish?,Fish live in water.  Many Bengal owners say that their Bengal naturally retrieves items. Bengal cats often enjoy playing in water.,No,StrategyQA,commonsense_reasoning
Read the question and supporting facts carefully. Reason about the information and answer with Yes or No.,Would a monkey outlive a human being on average?,The average human lifespan is 79 years. The longest-lived monkey species have a lifespan about 45-50 years in captivity.,No,StrategyQA,commonsense_reasoning
Read the question and supporting facts carefully. Reason about the information and answer with Yes or No.,Did the death of Helen Palmer have a significant effect on Dr. Seuss?,Dr. Seuss's real name was Theodor Geisel. Theodor Geisel was married to Helen Palmer at the time of her suicide. Theodor Geisel is quoted having said he considered suicide after the death of his wife.,Yes,StrategyQA,commonsense_reasoning
Read the question and supporting facts carefully. Reason about the information and answer with Yes or No.,Do restaurants associate meatballs with the wrong country of origin?,"Spaghetti and meatballs are a staple on Italian pizzeria menus in the US. The Olive Garden, an Italian family restaurant, has several dishes with meatballs. Meatballs originated in the Chinese Qin dynasty (221 BC to 207 BC).",Yes,StrategyQA,commonsense_reasoning
Read the question and supporting facts carefully. Reason about the information and answer with Yes or No.,Are Donkeys part of Christmas celebrations?,"""Dominic The Donkey"" is a popular Christmas song. ""Nestor The Ling Eared Christmas Donkey"" is a popular Christmas Movie.",Yes,StrategyQA,commonsense_reasoning
Read the question and supporting facts carefully. Reason about the information and answer with Yes or No.,Has CNES planted a French flag on the lunar surface?,The lunar surface is on the moon. CNES has not sent a person to the moon.,No,StrategyQA,commonsense_reasoning
Read the question and supporting facts carefully. Reason about the information and answer with Yes or No.,Does Happy Gilmore Productions CEO own a Torah?,The CEO of Happy Gilmore Productions is Adam Sandler. Adam Sandler's religious beliefs are Judaism.  The Torah is the first part of the bible in Judaism.,Yes,StrategyQA,commonsense_reasoning
Read the question and supporting facts carefully. Reason about the information and answer with Yes or No.,Was the Parc des Princes fully operational during June of 2020?,"June of 2020 was marked by a global pandemic. During a global pandemic, large events are not permitted to proceed fully.",No,StrategyQA,commonsense_reasoning
Read the question and supporting facts carefully. Reason about the information and answer with Yes or No.,Did the band Led Zeppelin own a prime number of gilded gramophones?,5 is a prime number A Grammy Award trophy is a gilded gramophone Led Zeppelin won 5 Grammy Awards,Yes,StrategyQA,commonsense_reasoning
Read the question and supporting facts carefully. Reason about the information and answer with Yes or No.,Did the butler Eugene Allen retire the same year a centuries-old war ended?,Eugene Allen was a butler at the White House for 34 years until 1986 The United Kingdom and the Kingdom of the Netherlands ended the Three Hundred and Thirty Five Years' Warnin 1986,Yes,StrategyQA,commonsense_reasoning
Read the question and supporting facts carefully. Reason about the information and answer with Yes or No.,Could Bernie Sanders visit the Metropolitan Museum of Art twenty times for under two hundred dollars?,"Bernie Sanders is a senior citizen Senior citizens from outside NY, NJ, or CT must pay $17 per visit",No,StrategyQA,commonsense_reasoning
Read the question and supporting facts carefully. Reason about the information and answer with Yes or No.,Is the Holy Land important to Eastern religions?,"Eastern religions include Hinduism, Buddhism, and Shintoism. Hinduism recognizes seven Holy Cities which are Ayodhya, Mathura, Haridwar, Varanasi, Kanchipuram, Dvaraka and Ujjain. Bodh Gaya: (in the current Mahabodhi Temple, Bihar, India), is the most important religious site and place of pilgrimage for Buddhists. The most sacred Shinto shrine is located in the city of Ise, within the Shima Peninsula of Japan.",No,StrategyQA,commonsense_reasoning
Read the question and supporting facts carefully. Reason about the information and answer with Yes or No.,"When en route from China to France, must pilots know their altitude in the imperial foot?",Most international airports and aviators use the foot to measure altitude  China and North Korea require pilots to use meters for altitude Pilots must communicate their altitude with local air traffic control ,Yes,StrategyQA,commonsense_reasoning
Read the question and supporting facts carefully. Reason about the information and answer with Yes or No.,Does the United States Department of Education oversee services benefiting undocumented migrants? ,The United States Department of Education oversees public education across the United States. Public education is a service. Public education services are given to students of migrant families that may be undocumented.,Yes,StrategyQA,commonsense_reasoning
Read the question and supporting facts carefully. Reason about the information and answer with Yes or No.,Does the FDA require sell by dates using Roman Numerals?,There are no requirements for food to have sell by dates.  Sell by dates on most food items are written using arabic numerals.,No,StrategyQA,commonsense_reasoning
Read the question and supporting facts carefully. Reason about the information and answer with Yes or No.,Would you be more likely to die of hypothermia in New York than Florida?,Central New York Winters are between 12-30 degrees Fahrenheit. Florida winters are between 65 and 77 degrees Fahrenheit.,Yes,StrategyQA,commonsense_reasoning
Read the question and supporting facts carefully. Reason about the information and answer with Yes or No.,Are coopers required in the beverage industry?,Coopers make barrels. Barrels are used to store certain alcoholic beverages during production.,Yes,StrategyQA,commonsense_reasoning
Read the question and supporting facts carefully. Reason about the information and answer with Yes or No.,Did Dale Jr hug his dad after their last Daytona 500 together?,Dale Jr. and his father Dale Sr. last raced together at the Daytona 500 in 2001. During the 2001 Daytona 500 Dale Sr. suffered a basilar skull fracture and died. ,No,StrategyQA,commonsense_reasoning
Read the question and supporting facts carefully. Reason about the information and answer with Yes or No.,Could Brooke Shields succeed at University of Pennsylvania?,Brooke Shields graduated from Princeton University. Princeton is ranked as the number 1 national college by US news. University of Pennsylvania is ranked as number 6 national college by US news. Princeton only admits around 6 percent of applicants as of 2018. University of Pennsylvania accepts around 9% of applicants as of 2018.,Yes,StrategyQA,commonsense_reasoning
Read the question and supporting facts carefully. Reason about the information and answer with Yes or No.,Can a microwave melt a Toyota Prius battery?,A Toyota Prius uses a 202 V nickel-metal hydride battery. Nickel has a melting point of 2651 F. Microwaves rarely warm food more than 212 F.,No,StrategyQA,commonsense_reasoning
Read the question and supporting facts carefully. Reason about the information and answer with Yes or No.,Did travelers sing sea shanties on the Oregon Trail?,Sea shanties are sung on seaborne vessels The Oregon Trail was a land-based emigration trail,No,StrategyQA,commonsense_reasoning
Read the question and supporting facts carefully. Reason about the information and answer with Yes or No.,Did Gladiator's weapon of choice require less hands than Soul Calibur's Faust?,Faust is a zweihander sword in the Soul Calibur video game series. A zweihander is a giant sword that requires two hands to wield. Gladiators used the Gladius which was a short one handed sword.,Yes,StrategyQA,commonsense_reasoning
Read the question and supporting facts carefully. Reason about the information and answer with Yes or No.,Would an ethics professor teach a class on Cezanne?,Cezanne was an Impressionist painter Aesthetics is the branch of philosophy that deals with the arts,No,StrategyQA,commonsense_reasoning
Read the question and supporting facts carefully. Reason about the information and answer with Yes or No.,Did a gladiator kill his opponent with a shotgun?,"The gladiator games lasted for nearly a thousand years, reaching their peak between the 1st century BC and the 2nd century AD. The gladiator games finally declined during the early 5th century. The shotgun was not invented until approximately the 18th century.",No,StrategyQA,commonsense_reasoning
Read the question and supporting facts carefully. Reason about the information and answer with Yes or No.,Is purchasing food for a Lolcat unnecessary?,"An image macro is a piece of digital media featuring a picture, or artwork, superimposed with some form of text. Food is any substance consumed to provide nutritional support for an organism. An organism is any individual entity that embodies the properties of life. Digital media does not embody the properties of life.",Yes,StrategyQA,commonsense_reasoning
Read the question and supporting facts carefully. Reason about the information and answer with Yes or No.,Is double duty an incorrect phrase for host of Dancing With The Stars?,Double duty refers to having more than one job at the same time. The host of Dancing WIth The Stars is Tom Bergeron. Tom Bergeron is the host of America's Funniest Home Videos.,No,StrategyQA,commonsense_reasoning
Read the question and supporting facts carefully. Reason about the information and answer with Yes or No.,Could Scooby Doo fit in a kangaroo pouch?,Scooby Doo is a fictional cartoon Great Dane. Great Danes can be 30-34 inches in height. Kangaroo babies can fit in their mother's pouch until they're 10 weeks of age. A 10 week old kangaroo is much smaller than a Great Dane.,No,StrategyQA,commonsense_reasoning
Read the question and supporting facts carefully. Reason about the information and answer with Yes or No.,Do Koalas prefer Eucalyptus over meat?,Koalas are herbivores. Koalas main dietary staple is eucalyptus ,Yes,StrategyQA,commonsense_reasoning
Read the question and supporting facts carefully. Reason about the information and answer with Yes or No.,Did England win any Olympic gold medals in 1800?,Olympic medals can only be won during the Olympics. The Olympics were first held in 1896.,No,StrategyQA,commonsense_reasoning
Read the question and supporting facts carefully. Reason about the information and answer with Yes or No.,"Do Star Wars fans say ""beam me up"" often?","Beam me up is an expression from Star Trek. Much to the annoyance of fans, Star Trek and Star Wars are often confused for one another. ",No,StrategyQA,commonsense_reasoning
Read the question and supporting facts carefully. Reason about the information and answer with Yes or No.,Would most children be up past their bedtime if they were watching Conan O'Brien?,Conan O'Brien airs at 11 PM.  It is recommended that children are in bed before 10PM.,Yes,StrategyQA,commonsense_reasoning
Read the question and supporting facts carefully. Reason about the information and answer with Yes or No.,Was Jackson Pollock straight edge?,Jackson Pollock was a famous painter. Straight Edge is a punk inspired lifestyle who's adherents abstain from alcohol and drugs. Jackson Pollock was an alcoholic. Jackson Pollock died in a car crash while driving under the influence of alcohol.,No,StrategyQA,commonsense_reasoning
Read the question and supporting facts carefully. Reason about the information and answer with Yes or No.,Did Clark Gable appear in any movies scored by John Williams?,Clark Gable died in 1960. John Williams scored his first movie in 1961.,No,StrategyQA,commonsense_reasoning
Read the question and supporting facts carefully. Reason about the information and answer with Yes or No.,Would an adherent of Zoroastrianism consult the Quran for religious guidance?,The Quran is the central religious text of Islam Zoroastrianism is an ancient religion predating Islam by several centuries,No,StrategyQA,commonsense_reasoning
Read the question and supporting facts carefully. Reason about the information and answer with Yes or No.,Do drag kings take testosterone to look masculine?,"Drag Kings will use contouring and makeup to make their facial features appear more masculine and chiseled.  Testosterone is prescribed for transgender men to help with transitioning and dysphoria. Drag kings often identify as women, but dress as men for show.",No,StrategyQA,commonsense_reasoning
Read the question and supporting facts carefully. Reason about the information and answer with Yes or No.,Could Robert Wadlow hypothetically see Frankenstein's monster's bald spot from above?,"The monster in Mary Shelley's novel, Frankenstein, was said to be 8 feet tall. Robert Wadlow was the world's tallest man. Robert Wadlow was 8 feet 11.1 inches tall.",Yes,StrategyQA,commonsense_reasoning
Read the question and supporting facts carefully. Reason about the information and answer with Yes or No.,Will 2020 elephant pregnancy last past next year with 4 solar eclipses?,The gestation period of elephants are around 95 weeks. The year 2029 is the next year with 4 solar eclipses.,No,StrategyQA,commonsense_reasoning
Read the question and supporting facts carefully. Reason about the information and answer with Yes or No.,Was Nikola Tesla's home country involved in the American Civil War?,Nikola Tesla was born in the Austrian Empire The American Civil War was a domestic American conflict,No,StrategyQA,commonsense_reasoning
Read the question and supporting facts carefully. Reason about the information and answer with Yes or No.,Does New York Harbor sit on a craton without volcanic activity?,New York Harbor is located on Laurentia craton.  The southwestern portion of Laurentia contains numerous large volcanic eruptions.,No,StrategyQA,commonsense_reasoning
Read the question and supporting facts carefully. Reason about the information and answer with Yes or No.,Does James Watson believe that Africans are inferior to Europeans?,"James Watson is a geneticist, who believes in his own work. James Watson is quoted as saying that genetic testing ""proves"" that Africans aren't as smart.",Yes,StrategyQA,commonsense_reasoning
Read the question and supporting facts carefully. Reason about the information and answer with Yes or No.,Did Julius Caesar read books on Pharmacology?,Pharmacology has its origins in the Middle Ages. The Middle Ages took place from 476 AD-1453 AD. Julius Caesar lived from 100 BC-44 BC.,No,StrategyQA,commonsense_reasoning
Read the question and supporting facts carefully. Reason about the information and answer with Yes or No.,Did a Polish poet write sonnets about Islamic religion?,Adam Mickiewicz was a Polish poet.  Adam Mickiewicz 's sonnet sequence focuses heavily on the culture and Islamic religion of the Crimean Tatars.,Yes,StrategyQA,commonsense_reasoning
Read the question and supporting facts carefully. Reason about the information and answer with Yes or No.,Is the tongue part of a creature's head?,A creature's tongue is inside its mouth. A creature's mouth is part of its head.,Yes,StrategyQA,commonsense_reasoning
Read the question and supporting facts carefully. Reason about the information and answer with Yes or No.,Are any minor league baseball teams named after felines?,"Felines include cats, tigers, and lions. The Sacramento River Cats are a minor league baseball affiliate of the San Francisco Giants. The Tri-City Valley Cats are a minor league baseball affiliate of the Houston Astros. The Lakeland Flying Tigers are a minor league baseball affiliate of the Detroit Tigers.",Yes,StrategyQA,commonsense_reasoning
Read the question and supporting facts carefully. Reason about the information and answer with Yes or No.,Did Electronic Arts profit from Metroid sales?,Metroid was created and published by Nintendo. Electronic Arts is a video game company that is a competitor to Nintendo. Companies cannot profit of the work owned by another company typically. Companies do not typically share profits with their competitors.,No,StrategyQA,commonsense_reasoning
Read the question and supporting facts carefully. Reason about the information and answer with Yes or No.,Would P. G. Wodehouse be taught in second grade?,Second graders are often aged seven or eight. The works of Wodehouse are intended for an adult audience.,No,StrategyQA,commonsense_reasoning
Read the question and supporting facts carefully. Reason about the information and answer with Yes or No.,Did Mike Tyson train to use the gogoplata?,Mike Tyson is a boxer The gogoplata is a chokehold used in mixed martial arts and various submission grappling disciplines,No,StrategyQA,commonsense_reasoning
Read the question and supporting facts carefully. Reason about the information and answer with Yes or No.,Was Ariana Grande inspired by Imogen Heap?,"Ariana Grande's song 'Goodnight And Go' uses a sample from a track of the same name. ""Goodnight and Go"" is originally an Imogen Heap song.",Yes,StrategyQA,commonsense_reasoning
Read the question and supporting facts carefully. Reason about the information and answer with Yes or No.,Will the producer of Easy Rider become an octogenarian in 2021?,The producer of Easy Rider was Peter Fonda. Peter Fonda died in 2019 at the age of 79. An octogenarian is someone who is between 80 and 89 years old and is still alive.,No,StrategyQA,commonsense_reasoning
Read the question and supporting facts carefully. Reason about the information and answer with Yes or No.,Can Planned Parenthood tell your University that you have Herpes simplex virus?,Planned Parenthood specializes in reproductive healthcare. Planned Parenthood practitioners are bound by HIPAA to not disclose any patient information. ,No,StrategyQA,commonsense_reasoning
Read the question and supporting facts carefully. Reason about the information and answer with Yes or No.,Does Ludacris perform classical music?,Ludacris is a rap artist. Rap and hip hop music are not related to classical music.,No,StrategyQA,commonsense_reasoning
Read the question and supporting facts carefully. Reason about the information and answer with Yes or No.,Could Larry King's marriages be counted on two feet?,The typical person has 10 toes spread across their two feet. Larry King has been married 8 times. You can count each marriage on each toe.,Yes,StrategyQA,commonsense_reasoning
Read the question and supporting facts carefully. Reason about the information and answer with Yes or No.,Did any of the amazons on Xena: Warrior Princess star on later shows?,"Xena"" Warrior Princess was a fantasy TV series based on Greek mythology. Amazons on Xena: Warrior Princess were played by numerous actresses including: Danielle Cormack and Melinda Clarke. Melinda Clarke starred in numerous TV shows after Xena: Warrior Princess including The O.C. and Nikita.",Yes,StrategyQA,commonsense_reasoning
Read the question and supporting facts carefully. Reason about the information and answer with Yes or No.,Would Taylor Swift refer to Snoopy as oppa?,Oppa is a Korean word used by women to address a man who is 10 or more years older than her Snoopy is 47 years old Taylor Swift is 30 years old,Yes,StrategyQA,commonsense_reasoning
Read the question and supporting facts carefully. Reason about the information and answer with Yes or No.,Can a Reconstruction era coin buy DJI Mavic Pro Drone?,"The DJI Mavic Pro Drone retails for around $1,000 dollars. THE Reconstruction Era took place from 1865-1877. Mint condition 1870 Seated Liberty Silver Dollar's can sell for between $2,283 to $4,933.",Yes,StrategyQA,commonsense_reasoning
Read the question and supporting facts carefully. Reason about the information and answer with Yes or No.,Can dementia be cured with a cast?,Dementia refers to various disorders of the brain. Casts are used to help treat broken bones. The brain does not contain any bones.,No,StrategyQA,commonsense_reasoning
Read the question and supporting facts carefully. Reason about the information and answer with Yes or No.,Would multiple average rulers be necessary to measure the length of a giant armadillo?,"The average ruler is 12 inches or 30 centimeters in length. The typical length of the giant armadillo is 75–100 cm (30–39 in), with the tail adding another 50 cm (20 in).",Yes,StrategyQA,commonsense_reasoning
Read the question and supporting facts carefully. Reason about the information and answer with Yes or No.,Are Citizens of Bern Switzerland are descendants of Genghis Khan?,"Genghis Khan had sixteen children. 1 in 200 men are direct descendants of Genghis Khan. Switzerland has a large Asian immigration population which was around 19,000 in 2018.",Yes,StrategyQA,commonsense_reasoning
Read the question and supporting facts carefully. Reason about the information and answer with Yes or No.,Did Leonardo da Vinci lack contemporary peers in his home city?,"Leonardo da Vinci was born in Anchiano, a town in the city of Florence. Da Vinci lived during the 15th and 16th century. Sandro Boticelli was a Florentine artist 15th and 16th century. Donatello was a Florentine artist during the 15th century.",No,StrategyQA,commonsense_reasoning
Read the question and supporting facts carefully. Reason about the information and answer with Yes or No.,Has Gorillaz creator been in more bands than Bernard Sumner?,"Gorillaz was created by Damon Albarn. Damon Albarn has been in five bands: Gorillaz, Blur, The Good, the Bad & the Queen, Elastica, and DRC Music. Bernard Sumner has been in three bands: New Order, Joy Division, and Electronic, Bad Lieutenant.",Yes,StrategyQA,commonsense_reasoning
Read the question and supporting facts carefully. Reason about the information and answer with Yes or No.,Is a Chinchilla breed of felis catus a type of rodent?,A Chinchilla is a rodent native to the Andes mountains. Felis catus is the scientific name for a cat. The Chinchilla breed of cats is named for its plush coat which shares similarities to the Chinchilla. The Chinchilla cat is really a variant of the Persian breed of cats.,No,StrategyQA,commonsense_reasoning
Read the question and supporting facts carefully. Reason about the information and answer with Yes or No.,Did Nine Inch Nails inspire Aretha Franklin's sound?,Nine Inch Nails is a industrial heavy rock band. Aretha Franklin was a soul and R&B singer. Aretha Franklin began singing in a gospel choir. Nine Inch Nails lyrics have been described as profane and anti-God.,No,StrategyQA,commonsense_reasoning
Read the question and supporting facts carefully. Reason about the information and answer with Yes or No.,Could a dandelion suffer from hepatitis?,Only creatures that contain a liver can suffer from hepatitis. The liver is an organ only found in vertebrates. Vertebrates exist in the kingdom Animalia. Dandelions are plants in the kingdom Plantae.,No,StrategyQA,commonsense_reasoning
Read the question and supporting facts carefully. Reason about the information and answer with Yes or No.,Can a believer in agnosticism become pope?,The pope is the head of the Catholic Church. The pope is required to be a devout follower of Christ. Popes preach about the teachings of Christ and the belief in one god. Agnostics do not acknowledge the existence of god and instead state that no one knows if there is a god or not.,No,StrategyQA,commonsense_reasoning
Read the question and supporting facts carefully. Reason about the information and answer with Yes or No.,Has Ringo Starr been in a relatively large number of bands?,"RIngo Starr has been in three bands besides the Beatles. Mike Patton, lead singer of Faith No More, has been in at least 12 bands. Dave Grohl, lead singer of the Foo Fighters, has played in over 10 bands.",No,StrategyQA,commonsense_reasoning
Read the question and supporting facts carefully. Reason about the information and answer with Yes or No.,Did Joan Crawford guest star on  JAG (TV series)?,JAG began airing in 1995. Joan Crawford died in 1977.,No,StrategyQA,commonsense_reasoning
Read the question and supporting facts carefully. Reason about the information and answer with Yes or No.,Does open heart surgery finish before entirety of American Ballet Theatre's Swan Lake?,"The American Ballet theatre's Swan Lake has a run time of 145 minutes. The National Heart, Lung, and Blood Institute states that a coronary artery bypass takes 3 to 6 hours",No,StrategyQA,commonsense_reasoning
Read the question and supporting facts carefully. Reason about the information and answer with Yes or No.,Are sesame seeds glued onto hamburger buns?,Glue is toxic and not used in food production. Sesame seeds add texture and visual appeal to hamburger buns. Beaten eggwhites are often used to adhere foods to other foods. ,No,StrategyQA,commonsense_reasoning
Read the question and supporting facts carefully. Reason about the information and answer with Yes or No.,Does Lemon enhance the flavor of milk?,"When milk becomes acidic, the water and fats separate from each other. When the water and fats separate in milk, it becomes clumpy and has a bad texture. Lemon is highly acidic.",No,StrategyQA,commonsense_reasoning
Read the question and supporting facts carefully. Reason about the information and answer with Yes or No.,Do people associate greyhounds with the movie 'Homeward Bound'?,The movie homeward bound features a golden retriever.  The movie homeward bound features a pit bull type dog. There are no greyhounds in homeward bound.,No,StrategyQA,commonsense_reasoning
Read the question and supporting facts carefully. Reason about the information and answer with Yes or No.,Can the theory of cultural hegemony explain global warming?,Cultural hegemony is a theory of social and cultural dominance rooted in Marxism Marxism is a philosophy with applications in the social sciences and humanities Global warming is a phenomenon dealt with by environmental science,No,StrategyQA,commonsense_reasoning
Read the question and supporting facts carefully. Reason about the information and answer with Yes or No.,Could a sloth hypothetically watch an entire episode of Scrubs underwater?,Sloths can hold their breath underwater for up to 40 minutes. The running time of a Scrubs episode is between 20-23 minutes.,Yes,StrategyQA,commonsense_reasoning
Read the question and supporting facts carefully. Reason about the information and answer with Yes or No.,Is August a winter month for part of the world?,"August is a summer month in the northern hemisphere. However, the seasons are opposite south of the Equator. August is in the middle of winter for Australia, Antarctica, and parts of Africa and South America.",Yes,StrategyQA,commonsense_reasoning
Read the question and supporting facts carefully. Reason about the information and answer with Yes or No.,Is Lines on the Antiquity of Microbes briefer than any haiku?,"A haiku is a short Japanese poem that follows a 5, 7, 5 syllable structure. Lines on the Antiquity of Microbes, also known simply as Fleas is said to be the shortest poem written. Lines on the Antiquity of Microbes is made of one brief phrase: Adam. Had 'em.",Yes,StrategyQA,commonsense_reasoning
Read the question and supporting facts carefully. Reason about the information and answer with Yes or No.,Was the Louisiana Purchase made with bitcoin?,Bitcoin was launched as a currency in 2009. The Louisiana Purchase was in 1803.,No,StrategyQA,commonsense_reasoning
Read the question and supporting facts carefully. Reason about the information and answer with Yes or No.,Will a celibate cleric likely suffer a stoning in Somalia?,A cleric is the term for a Muslim priest. Celibate people remain chaste and do not engage in relations with others. Stoning is a penalty in Somalia used to punish adulterers. Many Islamic militants have been in control of various parts of Somalia.,No,StrategyQA,commonsense_reasoning
Read the question and supporting facts carefully. Reason about the information and answer with Yes or No.,Can an Asian black bear use chopsticks?,Asian black bear are a species of bear found in asia.  Asian black bear don't have opposable thumbs Chopsticks are eating utensils use requires opposable thumbs.,No,StrategyQA,commonsense_reasoning
Read the question and supporting facts carefully. Reason about the information and answer with Yes or No.,Is the Mona Lisa based on a real person?,"There are two main theories about the origin of the Mona Lisa. The first is that a wealthy noblewoman, the wife of one of Leonardo's friends, sat as the model. Another popular theory is that Leonardo painted her as a cross-gendered self portrait.",Yes,StrategyQA,commonsense_reasoning
Read the question and supporting facts carefully. Reason about the information and answer with Yes or No.,Will AC/DC album sales buy more B-52 bombers than Lil Wayne's?,The B-52 bomber plane cost 60 million dollars in 2018. AC/DC has sold over 200 million albums. Lil Wayne has sold 120 million records worldwide.,Yes,StrategyQA,commonsense_reasoning
Read the question and supporting facts carefully. Reason about the information and answer with Yes or No.,Is shoe soup innocuous?,Soup is a primarily liquid food containing various meats and beans. Director Werner Herzog lost a bet and cooked his shoe into a soup and ate it in 1980. Werner Herzog turned 77 in 2019 and had a role in the hit TV series the Mandalorian.,Yes,StrategyQA,commonsense_reasoning
Read the question and supporting facts carefully. Reason about the information and answer with Yes or No.,Should you be skeptical of a 21 year old claiming to have a doctorate?,The average age that someone gets their doctorate at is 33.  A doctorate takes an average of 8.5 years.,Yes,StrategyQA,commonsense_reasoning
Read the question and supporting facts carefully. Reason about the information and answer with Yes or No.,Is slitting your wrists an unreliable suicide method?,Wrist slitting has only a 6% mortality rate. Many people cannot complete the action of slitting their wrists due to pain or shock.,Yes,StrategyQA,commonsense_reasoning
Read the question and supporting facts carefully. Reason about the information and answer with Yes or No.,Would WWF be angrier if you killed koala instead of black swan?,The WWF is an international organization that works for the preservation of animals. Black swans are designated as least concern species meaning they are not close to being endangered. Koalas are designated as  vulnerable to extinction—just a step above endangered.,Yes,StrategyQA,commonsense_reasoning
Read the question and supporting facts carefully. Reason about the information and answer with Yes or No.,Is groundhog day used as a global season indicator? ,Groundhog Day is an American tradition that occurs on February 2nd.  Groundhog Day derives from a superstition that if a groundhog sees it's shadow it will mean there are six more weeks of winter. People living in the southern hemisphere of the world experience summer while the people in the north experience winter. Different global cultures define the dates of seasons differently.,No,StrategyQA,commonsense_reasoning
Read the question and supporting facts carefully. Reason about the information and answer with Yes or No.,Would Elon Musk be more likely to know about astrology than physics?,Elon Musk is a businessman and engineer with a bachelor's degree and unfinished Ph.D. in physics Engineering is based on principles of applied physics Astrology is not a form of science or applied science,No,StrategyQA,commonsense_reasoning
Read the question and supporting facts carefully. Reason about the information and answer with Yes or No.,Does a person suffering from Thalassophobia enjoy oceanography?,"Thalassophobia is a deep and persistent fear of the sea. Oceanography is the study of bodies of water. Oceanographers frequently observe and interact with bodies of water such as lakes, seas, and oceans.",No,StrategyQA,commonsense_reasoning
Read the question and supporting facts carefully. Reason about the information and answer with Yes or No.,Were there eight humans on Noah's Ark?,"Noah only took his family aboard the Ark. Noah brought his wife, three sons, and his sons' wives. Four couples lived on the Ark, eight total people.",Yes,StrategyQA,commonsense_reasoning
Read the question and supporting facts carefully. Reason about the information and answer with Yes or No.,Is jalapeno heat outclassed by Bhut jolokia?,"The Scoville scale measures how hot peppers are. The jalapeno pepper has a Scoville scale rating of between 3,500 and 3,600 SHU (Scoville Heat Units). The Bhut jolokia (ghost pepper) has a Scoville scale rating of 1 million SHU (Scoville Heat Units).",Yes,StrategyQA,commonsense_reasoning
Read the question and supporting facts carefully. Reason about the information and answer with Yes or No.,Can someone from New England profit by growing coffee?,Coffee can only be grown in subtropical and equatorial climates New England is located in a humid continental climate,No,StrategyQA,commonsense_reasoning
Read the question and supporting facts carefully. Reason about the information and answer with Yes or No.,Did P. G. Wodehouse like the internet as a child?,P. G. Wodehouse was born in 1881. The internet was not conceived of until 1965. ,No,StrategyQA,commonsense_reasoning
Read the question and supporting facts carefully. Reason about the information and answer with Yes or No.,Was Al-Farabi a student of the Great Sheikh?,The Great Sheikh was the name for Avicenna Avicenna was born in 980 Al Farabi died around 950 ,No,StrategyQA,commonsense_reasoning
Read the question and supporting facts carefully. Reason about the information and answer with Yes or No.,Are Christmas trees dissimilar to deciduous trees?,Christmas trees are usually pine trees. Pine trees keep their needles all year round.,Yes,StrategyQA,commonsense_reasoning
Read the question and supporting facts carefully. Reason about the information and answer with Yes or No.,Did Confederate States Army influence West Point fashion?,"The Confederate States Army was clad in cadet gray uniforms. West Point uniforms are cadet gray and white. Confederate States Army uniforms contained Generally, the uniform jacket of the Confederate soldier was single breasted, made of gray or brown fabric, with a six to nine button front and hat.  West Point uniforms contain a standing collar, white trousers, and black shakos (known as a ""tarbucket hat"" in U.S. Army nomenclature).",Yes,StrategyQA,commonsense_reasoning
Read the question and supporting facts carefully. Reason about the information and answer with Yes or No.,Does the art from Family Guy look a lot like the art in American Dad?,Family Guy and American Dad are both Fox Animated Sitcoms animated by Seth MacFarlane. Family Guy and American Dad characters all share common facial features and movement styles.,Yes,StrategyQA,commonsense_reasoning
Read the question and supporting facts carefully. Reason about the information and answer with Yes or No.,Does Paulo Coelho's wife make a living through speech?,"Paulo Coelho's wife is Christina Oiticica. Christina Oiticica is a Brazilian artist. Artists make a living through drawing things, which is done by their hands. Speech is typically performed with one's mouth.",No,StrategyQA,commonsense_reasoning
